{
	"type": "FeatureCollection",
	"source": "OpenStreetMap contributors via Overpass API (ODbL)",
	"generated": "2026-05-10T15:45:02.000Z",
	"features": [
		{
			"type": "Feature",
			"properties": {
				"slug": "viarhona",
				"title": "ViaRhôna",
				"osmRelation": 6621429,
				"lengthKm": 931.9
			},
			"geometry": {
				"type": "MultiLineString",
				"coordinates": [
					[
						[4.813807, 45.184452],
						[4.813683, 45.184407]
					],
					[
						[4.813881, 45.184568],
						[4.813807, 45.184452]
					],
					[
						[4.813467, 45.184345],
						[4.813096, 45.18428]
					],
					[
						[4.813618, 45.184391],
						[4.813467, 45.184345]
					],
					[
						[4.813467, 45.184345],
						[4.81361, 45.184309]
					],
					[
						[4.810476, 45.183782],
						[4.8098, 45.183673]
					],
					[
						[5.705659, 45.737261],
						[5.704255, 45.737764]
					],
					[
						[6.146581, 46.206683],
						[6.146609, 46.206624]
					],
					[
						[5.865023, 46.061451],
						[5.865001, 46.061401]
					],
					[
						[5.838351, 45.850475],
						[5.838406, 45.850565],
						[5.83835, 45.850658],
						[5.838217, 45.850693],
						[5.838093, 45.850655],
						[5.838043, 45.850584],
						[5.838081, 45.850487],
						[5.838224, 45.850439],
						[5.838351, 45.850475]
					],
					[
						[5.83787, 45.850575],
						[5.837237, 45.850607],
						[5.835391, 45.85055],
						[5.834833, 45.850596]
					],
					[
						[5.84403, 45.880269],
						[5.844044, 45.880184],
						[5.844157, 45.880193],
						[5.84414, 45.88028],
						[5.84403, 45.880269]
					],
					[
						[6.14252, 46.208058],
						[6.143217, 46.207524]
					],
					[
						[4.840934, 45.762871],
						[4.840954, 45.763675]
					],
					[
						[4.843718, 45.778045],
						[4.843621, 45.777624],
						[4.84372, 45.777166]
					],
					[
						[5.972713, 46.149499],
						[5.97177, 46.148701],
						[5.969907, 46.147469],
						[5.9695, 46.14713]
					],
					[
						[6.125837, 46.200918],
						[6.125317, 46.200082]
					],
					[
						[4.843941, 45.778392],
						[4.844827, 45.779744],
						[4.846437, 45.781484],
						[4.846887, 45.782157],
						[4.847257, 45.782572],
						[4.847836, 45.783107],
						[4.848727, 45.783751],
						[4.850717, 45.78488],
						[4.851342, 45.785156],
						[4.853121, 45.785757],
						[4.854664, 45.786106]
					],
					[
						[4.895442, 45.784438],
						[4.895092, 45.784339],
						[4.895051, 45.784366]
					],
					[
						[4.934187, 45.803168],
						[4.934291, 45.803115],
						[4.934403, 45.802939],
						[4.934956, 45.802795],
						[4.935147, 45.802476]
					],
					[
						[4.964749, 45.797884],
						[4.964787, 45.797733],
						[4.964904, 45.79761]
					],
					[
						[4.964904, 45.79761],
						[4.967558, 45.797333],
						[4.968596, 45.797447],
						[4.968697, 45.797491],
						[4.96893, 45.797881],
						[4.969178, 45.797897],
						[4.969946, 45.797813]
					],
					[
						[6.01622, 46.192932],
						[6.016553, 46.193067],
						[6.016881, 46.193045]
					],
					[
						[5.347531, 45.883417],
						[5.347488, 45.884183]
					],
					[
						[5.347569, 45.881937],
						[5.347549, 45.882583]
					],
					[
						[4.889642, 44.935459],
						[4.889873, 44.935771]
					],
					[
						[4.889048, 44.933835],
						[4.888197, 44.93382],
						[4.88816, 44.933063],
						[4.887743, 44.9322]
					],
					[
						[6.000966, 46.177797],
						[6.000927, 46.177691],
						[6.000971, 46.177543]
					],
					[
						[6.001176, 46.16955],
						[6.000352, 46.169362],
						[5.999149, 46.168999]
					],
					[
						[5.984198, 46.168008],
						[5.983283, 46.167842],
						[5.982935, 46.167723],
						[5.982663, 46.167449],
						[5.982532, 46.166998],
						[5.982394, 46.165859],
						[5.98244, 46.165429],
						[5.982529, 46.165062],
						[5.982884, 46.164363],
						[5.983054, 46.163806],
						[5.983104, 46.163418],
						[5.98311, 46.162515],
						[5.982873, 46.161799],
						[5.982737, 46.161169],
						[5.982699, 46.160174],
						[5.982587, 46.159633],
						[5.98269, 46.159023],
						[5.982911, 46.158792]
					],
					[
						[6.045929, 46.188068],
						[6.046092, 46.18799]
					],
					[
						[6.046163, 46.188009],
						[6.046411, 46.188017]
					],
					[
						[6.076478, 46.177088],
						[6.077786, 46.177239],
						[6.07815, 46.177353]
					],
					[
						[6.146623, 46.204942],
						[6.146529, 46.204731]
					],
					[
						[5.895203, 46.064256],
						[5.893242, 46.063767]
					],
					[
						[5.891495, 46.063397],
						[5.8914, 46.063284],
						[5.891463, 46.063237],
						[5.891581, 46.06326],
						[5.891652, 46.063332],
						[5.891603, 46.063401],
						[5.891495, 46.063397]
					],
					[
						[5.8914, 46.063284],
						[5.889157, 46.062713],
						[5.888101, 46.062618]
					],
					[
						[5.911525, 46.110415],
						[5.909376, 46.110802],
						[5.907785, 46.111426],
						[5.906883, 46.111857],
						[5.905164, 46.113127],
						[5.903534, 46.114427],
						[5.901576, 46.116815],
						[5.901159, 46.117231],
						[5.900879, 46.117264],
						[5.900486, 46.11711],
						[5.900224, 46.117063],
						[5.898916, 46.117046],
						[5.898581, 46.117106],
						[5.897746, 46.117389],
						[5.896804, 46.117345],
						[5.894714, 46.117721],
						[5.894337, 46.117663],
						[5.893915, 46.117492],
						[5.893821, 46.11738],
						[5.893764, 46.117141]
					],
					[
						[5.482612, 45.673279],
						[5.495338, 45.678961],
						[5.496099, 45.679458],
						[5.496414, 45.679719]
					],
					[
						[5.704255, 45.737764],
						[5.703772, 45.737971],
						[5.703357, 45.738268]
					],
					[
						[5.926458, 46.102278],
						[5.92637, 46.102377],
						[5.925613, 46.102844]
					],
					[
						[4.993409, 45.795391],
						[4.991867, 45.795679],
						[4.991473, 45.795703],
						[4.99085, 45.795664]
					],
					[
						[4.990954, 45.794787],
						[4.990858, 45.795542]
					],
					[
						[3.973926, 43.54761],
						[3.97239, 43.547107],
						[3.972018, 43.546444]
					],
					[
						[4.209675, 43.585984],
						[4.209599, 43.586233],
						[4.209625, 43.58636],
						[4.210043, 43.58691],
						[4.210064, 43.587333]
					],
					[
						[4.638351, 43.805849],
						[4.638687, 43.805891],
						[4.642213, 43.805401]
					],
					[
						[3.695104, 43.395224],
						[3.695156, 43.395466],
						[3.695342, 43.395818]
					],
					[
						[3.696134, 43.39732],
						[3.696326, 43.39761],
						[3.696664, 43.397793],
						[3.696871, 43.398213],
						[3.696874, 43.39848],
						[3.696743, 43.399004]
					],
					[
						[3.696134, 43.399102],
						[3.696274, 43.398333],
						[3.696263, 43.398033]
					],
					[
						[3.696263, 43.398033],
						[3.695535, 43.396371],
						[3.695061, 43.395755]
					],
					[
						[3.697383, 43.40174],
						[3.697529, 43.401742]
					],
					[
						[3.697529, 43.401742],
						[3.697786, 43.401779]
					],
					[
						[3.696867, 43.402399],
						[3.696654, 43.401691]
					],
					[
						[3.696997, 43.40246],
						[3.696867, 43.402399]
					],
					[
						[3.696738, 43.404159],
						[3.696891, 43.403338]
					],
					[
						[3.696953, 43.403011],
						[3.696997, 43.40246]
					],
					[
						[3.700927, 43.407964],
						[3.700827, 43.407979],
						[3.700711, 43.407922],
						[3.700741, 43.407784]
					],
					[
						[3.697721, 43.402541],
						[3.697786, 43.401779]
					],
					[
						[3.697354, 43.404308],
						[3.697721, 43.402541]
					],
					[
						[3.697354, 43.404308],
						[3.697318, 43.404425]
					],
					[
						[3.697132, 43.4053],
						[3.697186, 43.405427],
						[3.698868, 43.406169]
					],
					[
						[3.698868, 43.406169],
						[3.699129, 43.406287]
					],
					[
						[3.69945, 43.406437],
						[3.700704, 43.407031]
					],
					[
						[3.700704, 43.407031],
						[3.700946, 43.407187]
					],
					[
						[3.700935, 43.407294],
						[3.700946, 43.407187]
					],
					[
						[3.701003, 43.407861],
						[3.701288, 43.408081]
					],
					[
						[3.701288, 43.408081],
						[3.700927, 43.407964]
					],
					[
						[3.698715, 43.406915],
						[3.698413, 43.406745]
					],
					[
						[3.696861, 43.406618],
						[3.696701, 43.40679],
						[3.696527, 43.406816]
					],
					[
						[3.700741, 43.407784],
						[3.700481, 43.407674]
					],
					[
						[3.700481, 43.407674],
						[3.698911, 43.40697]
					],
					[
						[4.892086, 45.783981],
						[4.89191, 45.784086],
						[4.891762, 45.78427],
						[4.891654, 45.784286],
						[4.891613, 45.784216],
						[4.891878, 45.783903]
					],
					[
						[4.892507, 45.784462],
						[4.892194, 45.784481],
						[4.892161, 45.784445],
						[4.892142, 45.784331],
						[4.892257, 45.784178],
						[4.892086, 45.783981]
					],
					[
						[3.703405, 43.409059],
						[3.70299, 43.408839]
					],
					[
						[3.70299, 43.408839],
						[3.703427, 43.408966]
					],
					[
						[3.703554, 43.408956],
						[3.703606, 43.409016],
						[3.703569, 43.409082]
					],
					[
						[5.205263, 45.768899],
						[5.205023, 45.768872],
						[5.204391, 45.768979],
						[5.203977, 45.768991]
					],
					[
						[5.203977, 45.768991],
						[5.205209, 45.768735]
					],
					[
						[5.203977, 45.768991],
						[5.202769, 45.76906]
					],
					[
						[3.793947, 43.495559],
						[3.793582, 43.495747]
					],
					[
						[4.767355, 45.32696],
						[4.767712, 45.326087],
						[4.767962, 45.325074],
						[4.768034, 45.324544]
					],
					[
						[4.767798, 45.322237],
						[4.7679, 45.322247],
						[4.767877, 45.32233],
						[4.767769, 45.322302],
						[4.767798, 45.322237]
					],
					[
						[3.758335, 43.44399],
						[3.75834, 43.444142]
					],
					[
						[3.75834, 43.444142],
						[3.758331, 43.444261]
					],
					[
						[4.189681, 43.569089],
						[4.189392, 43.569119]
					],
					[
						[4.189392, 43.569119],
						[4.189528, 43.568999]
					],
					[
						[4.189741, 43.568884],
						[4.19008, 43.56879],
						[4.190646, 43.568483],
						[4.191064, 43.568354],
						[4.191216, 43.568371],
						[4.191376, 43.568479],
						[4.191592, 43.568844]
					],
					[
						[4.191223, 43.568584],
						[4.191148, 43.568512],
						[4.190925, 43.568446],
						[4.190512, 43.568603],
						[4.190115, 43.568835]
					],
					[
						[6.356602, 46.341645],
						[6.356758, 46.341419]
					],
					[
						[6.289326, 46.348342],
						[6.289497, 46.348397]
					],
					[
						[6.358194, 46.333101],
						[6.358087, 46.333247],
						[6.357143, 46.333936]
					],
					[
						[6.289199, 46.348686],
						[6.288515, 46.349572]
					],
					[
						[6.288227, 46.349923],
						[6.287865, 46.350461],
						[6.287828, 46.350727],
						[6.288207, 46.351751],
						[6.288611, 46.352257],
						[6.289143, 46.352689],
						[6.290755, 46.353781],
						[6.291068, 46.353927],
						[6.293103, 46.354639],
						[6.293551, 46.354988],
						[6.294989, 46.355945],
						[6.295413, 46.356369],
						[6.295829, 46.356894]
					],
					[
						[6.393144, 46.334745],
						[6.392046, 46.336064],
						[6.391773, 46.336595]
					],
					[
						[6.394057, 46.342505],
						[6.395842, 46.344364],
						[6.39621, 46.345027],
						[6.396615, 46.346066],
						[6.396977, 46.346787],
						[6.398138, 46.348177],
						[6.398749, 46.348655],
						[6.399279, 46.348958],
						[6.399948, 46.349276],
						[6.400624, 46.349421]
					],
					[
						[6.403166, 46.349335],
						[6.404789, 46.348622],
						[6.405463, 46.348359],
						[6.405642, 46.348327],
						[6.405929, 46.348396],
						[6.407546, 46.349423]
					],
					[
						[6.406456, 46.350322],
						[6.407546, 46.349423]
					],
					[
						[6.447808, 46.363877],
						[6.448891, 46.363894],
						[6.44954, 46.364027]
					],
					[
						[6.367081, 46.331851],
						[6.369219, 46.332509]
					],
					[
						[6.379935, 46.330434],
						[6.380736, 46.330079],
						[6.380975, 46.330017],
						[6.381217, 46.330014]
					],
					[
						[6.479709, 46.377164],
						[6.479459, 46.376978]
					],
					[
						[6.307404, 46.364785],
						[6.304645, 46.363459]
					],
					[
						[6.304436, 46.363669],
						[6.304288, 46.363639],
						[6.304278, 46.363545]
					],
					[
						[6.307404, 46.364785],
						[6.307961, 46.365017],
						[6.308568, 46.365465],
						[6.309476, 46.365774],
						[6.310711, 46.366299],
						[6.311185, 46.366338],
						[6.312263, 46.3662],
						[6.312793, 46.366205],
						[6.313304, 46.366264]
					],
					[
						[6.5774, 46.398872],
						[6.577248, 46.398897]
					],
					[
						[6.587185, 46.401662],
						[6.587292, 46.401699],
						[6.587354, 46.40178]
					],
					[
						[6.372079, 46.330663],
						[6.372292, 46.330598]
					],
					[
						[6.378494, 46.331238],
						[6.378342, 46.331105],
						[6.378192, 46.330806]
					],
					[
						[6.328098, 46.369442],
						[6.331791, 46.368277]
					],
					[
						[6.382419, 46.330599],
						[6.382746, 46.330509],
						[6.382955, 46.330395]
					],
					[
						[6.087111, 46.174068],
						[6.086845, 46.174042],
						[6.085977, 46.173556],
						[6.08545, 46.173339]
					],
					[
						[6.084916, 46.173712],
						[6.085188, 46.173525]
					],
					[
						[5.084199, 45.800935],
						[5.084213, 45.800847],
						[5.084361, 45.800855],
						[5.084334, 45.800956],
						[5.084199, 45.800935]
					],
					[
						[6.406456, 46.350322],
						[6.407109, 46.350891],
						[6.407421, 46.351072],
						[6.407905, 46.351205],
						[6.408723, 46.351277],
						[6.409034, 46.3514]
					],
					[
						[6.418479, 46.355528],
						[6.421003, 46.355607]
					],
					[
						[6.472123, 46.371972],
						[6.471171, 46.37151],
						[6.471111, 46.371416],
						[6.471148, 46.371339]
					],
					[
						[6.497971, 46.385233],
						[6.497839, 46.385317]
					],
					[
						[6.49756, 46.385286],
						[6.497332, 46.385298]
					],
					[
						[6.480922, 46.378546],
						[6.48077, 46.378514],
						[6.480806, 46.378408]
					],
					[
						[6.565135, 46.394691],
						[6.564409, 46.394339],
						[6.564125, 46.394248],
						[6.562799, 46.394026],
						[6.561546, 46.394001],
						[6.56048, 46.393876],
						[6.559709, 46.393701],
						[6.558514, 46.39333]
					],
					[
						[6.515998, 46.385827],
						[6.515777, 46.38574],
						[6.515582, 46.385434]
					],
					[
						[4.701226, 44.481764],
						[4.69937, 44.481601]
					],
					[
						[4.69705, 44.481396],
						[4.6967, 44.481367]
					],
					[
						[4.716487, 44.576268],
						[4.715584, 44.57639],
						[4.714861, 44.576585]
					],
					[
						[4.882957, 44.929068],
						[4.883037, 44.929055]
					],
					[
						[4.82751, 45.693931],
						[4.827237, 45.694325]
					],
					[
						[4.826647, 45.694858],
						[4.827237, 45.694325]
					],
					[
						[4.7809, 45.58227],
						[4.779888, 45.581555]
					],
					[
						[4.191729, 43.570191],
						[4.192056, 43.569953]
					],
					[
						[4.192056, 43.569953],
						[4.192175, 43.569805],
						[4.192164, 43.569716],
						[4.191592, 43.568844]
					],
					[
						[4.801672, 45.307942],
						[4.801838, 45.307702]
					],
					[
						[4.801338, 45.307922],
						[4.800729, 45.307837]
					],
					[
						[4.800729, 45.307837],
						[4.79983, 45.307611],
						[4.798392, 45.307078]
					],
					[
						[4.796333, 45.306311],
						[4.796046, 45.306224],
						[4.795792, 45.306205],
						[4.795558, 45.306227],
						[4.79523, 45.306336],
						[4.794866, 45.306656],
						[4.794242, 45.307505]
					],
					[
						[4.798007, 45.306934],
						[4.796333, 45.306311]
					],
					[
						[4.210064, 43.587333],
						[4.210057, 43.588103]
					],
					[
						[4.210057, 43.588103],
						[4.210072, 43.588502],
						[4.210271, 43.589111]
					],
					[
						[4.137254, 43.537714],
						[4.137285, 43.537676]
					],
					[
						[4.137507, 43.537418],
						[4.137523, 43.537399]
					],
					[
						[3.762764, 43.435771],
						[3.764865, 43.435673],
						[3.765209, 43.4357],
						[3.770368, 43.435423],
						[3.770798, 43.435351],
						[3.771167, 43.435118],
						[3.771403, 43.435141],
						[3.771577, 43.435301],
						[3.771843, 43.435336],
						[3.773461, 43.43525],
						[3.774319, 43.435134],
						[3.774496, 43.435198],
						[3.775914, 43.435267]
					],
					[
						[4.13433, 43.539654],
						[4.134193, 43.539922],
						[4.134199, 43.540048]
					],
					[
						[4.137254, 43.537714],
						[4.135846, 43.537014]
					],
					[
						[5.96308, 46.110623],
						[5.963231, 46.110836],
						[5.963895, 46.111129]
					],
					[
						[4.826171, 45.642678],
						[4.826346, 45.642471],
						[4.826616, 45.642398],
						[4.826912, 45.642463],
						[4.827074, 45.642616],
						[4.827088, 45.642824],
						[4.82695, 45.642969],
						[4.826694, 45.643052],
						[4.826378, 45.643009]
					],
					[
						[4.826378, 45.643009],
						[4.826064, 45.643022]
					],
					[
						[4.826064, 45.643022],
						[4.8262, 45.642852]
					],
					[
						[4.826064, 45.643022],
						[4.825456, 45.643272]
					],
					[
						[4.812048, 45.647581],
						[4.812246, 45.64753]
					],
					[
						[4.812246, 45.64753],
						[4.812107, 45.647648]
					],
					[
						[4.823659, 45.644003],
						[4.825456, 45.643272]
					],
					[
						[4.823482, 45.644076],
						[4.822935, 45.644296]
					],
					[
						[4.814607, 45.646896],
						[4.817632, 45.644847]
					],
					[
						[4.814607, 45.646896],
						[4.81442, 45.647018]
					],
					[
						[4.814324, 45.647081],
						[4.812246, 45.64753]
					],
					[
						[4.826375, 45.695482],
						[4.826206, 45.695673]
					],
					[
						[4.826379, 45.665166],
						[4.826535, 45.665354]
					],
					[
						[4.812039, 45.647723],
						[4.811978, 45.647857]
					],
					[
						[4.811978, 45.647857],
						[4.81194, 45.647721]
					],
					[
						[4.812031, 45.648096],
						[4.812077, 45.648471],
						[4.812023, 45.64922],
						[4.812081, 45.649798]
					],
					[
						[4.812094, 45.649921],
						[4.812081, 45.649798]
					],
					[
						[4.812081, 45.649798],
						[4.812159, 45.649917]
					],
					[
						[6.19869, 46.238051],
						[6.197627, 46.238327]
					],
					[
						[6.116737, 46.192279],
						[6.116608, 46.192256],
						[6.116647, 46.192169],
						[6.11677, 46.192197],
						[6.116737, 46.192279]
					],
					[
						[6.116737, 46.192279],
						[6.116845, 46.192373],
						[6.117481, 46.192633],
						[6.11754, 46.1927],
						[6.117819, 46.192817],
						[6.11794, 46.192806],
						[6.118389, 46.193047],
						[6.119612, 46.193561]
					],
					[
						[6.226977, 46.275205],
						[6.226823, 46.27516],
						[6.226883, 46.275061],
						[6.227033, 46.275098],
						[6.226977, 46.275205]
					],
					[
						[6.226332, 46.273811],
						[6.226115, 46.273348],
						[6.225828, 46.272974],
						[6.225371, 46.27246],
						[6.224816, 46.27201],
						[6.224528, 46.271675],
						[6.224309, 46.271316],
						[6.223664, 46.269921],
						[6.223624, 46.269624],
						[6.223708, 46.268609],
						[6.223837, 46.268478],
						[6.224049, 46.268371],
						[6.224667, 46.268201]
					],
					[
						[6.228563, 46.277421],
						[6.228836, 46.277789],
						[6.2292, 46.278096],
						[6.230194, 46.278657],
						[6.231411, 46.279527]
					],
					[
						[4.690522, 43.896061],
						[4.690587, 43.896139]
					],
					[
						[4.680305, 43.891138],
						[4.68017, 43.89039],
						[4.680165, 43.89]
					],
					[
						[4.680325, 43.889162],
						[4.683141, 43.889953],
						[4.683616, 43.890252],
						[4.683915, 43.890527],
						[4.684166, 43.890896]
					],
					[
						[4.61819, 43.67955],
						[4.618443, 43.679944],
						[4.616719, 43.680355],
						[4.615708, 43.68035]
					],
					[
						[4.615708, 43.68035],
						[4.616723, 43.679531],
						[4.617392, 43.679146],
						[4.617551, 43.679123]
					],
					[
						[4.615366, 43.680416],
						[4.615567, 43.681151]
					],
					[
						[4.614762, 43.678103],
						[4.615593, 43.678298],
						[4.616675, 43.678476],
						[4.617005, 43.678554],
						[4.617352, 43.678699],
						[4.617477, 43.678691]
					],
					[
						[4.61819, 43.67955],
						[4.617905, 43.679484],
						[4.617633, 43.679272],
						[4.617551, 43.679123]
					],
					[
						[6.427336, 46.355817],
						[6.427167, 46.356223]
					],
					[
						[4.836173, 45.751253],
						[4.835567, 45.750564],
						[4.835294, 45.75046]
					],
					[
						[4.841001, 45.762491],
						[4.841, 45.762708]
					],
					[
						[4.840728, 45.760821],
						[4.840881, 45.761335]
					],
					[
						[3.915624, 43.534211],
						[3.916743, 43.533801],
						[3.918036, 43.533131]
					],
					[
						[3.893759, 43.539664],
						[3.895697, 43.539724],
						[3.89667, 43.539494],
						[3.89708, 43.539524],
						[3.897575, 43.539463],
						[3.898113, 43.539478]
					],
					[
						[3.893759, 43.539664],
						[3.893555, 43.539657]
					],
					[
						[3.893555, 43.539657],
						[3.881473, 43.539083]
					],
					[
						[3.878562, 43.538867],
						[3.874592, 43.538774]
					],
					[
						[3.878562, 43.538867],
						[3.879217, 43.538896]
					],
					[
						[3.867511, 43.538167],
						[3.869006, 43.538365],
						[3.869274, 43.538328],
						[3.869432, 43.538173],
						[3.869641, 43.538173],
						[3.869786, 43.538329],
						[3.86997, 43.538426]
					],
					[
						[3.818449, 43.463928],
						[3.817118, 43.465021]
					],
					[
						[4.838992, 45.755648],
						[4.839533, 45.756646]
					],
					[
						[4.839533, 45.756646],
						[4.839944, 45.757463],
						[4.840325, 45.758436],
						[4.840606, 45.75958]
					],
					[
						[5.844179, 45.880076],
						[5.844103, 45.879503],
						[5.844313, 45.877539],
						[5.844307, 45.877113]
					],
					[
						[6.505967, 46.382942],
						[6.505656, 46.382923]
					],
					[
						[6.500663, 46.383584],
						[6.501305, 46.383096],
						[6.502377, 46.382655],
						[6.502631, 46.382464]
					],
					[
						[6.121467, 46.196063],
						[6.12149, 46.196173]
					],
					[
						[5.75564, 45.765079],
						[5.754436, 45.765476]
					],
					[
						[5.754436, 45.765476],
						[5.754371, 45.765499]
					],
					[
						[4.767708, 45.322138],
						[4.76756, 45.321284],
						[4.767525, 45.320683]
					],
					[
						[4.837037, 45.069503],
						[4.836935, 45.069126]
					],
					[
						[4.835728, 45.069528],
						[4.835642, 45.069392]
					],
					[
						[4.835897, 45.069769],
						[4.835841, 45.069687]
					],
					[
						[4.835841, 45.069687],
						[4.835728, 45.069528]
					],
					[
						[4.836086, 45.070046],
						[4.835897, 45.069769]
					],
					[
						[6.406158, 46.350563],
						[6.405844, 46.350747],
						[6.404969, 46.35103]
					],
					[
						[6.118987, 46.190047],
						[6.118865, 46.19005]
					],
					[
						[3.701288, 43.408081],
						[3.701723, 43.408266]
					],
					[
						[4.948711, 45.798236],
						[4.945549, 45.798112]
					],
					[
						[4.977793, 45.795858],
						[4.977438, 45.796033],
						[4.977098, 45.796306],
						[4.976394, 45.79657],
						[4.976233, 45.796707],
						[4.976111, 45.797039],
						[4.975987, 45.797189],
						[4.9758, 45.797239],
						[4.973347, 45.797128],
						[4.972116, 45.797143],
						[4.971772, 45.797056],
						[4.971171, 45.796822],
						[4.970957, 45.796803]
					],
					[
						[4.984456, 45.792647],
						[4.984306, 45.792671],
						[4.984194, 45.792634],
						[4.983292, 45.79217],
						[4.9831, 45.79213]
					],
					[
						[4.982785, 45.793594],
						[4.98106, 45.793714],
						[4.980721, 45.793637]
					],
					[
						[4.892563, 45.783565],
						[4.894294, 45.783962]
					],
					[
						[4.89208, 45.783708],
						[4.892281, 45.783584],
						[4.892563, 45.783565]
					],
					[
						[4.891878, 45.783903],
						[4.89208, 45.783708]
					],
					[
						[5.347575, 45.884998],
						[5.350051, 45.885119],
						[5.351309, 45.885418]
					],
					[
						[4.298262, 43.638297],
						[4.298524, 43.637466]
					],
					[
						[4.298524, 43.637466],
						[4.298625, 43.637197],
						[4.298827, 43.636919],
						[4.299006, 43.636779],
						[4.30014, 43.636181],
						[4.335248, 43.606834]
					],
					[
						[4.700881, 44.245459],
						[4.702553, 44.244841]
					],
					[
						[5.406239, 45.853346],
						[5.40557, 45.853065]
					],
					[
						[4.827766, 45.68449],
						[4.827672, 45.684437],
						[4.827526, 45.684448]
					],
					[
						[4.826206, 45.695673],
						[4.824906, 45.697535]
					],
					[
						[6.597068, 46.401484],
						[6.596462, 46.401585]
					],
					[
						[6.587354, 46.40178],
						[6.587583, 46.401896],
						[6.588149, 46.402005],
						[6.589724, 46.402068],
						[6.591274, 46.401914],
						[6.592677, 46.401502]
					],
					[
						[4.647398, 44.368602],
						[4.648828, 44.368482]
					],
					[
						[4.647305, 44.368607],
						[4.647398, 44.368602]
					],
					[
						[4.33645, 43.605275],
						[4.336606, 43.60533]
					],
					[
						[4.757232, 44.756222],
						[4.757207, 44.75567],
						[4.757351, 44.755303],
						[4.759577, 44.753099],
						[4.760277, 44.752633],
						[4.760492, 44.752431],
						[4.761611, 44.750408],
						[4.762273, 44.748567],
						[4.764127, 44.745506],
						[4.764459, 44.745254],
						[4.767614, 44.743907],
						[4.767876, 44.743763],
						[4.768248, 44.743463],
						[4.769294, 44.742411],
						[4.770166, 44.741669],
						[4.772283, 44.739244],
						[4.773112, 44.73817],
						[4.773479, 44.737609],
						[4.773758, 44.737085],
						[4.774199, 44.735776],
						[4.774567, 44.734465],
						[4.774572, 44.734264],
						[4.773763, 44.732613],
						[4.773703, 44.732355],
						[4.773172, 44.727016],
						[4.773337, 44.726714],
						[4.774079, 44.726349],
						[4.77429, 44.726199],
						[4.774438, 44.72591],
						[4.77458, 44.722147],
						[4.774729, 44.721579],
						[4.776004, 44.719276],
						[4.776816, 44.718359],
						[4.779058, 44.716214],
						[4.779514, 44.715509],
						[4.779839, 44.71536],
						[4.781232, 44.715289],
						[4.781494, 44.715193],
						[4.781676, 44.715009]
					],
					[
						[4.747624, 44.75352],
						[4.747566, 44.753332]
					],
					[
						[4.743892, 44.742412],
						[4.743887, 44.742741],
						[4.744041, 44.743443],
						[4.745728, 44.747085],
						[4.745651, 44.747122],
						[4.745645, 44.74719],
						[4.745382, 44.747341],
						[4.745344, 44.747487],
						[4.745415, 44.747641],
						[4.745677, 44.747768],
						[4.745896, 44.74799],
						[4.746568, 44.749215],
						[4.747217, 44.750616]
					],
					[
						[4.195646, 43.573051],
						[4.19677, 43.573937],
						[4.198034, 43.574841],
						[4.198391, 43.575207],
						[4.198972, 43.57566],
						[4.19959, 43.576005],
						[4.201218, 43.577203],
						[4.201641, 43.577435],
						[4.204212, 43.579396],
						[4.205409, 43.580163],
						[4.215211, 43.587282]
					],
					[
						[4.192025, 43.570501],
						[4.193913, 43.571912],
						[4.194272, 43.572062],
						[4.194816, 43.572574],
						[4.195485, 43.573007],
						[4.195646, 43.573051]
					],
					[
						[4.225522, 43.59472],
						[4.22506, 43.594453],
						[4.221169, 43.59165],
						[4.220022, 43.590955],
						[4.218774, 43.59041],
						[4.213303, 43.58863],
						[4.211895, 43.588294],
						[4.210571, 43.58813],
						[4.210439, 43.588329],
						[4.210406, 43.588628],
						[4.210618, 43.588914],
						[4.2105, 43.589298],
						[4.210531, 43.589337]
					],
					[
						[4.225744, 43.59488],
						[4.225953, 43.595109],
						[4.227004, 43.595886],
						[4.23797, 43.603818],
						[4.241022, 43.606115],
						[4.241519, 43.606368]
					],
					[
						[4.253499, 43.615141],
						[4.258779, 43.618976],
						[4.259402, 43.619292],
						[4.260503, 43.620219],
						[4.273905, 43.62988],
						[4.274864, 43.6304],
						[4.278051, 43.631779]
					],
					[
						[4.080216, 43.560224],
						[4.078366, 43.559434]
					],
					[
						[4.33682, 43.605384],
						[4.337213, 43.605421],
						[4.337717, 43.605313],
						[4.339439, 43.605195],
						[4.340915, 43.60496],
						[4.343067, 43.604762],
						[4.344798, 43.60476],
						[4.347719, 43.604593],
						[4.349211, 43.604436],
						[4.355283, 43.604837],
						[4.357975, 43.605241]
					],
					[
						[4.389252, 43.608774],
						[4.389166, 43.608634]
					],
					[
						[3.91815, 43.534122],
						[3.91804, 43.533939]
					],
					[
						[3.918377, 43.533259],
						[3.918071, 43.533363],
						[3.91749, 43.533684]
					],
					[
						[3.91804, 43.533939],
						[3.917753, 43.533833]
					],
					[
						[3.918036, 43.533131],
						[3.918685, 43.532726]
					],
					[
						[3.918685, 43.532726],
						[3.918682, 43.53252],
						[3.918589, 43.532403]
					],
					[
						[4.072565, 43.56028],
						[4.073705, 43.560262]
					],
					[
						[4.617766, 43.830963],
						[4.617699, 43.831056]
					],
					[
						[4.618046, 43.830641],
						[4.617766, 43.830963]
					],
					[
						[4.801672, 45.307942],
						[4.801338, 45.307922]
					],
					[
						[4.862109, 45.786019],
						[4.862529, 45.785974],
						[4.863377, 45.785762],
						[4.863897, 45.785756]
					],
					[
						[4.892998, 45.786268],
						[4.892521, 45.786872],
						[4.891915, 45.787518],
						[4.892074, 45.787614],
						[4.89291, 45.787724]
					],
					[
						[4.863897, 45.785756],
						[4.864805, 45.78529],
						[4.865034, 45.785269],
						[4.870917, 45.786198],
						[4.872818, 45.786574],
						[4.873413, 45.7868],
						[4.873757, 45.786874],
						[4.875716, 45.787106],
						[4.876119, 45.787306],
						[4.876671, 45.787929]
					],
					[
						[4.724671, 44.583232],
						[4.723761, 44.583395],
						[4.723386, 44.582848],
						[4.723407, 44.582528]
					],
					[
						[6.142046, 46.209242],
						[6.141622, 46.208875]
					],
					[
						[3.776429, 43.435325],
						[3.77764, 43.43546],
						[3.778002, 43.435337],
						[3.778243, 43.435392],
						[3.778334, 43.435587],
						[3.779004, 43.43595],
						[3.789717, 43.440893],
						[3.790189, 43.441008],
						[3.791197, 43.441105],
						[3.791402, 43.441041],
						[3.791484, 43.440929],
						[3.791673, 43.440937],
						[3.792047, 43.441245],
						[3.792062, 43.441306],
						[3.792054, 43.441381],
						[3.791749, 43.441645],
						[3.791788, 43.44191],
						[3.79192, 43.442129],
						[3.792525, 43.442655],
						[3.793192, 43.443345],
						[3.797405, 43.448361],
						[3.798204, 43.449043],
						[3.799113, 43.449582],
						[3.799789, 43.449911],
						[3.806657, 43.453102],
						[3.810718, 43.455149],
						[3.811136, 43.455313],
						[3.811452, 43.45552],
						[3.81437, 43.456999],
						[3.815778, 43.457913],
						[3.818287, 43.459658],
						[3.818694, 43.459988],
						[3.819051, 43.460328],
						[3.819434, 43.460911],
						[3.819603, 43.461456],
						[3.819647, 43.461891],
						[3.819558, 43.462482],
						[3.819398, 43.462912],
						[3.819, 43.46349],
						[3.818729, 43.463758],
						[3.818449, 43.463928]
					],
					[
						[4.853971, 44.880942],
						[4.852541, 44.880219],
						[4.852368, 44.880077]
					],
					[
						[4.848597, 44.868835],
						[4.848629, 44.869152],
						[4.848804, 44.86943],
						[4.849222, 44.871473],
						[4.849614, 44.872811],
						[4.849689, 44.873011],
						[4.850014, 44.87336],
						[4.850113, 44.873539],
						[4.850593, 44.875219],
						[4.850598, 44.876062],
						[4.850542, 44.876393],
						[4.850027, 44.877578],
						[4.849982, 44.877839],
						[4.850666, 44.88075]
					],
					[
						[6.009388, 46.185738],
						[6.008731, 46.185453]
					],
					[
						[6.01622, 46.192932],
						[6.015358, 46.191282],
						[6.01498, 46.190879],
						[6.014113, 46.19025],
						[6.013959, 46.190058],
						[6.013858, 46.189778]
					],
					[
						[6.538591, 46.396215],
						[6.540933, 46.39544],
						[6.541084, 46.395329],
						[6.541097, 46.395153]
					],
					[
						[6.091159, 46.17713],
						[6.091426, 46.176777],
						[6.091406, 46.176653],
						[6.090895, 46.176319],
						[6.089322, 46.175435],
						[6.087111, 46.174068]
					],
					[
						[6.140387, 46.205457],
						[6.141524, 46.205536]
					],
					[
						[6.082508, 46.172024],
						[6.082319, 46.172237]
					],
					[
						[6.080552, 46.17278],
						[6.080347, 46.173082],
						[6.080261, 46.173332],
						[6.080276, 46.173597],
						[6.080552, 46.173922],
						[6.080559, 46.174105],
						[6.080439, 46.174403],
						[6.079448, 46.175665],
						[6.079122, 46.176521],
						[6.07879, 46.176854],
						[6.078256, 46.177211],
						[6.07815, 46.177353]
					],
					[
						[6.042898, 46.190566],
						[6.042546, 46.190334],
						[6.042127, 46.189937],
						[6.041543, 46.189743]
					],
					[
						[6.031178, 46.193743],
						[6.031179, 46.193699]
					],
					[
						[6.041543, 46.189743],
						[6.040549, 46.19018]
					],
					[
						[4.647555, 44.381426],
						[4.648676, 44.382361],
						[4.648861, 44.382622],
						[4.649197, 44.383463],
						[4.649288, 44.384343],
						[4.649822, 44.384944],
						[4.650653, 44.386177],
						[4.651154, 44.386797],
						[4.653005, 44.38843],
						[4.653106, 44.388581],
						[4.653323, 44.389443],
						[4.653287, 44.390566],
						[4.653433, 44.391421],
						[4.653341, 44.391967],
						[4.652611, 44.393065],
						[4.652381, 44.393594],
						[4.651926, 44.394329],
						[4.65115, 44.394896],
						[4.650714, 44.394948],
						[4.65, 44.395446],
						[4.649332, 44.395595],
						[4.649172, 44.395669],
						[4.648964, 44.395992]
					],
					[
						[4.776767, 45.460711],
						[4.776926, 45.461007],
						[4.777315, 45.461485],
						[4.778512, 45.462657],
						[4.778725, 45.462964]
					],
					[
						[4.588169, 43.87131],
						[4.589741, 43.871812]
					],
					[
						[4.589741, 43.871812],
						[4.590337, 43.872055],
						[4.590624, 43.872305],
						[4.590759, 43.872652],
						[4.590813, 43.873307]
					],
					[
						[6.427805, 46.356477],
						[6.428135, 46.356527],
						[6.428216, 46.35683],
						[6.428312, 46.356944],
						[6.428843, 46.357094],
						[6.42901, 46.35719]
					],
					[
						[4.993409, 45.795391],
						[4.993719, 45.795308]
					],
					[
						[6.538415, 46.396212],
						[6.538624, 46.395131]
					],
					[
						[4.889873, 44.935771],
						[4.889871, 44.936303]
					],
					[
						[5.865001, 46.061401],
						[5.864803, 46.061346],
						[5.864404, 46.061318]
					],
					[
						[5.865423, 46.061371],
						[5.865683, 46.061465]
					],
					[
						[5.864404, 46.061318],
						[5.865092, 46.061262]
					],
					[
						[4.680305, 43.891138],
						[4.678374, 43.890933],
						[4.678018, 43.890806]
					],
					[
						[6.215079, 46.254223],
						[6.215881, 46.254928],
						[6.216603, 46.255383]
					],
					[
						[3.729655, 43.424687],
						[3.72979, 43.42469],
						[3.730964, 43.425319],
						[3.731714, 43.425555]
					],
					[
						[3.731476, 43.425996],
						[3.729698, 43.424792]
					],
					[
						[3.731714, 43.425555],
						[3.73166, 43.425589],
						[3.731544, 43.425955],
						[3.731476, 43.425996]
					],
					[
						[3.748859, 43.441156],
						[3.749731, 43.4402],
						[3.749874, 43.440093],
						[3.750029, 43.44007]
					],
					[
						[3.755924, 43.443606],
						[3.755794, 43.443773],
						[3.755708, 43.443798],
						[3.754523, 43.443468],
						[3.754438, 43.443404]
					],
					[
						[3.754452, 43.441539],
						[3.755198, 43.442778]
					],
					[
						[3.728846, 43.42371],
						[3.725447, 43.423036],
						[3.725129, 43.423009],
						[3.723886, 43.422768]
					],
					[
						[3.745609, 43.438989],
						[3.745906, 43.439352],
						[3.746328, 43.439678],
						[3.747459, 43.440326],
						[3.748289, 43.440941],
						[3.748703, 43.441178]
					],
					[
						[3.737274, 43.42764],
						[3.737766, 43.428279],
						[3.738366, 43.428632],
						[3.739119, 43.429276],
						[3.73952, 43.430077],
						[3.739968, 43.430738],
						[3.739985, 43.430981],
						[3.739864, 43.431279],
						[3.739993, 43.431596],
						[3.740185, 43.43176],
						[3.742026, 43.432861],
						[3.743631, 43.434217],
						[3.743983, 43.434599],
						[3.744082, 43.434804],
						[3.743979, 43.435516],
						[3.743997, 43.436188],
						[3.744086, 43.43627],
						[3.744183, 43.436561],
						[3.745609, 43.438989]
					],
					[
						[6.193685, 46.233897],
						[6.193987, 46.234215],
						[6.194266, 46.234623],
						[6.194614, 46.234968],
						[6.194969, 46.235525]
					],
					[
						[6.188965, 46.230197],
						[6.189842, 46.231029],
						[6.190977, 46.232279],
						[6.191937, 46.233106],
						[6.192471, 46.233471],
						[6.19289, 46.233569],
						[6.193685, 46.233897]
					],
					[
						[6.202257, 46.239757],
						[6.201559, 46.238735],
						[6.200989, 46.238224],
						[6.200036, 46.238495],
						[6.199088, 46.23869],
						[6.19869, 46.238051]
					],
					[
						[6.206754, 46.245004],
						[6.208459, 46.243879]
					],
					[
						[6.142246, 46.205681],
						[6.141929, 46.205672]
					],
					[
						[6.206187, 46.245458],
						[6.206269, 46.245622],
						[6.207287, 46.246458],
						[6.208138, 46.247073],
						[6.208998, 46.247573],
						[6.209575, 46.248076],
						[6.211074, 46.249724],
						[6.211608, 46.250381],
						[6.212637, 46.252124],
						[6.212862, 46.252802],
						[6.213231, 46.253435],
						[6.213542, 46.253754],
						[6.214435, 46.25435]
					],
					[
						[6.224175, 46.265495],
						[6.223946, 46.265169],
						[6.223319, 46.264534],
						[6.223271, 46.264031],
						[6.222777, 46.263152]
					],
					[
						[4.907598, 45.768991],
						[4.907221, 45.769013],
						[4.906758, 45.769102],
						[4.905806, 45.769389],
						[4.904832, 45.769952],
						[4.904284, 45.770532]
					],
					[
						[4.952008, 45.775466],
						[4.952534, 45.775677],
						[4.953116, 45.775731],
						[4.953324, 45.775821],
						[4.953602, 45.776091],
						[4.954096, 45.77632],
						[4.954193, 45.776421]
					],
					[
						[6.021939, 46.192142],
						[6.02222, 46.192091],
						[6.022449, 46.192113]
					],
					[
						[6.022449, 46.192113],
						[6.022804, 46.192311],
						[6.023192, 46.192956],
						[6.023415, 46.193128],
						[6.023841, 46.193187],
						[6.024724, 46.192986]
					],
					[
						[4.188559, 43.569181],
						[4.188412, 43.568945],
						[4.187914, 43.568585]
					],
					[
						[4.18654, 43.566876],
						[4.187031, 43.567482],
						[4.188306, 43.568484],
						[4.188441, 43.568649],
						[4.188559, 43.569181]
					],
					[
						[4.185548, 43.565987],
						[4.185068, 43.565882],
						[4.184906, 43.565766],
						[4.184799, 43.565617],
						[4.18473, 43.565285]
					],
					[
						[6.130876, 46.202647],
						[6.131166, 46.202651]
					],
					[
						[4.884317, 44.930811],
						[4.883831, 44.930237],
						[4.88343, 44.929594]
					],
					[
						[6.244615, 46.30105],
						[6.244708, 46.301026],
						[6.244956, 46.300692],
						[6.245636, 46.30044],
						[6.245867, 46.300253]
					],
					[
						[6.219672, 46.259456],
						[6.219999, 46.259925],
						[6.220273, 46.260549],
						[6.220888, 46.26108],
						[6.221705, 46.262141],
						[6.222275, 46.262581],
						[6.222777, 46.263152]
					],
					[
						[4.108155, 43.554858],
						[4.107025, 43.555016],
						[4.104015, 43.555602],
						[4.102222, 43.556086]
					],
					[
						[4.120237, 43.550391],
						[4.120583, 43.550292],
						[4.120866, 43.550151]
					],
					[
						[4.070812, 43.560207],
						[4.072173, 43.560755]
					],
					[
						[6.146787, 46.204681],
						[6.148597, 46.204309]
					],
					[
						[6.135611, 46.203808],
						[6.135512, 46.204082]
					],
					[
						[6.134838, 46.204724],
						[6.134963, 46.204638]
					],
					[
						[6.134963, 46.204638],
						[6.135348, 46.204313]
					],
					[
						[6.128236, 46.202607],
						[6.127601, 46.20255],
						[6.126449, 46.202348],
						[6.126035, 46.202323]
					],
					[
						[6.131215, 46.202678],
						[6.131438, 46.202714]
					],
					[
						[4.723797, 44.209182],
						[4.723775, 44.209975],
						[4.723376, 44.210895],
						[4.723484, 44.211837],
						[4.723082, 44.212941],
						[4.72241, 44.214275],
						[4.721606, 44.215444],
						[4.720933, 44.216285],
						[4.71961, 44.217779],
						[4.719021, 44.218333],
						[4.718689, 44.218582],
						[4.717847, 44.219037],
						[4.717206, 44.219962],
						[4.714208, 44.222637],
						[4.71321, 44.223666],
						[4.712471, 44.224525],
						[4.709777, 44.225294]
					],
					[
						[5.183486, 45.766274],
						[5.183205, 45.766216]
					],
					[
						[5.192753, 45.767222],
						[5.193332, 45.767624],
						[5.193383, 45.767871],
						[5.193719, 45.768096]
					],
					[
						[5.976034, 46.151812],
						[5.974685, 46.150915],
						[5.973636, 46.150149]
					],
					[
						[5.962235, 46.116828],
						[5.961625, 46.116413],
						[5.96153, 46.116206],
						[5.961575, 46.116006],
						[5.96234, 46.115112],
						[5.962381, 46.114971],
						[5.962348, 46.114546],
						[5.962553, 46.114084],
						[5.962788, 46.113803],
						[5.964061, 46.112673]
					],
					[
						[5.96308, 46.110623],
						[5.96309, 46.110475],
						[5.96357, 46.10929],
						[5.96371, 46.10855]
					],
					[
						[5.96371, 46.10855],
						[5.960973, 46.108017],
						[5.95931, 46.107908],
						[5.953368, 46.108089],
						[5.952975, 46.108144]
					],
					[
						[5.943842, 46.106058],
						[5.945247, 46.106103],
						[5.945441, 46.106064]
					],
					[
						[5.940636, 46.104269],
						[5.940842, 46.104484],
						[5.943398, 46.105718],
						[5.943645, 46.10586],
						[5.943842, 46.106058]
					],
					[
						[3.697006, 43.40628],
						[3.696861, 43.406618]
					],
					[
						[3.696527, 43.406816],
						[3.696301, 43.406796]
					],
					[
						[3.696301, 43.406796],
						[3.696133, 43.406629]
					],
					[
						[4.59243, 43.876073],
						[4.5928, 43.876061]
					],
					[
						[4.5928, 43.876061],
						[4.592618, 43.876243],
						[4.592425, 43.877183],
						[4.592803, 43.878604]
					],
					[
						[4.880775, 45.792622],
						[4.880963, 45.792819],
						[4.881195, 45.792914],
						[4.881713, 45.793035],
						[4.882106, 45.793066],
						[4.883123, 45.792934],
						[4.883587, 45.792612]
					],
					[
						[6.804068, 46.394247],
						[6.803135, 46.394164],
						[6.801613, 46.393878]
					],
					[
						[6.619301, 46.403362],
						[6.616603, 46.403273],
						[6.615618, 46.403186]
					],
					[
						[6.586959, 46.401852],
						[6.586001, 46.401636],
						[6.585283, 46.401351]
					],
					[
						[6.583278, 46.400373],
						[6.583648, 46.400505],
						[6.584982, 46.401138]
					],
					[
						[6.581055, 46.399325],
						[6.58126, 46.399339],
						[6.581364, 46.399395]
					],
					[
						[6.570653, 46.39625],
						[6.569938, 46.39589]
					],
					[
						[6.629301, 46.404424],
						[6.627839, 46.404217],
						[6.625567, 46.404103]
					],
					[
						[3.793919, 43.496111],
						[3.796183, 43.498319],
						[3.79639, 43.498799],
						[3.796692, 43.499193],
						[3.797187, 43.499609],
						[3.798991, 43.500657],
						[3.799352, 43.50096],
						[3.800172, 43.501842]
					],
					[
						[6.08362, 46.173865],
						[6.082345, 46.173746],
						[6.080552, 46.17278]
					],
					[
						[6.084211, 46.173904],
						[6.084053, 46.173943],
						[6.08362, 46.173865]
					],
					[
						[6.077701, 46.177683],
						[6.077219, 46.177553],
						[6.076366, 46.17718]
					],
					[
						[6.085129, 46.173962],
						[6.08488, 46.17378],
						[6.084657, 46.173721],
						[6.084211, 46.173904]
					],
					[
						[3.798853, 43.486258],
						[3.799333, 43.487216],
						[3.799502, 43.487683],
						[3.799523, 43.488113],
						[3.799181, 43.488881],
						[3.79874, 43.489688],
						[3.798567, 43.489904]
					],
					[
						[3.856593, 43.538226],
						[3.859389, 43.537616],
						[3.860209, 43.537511],
						[3.861106, 43.537484],
						[3.867511, 43.538167]
					],
					[
						[3.868142, 43.538389],
						[3.864621, 43.537992],
						[3.861105, 43.537662],
						[3.860224, 43.537675],
						[3.859454, 43.537777],
						[3.85663, 43.538399]
					],
					[
						[4.823802, 43.996102],
						[4.824401, 43.998823],
						[4.824521, 44.000015],
						[4.824522, 44.000722],
						[4.823549, 44.008458],
						[4.823517, 44.00895],
						[4.823669, 44.01063],
						[4.823862, 44.010958],
						[4.824186, 44.011184],
						[4.826365, 44.011908]
					],
					[
						[6.007801, 46.18326],
						[6.007727, 46.182085],
						[6.007229, 46.181303],
						[6.007018, 46.180762]
					],
					[
						[6.091159, 46.17713],
						[6.09205, 46.177176]
					],
					[
						[6.084916, 46.173712],
						[6.085186, 46.17393]
					],
					[
						[6.024724, 46.192986],
						[6.026345, 46.192606]
					],
					[
						[6.070717, 46.176014],
						[6.071513, 46.176285],
						[6.072622, 46.176501],
						[6.072934, 46.176605],
						[6.07349, 46.176631],
						[6.074516, 46.176811],
						[6.075842, 46.177086],
						[6.075921, 46.177174]
					],
					[
						[6.042898, 46.190566],
						[6.043318, 46.190159],
						[6.04447, 46.189261],
						[6.045894, 46.188351]
					],
					[
						[6.134838, 46.204724],
						[6.135623, 46.205244],
						[6.135961, 46.205384],
						[6.136681, 46.205518],
						[6.137324, 46.205509]
					],
					[
						[6.084916, 46.173712],
						[6.084027, 46.172979],
						[6.082765, 46.172283]
					],
					[
						[6.077701, 46.177683],
						[6.07815, 46.177353]
					],
					[
						[6.075921, 46.177174],
						[6.07627, 46.177145]
					],
					[
						[6.09205, 46.177176],
						[6.094327, 46.177672],
						[6.09488, 46.177844],
						[6.09603, 46.178314],
						[6.097597, 46.178869],
						[6.098941, 46.179594]
					],
					[
						[6.098983, 46.179737],
						[6.099328, 46.17995],
						[6.100551, 46.180536],
						[6.100578, 46.180632],
						[6.100367, 46.180902],
						[6.100398, 46.181057],
						[6.10062, 46.181216],
						[6.10123, 46.181493]
					],
					[
						[6.10123, 46.181493],
						[6.102058, 46.181844]
					],
					[
						[6.103419, 46.182727],
						[6.103768, 46.183033],
						[6.104594, 46.183585],
						[6.105344, 46.183898],
						[6.107203, 46.184529]
					],
					[
						[6.712187, 46.407539],
						[6.7115, 46.407474],
						[6.708713, 46.40779],
						[6.707969, 46.407732],
						[6.706486, 46.407774],
						[6.705301, 46.407616],
						[6.704438, 46.407552]
					],
					[
						[6.756851, 46.402064],
						[6.756628, 46.402147]
					],
					[
						[3.793582, 43.495747],
						[3.792659, 43.496209]
					],
					[
						[6.125496, 46.199913],
						[6.124146, 46.200101]
					],
					[
						[6.125312, 46.20007],
						[6.124189, 46.200232],
						[6.124175, 46.200195]
					],
					[
						[6.117301, 46.187822],
						[6.118184, 46.188569],
						[6.11878, 46.188912]
					],
					[
						[6.117995, 46.187223],
						[6.117301, 46.187822]
					],
					[
						[6.107203, 46.184529],
						[6.107614, 46.184692]
					],
					[
						[4.216016, 43.587834],
						[4.215951, 43.587705],
						[4.2157, 43.587518],
						[4.215494, 43.58746],
						[4.215211, 43.587282]
					],
					[
						[5.835081, 45.959123],
						[5.835542, 45.958844]
					],
					[
						[5.835563, 45.959332],
						[5.835511, 45.959432],
						[5.835549, 45.959502],
						[5.83599, 45.95995],
						[5.83607, 45.960107],
						[5.836182, 45.960615],
						[5.836171, 45.960913]
					],
					[
						[5.835542, 45.958844],
						[5.835748, 45.958718],
						[5.835471, 45.958397],
						[5.835974, 45.957945]
					],
					[
						[4.806268, 45.239132],
						[4.804948, 45.237947],
						[4.804036, 45.237031],
						[4.803803, 45.236972],
						[4.803723, 45.237068],
						[4.803112, 45.239585],
						[4.803001, 45.240848]
					],
					[
						[4.802613, 45.242187],
						[4.802863, 45.242888],
						[4.803029, 45.24299]
					],
					[
						[6.546002, 46.393541],
						[6.546367, 46.393467],
						[6.546798, 46.393587],
						[6.547488, 46.39362],
						[6.547665, 46.393546],
						[6.547824, 46.393343],
						[6.548049, 46.393296],
						[6.548505, 46.393397],
						[6.548678, 46.393675],
						[6.548836, 46.393752],
						[6.549144, 46.393795],
						[6.550001, 46.393807],
						[6.550376, 46.393754]
					],
					[
						[6.534623, 46.395404],
						[6.537176, 46.396031],
						[6.538415, 46.396212]
					],
					[
						[6.144246, 46.206696],
						[6.144529, 46.206469]
					],
					[
						[6.144246, 46.206696],
						[6.143457, 46.207335]
					],
					[
						[6.143217, 46.207524],
						[6.143457, 46.207335]
					],
					[
						[6.59644, 46.401433],
						[6.597068, 46.401484]
					],
					[
						[4.088069, 43.56085],
						[4.090595, 43.561845],
						[4.090552, 43.562089],
						[4.090794, 43.562172],
						[4.091324, 43.562231],
						[4.091937, 43.562467],
						[4.092438, 43.562552]
					],
					[
						[6.524005, 46.389662],
						[6.524078, 46.389496]
					],
					[
						[6.524047, 46.390088],
						[6.524129, 46.389911],
						[6.524112, 46.389773]
					],
					[
						[6.547689, 46.394742],
						[6.547812, 46.394233],
						[6.547698, 46.394111],
						[6.547347, 46.393972]
					],
					[
						[6.550376, 46.393754],
						[6.550565, 46.393728],
						[6.551097, 46.393844],
						[6.551902, 46.393928],
						[6.55285, 46.393876],
						[6.553496, 46.393755],
						[6.554504, 46.393764],
						[6.554809, 46.393722],
						[6.555578, 46.393509],
						[6.557347, 46.393441],
						[6.557498, 46.393374],
						[6.55768, 46.39317]
					],
					[
						[4.812733, 45.266282],
						[4.812707, 45.266041],
						[4.812414, 45.265414],
						[4.81234, 45.265074],
						[4.812219, 45.264211],
						[4.812257, 45.263389],
						[4.812098, 45.262276],
						[4.811632, 45.26066],
						[4.811535, 45.260375],
						[4.810771, 45.258913],
						[4.810265, 45.25758],
						[4.80974, 45.256651],
						[4.809115, 45.255083],
						[4.809005, 45.254424]
					],
					[
						[4.806351, 45.239035],
						[4.806462, 45.238845]
					],
					[
						[6.327332, 46.3696],
						[6.326765, 46.369515]
					],
					[
						[6.403268, 46.350463],
						[6.403137, 46.350308],
						[6.403238, 46.34996]
					],
					[
						[4.815086, 45.73055],
						[4.815063, 45.7304],
						[4.81522, 45.730155]
					],
					[
						[6.571997, 46.397065],
						[6.571831, 46.396851]
					],
					[
						[6.571825, 46.396844],
						[6.571763, 46.396766]
					],
					[
						[6.756628, 46.402147],
						[6.755032, 46.402727],
						[6.754201, 46.402582],
						[6.753718, 46.402576],
						[6.751935, 46.403005]
					],
					[
						[5.931325, 46.10216],
						[5.93119, 46.10201],
						[5.931208, 46.101579]
					],
					[
						[4.821852, 45.733384],
						[4.822064, 45.734635],
						[4.823454, 45.736457],
						[4.823583, 45.736797]
					],
					[
						[4.840606, 45.75958],
						[4.840657, 45.759889]
					],
					[
						[4.8407, 45.760416],
						[4.840728, 45.760821]
					],
					[
						[4.840954, 45.763675],
						[4.841081, 45.764215],
						[4.841091, 45.764933],
						[4.841013, 45.765637]
					],
					[
						[4.74402, 44.094972],
						[4.743562, 44.094538],
						[4.743127, 44.094216],
						[4.741317, 44.093142],
						[4.740523, 44.092782],
						[4.740246, 44.092719],
						[4.735466, 44.092239],
						[4.733774, 44.092288],
						[4.733268, 44.092386],
						[4.731166, 44.093454],
						[4.730865, 44.093673],
						[4.730584, 44.094095],
						[4.730539, 44.094279],
						[4.730595, 44.0948],
						[4.730972, 44.095517],
						[4.731125, 44.096214],
						[4.731125, 44.096859],
						[4.730946, 44.097183],
						[4.730626, 44.097245],
						[4.730386, 44.097051],
						[4.729942, 44.096996],
						[4.7275, 44.096887]
					],
					[
						[6.142687, 46.209198],
						[6.142218, 46.209503]
					],
					[
						[6.008731, 46.185453],
						[6.008548, 46.185327]
					],
					[
						[6.146609, 46.206624],
						[6.14701, 46.205853],
						[6.146623, 46.204942]
					],
					[
						[4.187914, 43.568585],
						[4.187318, 43.568149],
						[4.186086, 43.567094]
					],
					[
						[5.183003, 45.7662],
						[5.182998, 45.766275],
						[5.182912, 45.766322],
						[5.182764, 45.766273],
						[5.182764, 45.766193],
						[5.182848, 45.766145],
						[5.183003, 45.7662]
					],
					[
						[5.183157, 45.766206],
						[5.183003, 45.7662]
					],
					[
						[5.838607, 45.976457],
						[5.837925, 45.975593],
						[5.83762, 45.974854]
					],
					[
						[6.046125, 46.188189],
						[6.045894, 46.188351]
					],
					[
						[6.046462, 46.187915],
						[6.047448, 46.186869],
						[6.048646, 46.185887],
						[6.049501, 46.18529],
						[6.051353, 46.184133],
						[6.053395, 46.183298],
						[6.054364, 46.182691]
					],
					[
						[5.981271, 46.156622],
						[5.981245, 46.156981],
						[5.98132, 46.157346],
						[5.981815, 46.157865],
						[5.981902, 46.158203]
					],
					[
						[5.981271, 46.156622],
						[5.980861, 46.156472],
						[5.980643, 46.156342],
						[5.98009, 46.155664]
					],
					[
						[6.142111, 46.209398],
						[6.142046, 46.209242]
					],
					[
						[3.775914, 43.435267],
						[3.776429, 43.435325]
					],
					[
						[4.648166, 43.804568],
						[4.648495, 43.804544],
						[4.648613, 43.804607]
					],
					[
						[5.973145, 46.141666],
						[5.972993, 46.141313],
						[5.972549, 46.140925],
						[5.97209, 46.140345],
						[5.97152, 46.139754]
					],
					[
						[5.970972, 46.144417],
						[5.971484, 46.143975],
						[5.971884, 46.14343],
						[5.97311, 46.142268],
						[5.973212, 46.142072],
						[5.973206, 46.141868]
					],
					[
						[5.973206, 46.141868],
						[5.973145, 46.141666]
					],
					[
						[6.146787, 46.204681],
						[6.146529, 46.204731]
					],
					[
						[6.194969, 46.235525],
						[6.19552, 46.236249],
						[6.19597, 46.236561]
					],
					[
						[6.202257, 46.239757],
						[6.203597, 46.240108],
						[6.20397, 46.240307]
					],
					[
						[6.205114, 46.24124],
						[6.20654, 46.242128],
						[6.208459, 46.243879]
					],
					[
						[6.21857, 46.257118],
						[6.218886, 46.257726],
						[6.219044, 46.25842],
						[6.219196, 46.258821],
						[6.219672, 46.259456]
					],
					[
						[6.225032, 46.265322],
						[6.224431, 46.265433]
					],
					[
						[6.224667, 46.268201],
						[6.22519, 46.267981],
						[6.226649, 46.266802],
						[6.226644, 46.2667],
						[6.226501, 46.266537],
						[6.226158, 46.266246],
						[6.225829, 46.266047]
					],
					[
						[6.235342, 46.28226],
						[6.23624, 46.282588],
						[6.236704, 46.282851]
					],
					[
						[6.236704, 46.282851],
						[6.237317, 46.283203],
						[6.239386, 46.284228],
						[6.239448, 46.284312]
					],
					[
						[6.239844, 46.284543],
						[6.240329, 46.285015],
						[6.240781, 46.285583],
						[6.24145, 46.28729],
						[6.243081, 46.2903],
						[6.243814, 46.291192],
						[6.244497, 46.29189],
						[6.244931, 46.292499],
						[6.245692, 46.293087],
						[6.246779, 46.294114],
						[6.247107, 46.294612],
						[6.247195, 46.294862],
						[6.247191, 46.295091],
						[6.247039, 46.295572],
						[6.246284, 46.296269],
						[6.245478, 46.296861]
					],
					[
						[6.239448, 46.284312],
						[6.239844, 46.284543]
					],
					[
						[6.245478, 46.296861],
						[6.24551, 46.297368],
						[6.245617, 46.297837],
						[6.246118, 46.298926],
						[6.24611, 46.299889],
						[6.245867, 46.300253]
					],
					[
						[6.244266, 46.301982],
						[6.244226, 46.301864]
					],
					[
						[6.244226, 46.301864],
						[6.243848, 46.301256]
					],
					[
						[6.244387, 46.302288],
						[6.244266, 46.301982]
					],
					[
						[6.247748, 46.303077],
						[6.24758, 46.302826]
					],
					[
						[6.24758, 46.302826],
						[6.247552, 46.302786]
					],
					[
						[6.247552, 46.302786],
						[6.24748, 46.302676]
					],
					[
						[6.24748, 46.302676],
						[6.247314, 46.30253],
						[6.247096, 46.302473],
						[6.246142, 46.302546],
						[6.244945, 46.302482],
						[6.24467, 46.302435],
						[6.244387, 46.302288]
					],
					[
						[6.24758, 46.302826],
						[6.247769, 46.302937],
						[6.247748, 46.303077]
					],
					[
						[6.102643, 46.182302],
						[6.103212, 46.182515]
					],
					[
						[6.144529, 46.206469],
						[6.144822, 46.206218]
					],
					[
						[6.123808, 46.196259],
						[6.124677, 46.196572]
					],
					[
						[4.823006, 44.018225],
						[4.82344, 44.018334],
						[4.824271, 44.01818],
						[4.82543, 44.017912],
						[4.826812, 44.017451],
						[4.827492, 44.017369],
						[4.828808, 44.017372],
						[4.829378, 44.017428],
						[4.832223, 44.017979],
						[4.832862, 44.017995],
						[4.834144, 44.017853],
						[4.834581, 44.017756],
						[4.835017, 44.0176],
						[4.837576, 44.01617]
					],
					[
						[6.124629, 46.196453],
						[6.124496, 46.196202]
					],
					[
						[6.121357, 46.195796],
						[6.120652, 46.194208]
					],
					[
						[6.120652, 46.194208],
						[6.120607, 46.194122]
					],
					[
						[4.723368, 44.581124],
						[4.722853, 44.579528],
						[4.722263, 44.578782],
						[4.72167, 44.577509],
						[4.721116, 44.576702]
					],
					[
						[4.724949, 44.583001],
						[4.727412, 44.582689]
					],
					[
						[4.73309, 44.584968],
						[4.734932, 44.585312],
						[4.739127, 44.586822],
						[4.739846, 44.587199],
						[4.741487, 44.58856]
					],
					[
						[4.724942, 44.582971],
						[4.724913, 44.583028],
						[4.72485, 44.583011],
						[4.724878, 44.582956],
						[4.724942, 44.582971]
					],
					[
						[4.720684, 44.57571],
						[4.720783, 44.576086]
					],
					[
						[4.73309, 44.584968],
						[4.730521, 44.584219]
					],
					[
						[4.785613, 44.798996],
						[4.785719, 44.798897]
					],
					[
						[4.783381, 44.801101],
						[4.785613, 44.798996]
					],
					[
						[4.751994, 44.593666],
						[4.752747, 44.593752],
						[4.752882, 44.59381],
						[4.754033, 44.594926],
						[4.754446, 44.595269],
						[4.754607, 44.595346],
						[4.754898, 44.595338],
						[4.755381, 44.595124],
						[4.755586, 44.595094],
						[4.755901, 44.595147],
						[4.756088, 44.595271],
						[4.756218, 44.595423],
						[4.756548, 44.596095],
						[4.756852, 44.597393],
						[4.756945, 44.597586],
						[4.757365, 44.598186],
						[4.757779, 44.598478],
						[4.758153, 44.59867],
						[4.758575, 44.598788],
						[4.762679, 44.599518],
						[4.766748, 44.600548],
						[4.767197, 44.600626],
						[4.768046, 44.600693],
						[4.769534, 44.600645],
						[4.771024, 44.600262],
						[4.771438, 44.600238]
					],
					[
						[4.788588, 44.623633],
						[4.78907, 44.622254],
						[4.789361, 44.62001],
						[4.789304, 44.619163],
						[4.789352, 44.618108],
						[4.788414, 44.614354],
						[4.788913, 44.613149],
						[4.788992, 44.612687],
						[4.788835, 44.610848],
						[4.7891, 44.610365],
						[4.789318, 44.609756],
						[4.789335, 44.609366],
						[4.789583, 44.60803],
						[4.789527, 44.607062],
						[4.789455, 44.606799],
						[4.788937, 44.605664],
						[4.788666, 44.605347]
					],
					[
						[6.117969, 46.19031],
						[6.116755, 46.192182]
					],
					[
						[6.197627, 46.238327],
						[6.197533, 46.238141]
					],
					[
						[4.81564, 45.730329],
						[4.815624, 45.730549],
						[4.815716, 45.730773],
						[4.816649, 45.731882]
					],
					[
						[6.054364, 46.182691],
						[6.055305, 46.182036],
						[6.05654, 46.181389],
						[6.060811, 46.180176]
					],
					[
						[6.060811, 46.180176],
						[6.064105, 46.179259],
						[6.066894, 46.178095],
						[6.068015, 46.177552],
						[6.069, 46.177011]
					],
					[
						[4.808772, 45.611735],
						[4.808557, 45.611865]
					],
					[
						[4.809928, 45.611638],
						[4.809473, 45.61148],
						[4.809018, 45.611641],
						[4.808911, 45.61164],
						[4.80872, 45.611577],
						[4.808461, 45.611393],
						[4.808417, 45.611425]
					],
					[
						[4.808557, 45.611865],
						[4.808376, 45.611964]
					],
					[
						[6.002535, 46.171308],
						[6.002029, 46.171004],
						[6.001665, 46.170514],
						[6.00126, 46.170153]
					],
					[
						[4.854517, 45.014903],
						[4.854386, 45.015073]
					],
					[
						[4.854678, 45.014941],
						[4.855038, 45.015078]
					],
					[
						[4.8826, 44.929628],
						[4.882935, 44.92945]
					],
					[
						[4.87584, 44.915629],
						[4.875709, 44.915434]
					],
					[
						[4.873727, 44.916599],
						[4.873323, 44.917148],
						[4.873254, 44.917554],
						[4.873399, 44.918089],
						[4.873988, 44.919457],
						[4.874446, 44.920228],
						[4.875349, 44.921438],
						[4.87637, 44.922562],
						[4.876765, 44.923203],
						[4.877753, 44.924194],
						[4.877897, 44.924401],
						[4.878298, 44.924701],
						[4.878814, 44.925187],
						[4.8798, 44.926341]
					],
					[
						[4.808776, 45.192205],
						[4.808022, 45.193294],
						[4.807636, 45.194277],
						[4.80755, 45.194727],
						[4.807674, 45.195059],
						[4.807626, 45.196193],
						[4.807715, 45.197197],
						[4.807817, 45.197424],
						[4.807854, 45.198029],
						[4.807994, 45.198513],
						[4.808141, 45.198703],
						[4.808611, 45.199042],
						[4.809294, 45.199641],
						[4.810241, 45.20021],
						[4.811847, 45.201013],
						[4.812974, 45.201829],
						[4.813392, 45.202334],
						[4.813842, 45.203121],
						[4.813915, 45.203362],
						[4.813927, 45.204428],
						[4.81385, 45.205622],
						[4.813584, 45.205701],
						[4.813506, 45.206125],
						[4.813275, 45.206392],
						[4.812819, 45.207198],
						[4.812566, 45.207853],
						[4.812201, 45.208483],
						[4.811608, 45.20902],
						[4.811057, 45.209952],
						[4.810026, 45.212159],
						[4.80923, 45.215021],
						[4.809142, 45.215636],
						[4.808434, 45.21863],
						[4.80844, 45.218829]
					],
					[
						[4.855038, 45.015078],
						[4.855091, 45.015035],
						[4.855674, 45.015155],
						[4.855242, 45.014935],
						[4.855059, 45.014916],
						[4.854761, 45.014765],
						[4.854691, 45.01468]
					],
					[
						[4.870921, 44.993865],
						[4.870141, 44.991677],
						[4.86974, 44.990847],
						[4.869271, 44.990227],
						[4.868546, 44.989627],
						[4.867236, 44.987326],
						[4.866428, 44.98633],
						[4.865551, 44.985622],
						[4.864419, 44.984854],
						[4.862052, 44.983647],
						[4.861091, 44.983235],
						[4.860386, 44.982862],
						[4.85969, 44.982331],
						[4.859201, 44.981808],
						[4.858626, 44.980873],
						[4.858525, 44.980635],
						[4.858353, 44.979733],
						[4.858355, 44.978734],
						[4.858469, 44.977797],
						[4.858762, 44.976723],
						[4.859238, 44.975681],
						[4.860315, 44.97399]
					],
					[
						[4.860315, 44.97399],
						[4.860894, 44.974163],
						[4.861565, 44.974292],
						[4.861969, 44.973878],
						[4.862198, 44.973735],
						[4.862741, 44.973538]
					],
					[
						[4.870921, 44.993865],
						[4.871034, 44.993992],
						[4.871287, 44.994027],
						[4.871068, 44.994163]
					],
					[
						[6.016881, 46.193045],
						[6.01945, 46.192119],
						[6.01973, 46.192078],
						[6.020009, 46.192141],
						[6.020196, 46.192308],
						[6.020202, 46.192825],
						[6.020297, 46.193011],
						[6.020524, 46.193141],
						[6.020824, 46.193159],
						[6.021136, 46.193004],
						[6.021714, 46.192277],
						[6.021939, 46.192142]
					],
					[
						[5.702648, 45.708103],
						[5.702456, 45.708093],
						[5.700823, 45.708276],
						[5.700438, 45.708376],
						[5.700348, 45.708342],
						[5.700669, 45.707398],
						[5.70097, 45.705345],
						[5.701424, 45.704093],
						[5.70127, 45.70294],
						[5.701411, 45.702627],
						[5.702117, 45.701718],
						[5.703279, 45.700026],
						[5.703534, 45.699728],
						[5.703822, 45.6995],
						[5.704338, 45.699185],
						[5.704658, 45.699063],
						[5.706355, 45.698784],
						[5.707236, 45.69845],
						[5.707713, 45.698167],
						[5.708104, 45.697847],
						[5.708213, 45.697713],
						[5.708215, 45.697333],
						[5.708315, 45.697197],
						[5.709033, 45.696959],
						[5.709384, 45.696448],
						[5.710025, 45.695304],
						[5.709917, 45.694391],
						[5.709798, 45.694232],
						[5.709418, 45.693998],
						[5.709316, 45.69379],
						[5.709337, 45.693435],
						[5.709563, 45.693033],
						[5.710269, 45.69216],
						[5.71072, 45.691466],
						[5.712643, 45.69112]
					],
					[
						[6.045894, 46.188351],
						[6.045966, 46.188164]
					],
					[
						[6.14208, 46.207104],
						[6.14252, 46.208058]
					],
					[
						[5.295064, 45.797561],
						[5.295125, 45.797616]
					],
					[
						[5.293157, 45.797074],
						[5.293597, 45.797212],
						[5.29454, 45.797299],
						[5.295064, 45.797561]
					],
					[
						[6.175693, 46.215195],
						[6.174341, 46.213322],
						[6.173498, 46.212466]
					],
					[
						[4.821586, 45.732538],
						[4.821765, 45.732886]
					],
					[
						[5.653556, 45.636222],
						[5.654796, 45.63539]
					],
					[
						[5.654796, 45.63539],
						[5.655782, 45.634725],
						[5.655917, 45.634562]
					],
					[
						[4.786917, 43.950071],
						[4.787921, 43.950232],
						[4.789336, 43.950548],
						[4.78944, 43.950605],
						[4.789701, 43.950872],
						[4.790149, 43.951616],
						[4.79029, 43.952],
						[4.790493, 43.952263],
						[4.7905, 43.952546]
					],
					[
						[4.791026, 43.954033],
						[4.79111, 43.954006]
					],
					[
						[4.759722, 43.950932],
						[4.75941, 43.950793]
					],
					[
						[4.7836, 43.94985],
						[4.783719, 43.949776],
						[4.784119, 43.949825]
					],
					[
						[4.770666, 43.949718],
						[4.771048, 43.949723],
						[4.773772, 43.949063]
					],
					[
						[4.770666, 43.949718],
						[4.770517, 43.949905],
						[4.769936, 43.950204],
						[4.769401, 43.950395],
						[4.768419, 43.950646],
						[4.767024, 43.951406],
						[4.765948, 43.951716],
						[4.765561, 43.951782],
						[4.765308, 43.951889]
					],
					[
						[4.860347, 45.06057],
						[4.860772, 45.059911],
						[4.860794, 45.059609],
						[4.861788, 45.057562],
						[4.862008, 45.056917],
						[4.862181, 45.05576],
						[4.862143, 45.054843],
						[4.861987, 45.054048],
						[4.861606, 45.053038],
						[4.861014, 45.051986],
						[4.858862, 45.049085],
						[4.857349, 45.047422],
						[4.856224, 45.046394],
						[4.854667, 45.045267],
						[4.852345, 45.043815],
						[4.850948, 45.043038],
						[4.849534, 45.042177],
						[4.849248, 45.041958]
					],
					[
						[4.856922, 45.063994],
						[4.856053, 45.064452],
						[4.853606, 45.065478],
						[4.851274, 45.066205],
						[4.849103, 45.066603],
						[4.846223, 45.066934],
						[4.845518, 45.067065]
					],
					[
						[4.871068, 44.994163],
						[4.869025, 44.995168]
					],
					[
						[5.194525, 45.768649],
						[5.193719, 45.768096]
					],
					[
						[5.195595, 45.767877],
						[5.19625, 45.76798],
						[5.196848, 45.767931],
						[5.197415, 45.767792]
					],
					[
						[5.172055, 45.77966],
						[5.173162, 45.78045],
						[5.173568, 45.780894],
						[5.174129, 45.781613],
						[5.17506, 45.78304],
						[5.175431, 45.783884]
					],
					[
						[5.172124, 45.772514],
						[5.17197, 45.772708],
						[5.170825, 45.774958],
						[5.170406, 45.775891]
					],
					[
						[5.175286, 45.771001],
						[5.175218, 45.770943],
						[5.175237, 45.77084],
						[5.175444, 45.770803],
						[5.175525, 45.770867],
						[5.175519, 45.770952],
						[5.175444, 45.771006],
						[5.175286, 45.771001]
					],
					[
						[5.180118, 45.769527],
						[5.181994, 45.768759]
					],
					[
						[5.169748, 45.777153],
						[5.170424, 45.7787],
						[5.170793, 45.779882]
					],
					[
						[5.175519, 45.770952],
						[5.175961, 45.771018],
						[5.176289, 45.77094],
						[5.177714, 45.770373],
						[5.180118, 45.769527]
					],
					[
						[5.834002, 45.956809],
						[5.833938, 45.956776],
						[5.833961, 45.956689],
						[5.83487, 45.955214],
						[5.835252, 45.954223],
						[5.835385, 45.954036],
						[5.835385, 45.953851],
						[5.835497, 45.953567],
						[5.836612, 45.951088],
						[5.837008, 45.949928],
						[5.837169, 45.949245],
						[5.837474, 45.94731],
						[5.837516, 45.946306],
						[5.837292, 45.944752],
						[5.836599, 45.94352]
					],
					[
						[5.704189, 45.738838],
						[5.703836, 45.738322]
					],
					[
						[5.73947, 45.75987],
						[5.739887, 45.75998],
						[5.740837, 45.760329],
						[5.742849, 45.760756],
						[5.743102, 45.760883],
						[5.743319, 45.761006],
						[5.743911, 45.761547],
						[5.744688, 45.762122],
						[5.745166, 45.762712],
						[5.74602, 45.763407],
						[5.747259, 45.763992],
						[5.747901, 45.764204],
						[5.748064, 45.764221]
					],
					[
						[4.886597, 44.93119],
						[4.886945, 44.931943]
					],
					[
						[5.625855, 45.641424],
						[5.625653, 45.641317],
						[5.624759, 45.640596],
						[5.623778, 45.640064],
						[5.623391, 45.639662]
					],
					[
						[5.634166, 45.640468],
						[5.635017, 45.640551],
						[5.636082, 45.640783],
						[5.637074, 45.640712],
						[5.638992, 45.640842],
						[5.639598, 45.640842],
						[5.641452, 45.640742],
						[5.641677, 45.640698],
						[5.642007, 45.64051],
						[5.642484, 45.640555],
						[5.642855, 45.640415]
					],
					[
						[5.553628, 45.709912],
						[5.554074, 45.709422],
						[5.554341, 45.709326],
						[5.554617, 45.709072],
						[5.55501, 45.708477],
						[5.555414, 45.708034],
						[5.555365, 45.707639],
						[5.555582, 45.70603],
						[5.555892, 45.705318],
						[5.555894, 45.704976],
						[5.555642, 45.704362],
						[5.555506, 45.703721],
						[5.554732, 45.702365],
						[5.554328, 45.701361]
					],
					[
						[5.567197, 45.683515],
						[5.568193, 45.682015],
						[5.568502, 45.681691],
						[5.569358, 45.681141],
						[5.569499, 45.680926],
						[5.570138, 45.679361],
						[5.570222, 45.678998],
						[5.570208, 45.678743],
						[5.569407, 45.676801],
						[5.569992, 45.676188],
						[5.570475, 45.675868],
						[5.571191, 45.67527],
						[5.57193, 45.674492],
						[5.57281, 45.67396],
						[5.573163, 45.673828],
						[5.573867, 45.673941],
						[5.574246, 45.673923],
						[5.575983, 45.673418],
						[5.576321, 45.673191]
					],
					[
						[5.642239, 45.638962],
						[5.642991, 45.640045]
					],
					[
						[5.623229, 45.639253],
						[5.6228, 45.63778]
					],
					[
						[4.768649, 45.457859],
						[4.769387, 45.457839]
					],
					[
						[4.760839, 45.45877],
						[4.761642, 45.458197]
					],
					[
						[5.876186, 46.061959],
						[5.871173, 46.061681]
					],
					[
						[5.879912, 46.062161],
						[5.878987, 46.062114]
					],
					[
						[4.889048, 44.933835],
						[4.889039, 44.934329]
					],
					[
						[6.046411, 46.188017],
						[6.046401, 46.188097]
					],
					[
						[6.046401, 46.188097],
						[6.04622, 46.188113]
					],
					[
						[5.433466, 45.775612],
						[5.433254, 45.777762]
					],
					[
						[5.430504, 45.772118],
						[5.430473, 45.772148],
						[5.431154, 45.772526],
						[5.431686, 45.772898],
						[5.432093, 45.773249],
						[5.432695, 45.773932]
					],
					[
						[6.000971, 46.177543],
						[6.001038, 46.177061],
						[6.000786, 46.176384]
					],
					[
						[5.534163, 45.712901],
						[5.538861, 45.713094],
						[5.540978, 45.713063],
						[5.542732, 45.712902],
						[5.543905, 45.712732],
						[5.544628, 45.712568],
						[5.546406, 45.711737],
						[5.54719, 45.71132]
					],
					[
						[5.521044, 45.696454],
						[5.522337, 45.697676],
						[5.522433, 45.698127],
						[5.522414, 45.698522],
						[5.52231, 45.698728],
						[5.522443, 45.698892],
						[5.523451, 45.699101],
						[5.525557, 45.699148],
						[5.528437, 45.700759],
						[5.528608, 45.700909],
						[5.528883, 45.700929]
					],
					[
						[5.528883, 45.700929],
						[5.528924, 45.701199],
						[5.528314, 45.702613],
						[5.527617, 45.703258],
						[5.527295, 45.703623],
						[5.527175, 45.703864],
						[5.527097, 45.704191],
						[5.526963, 45.706026],
						[5.527067, 45.706644]
					],
					[
						[4.895051, 45.784366],
						[4.894216, 45.784126]
					],
					[
						[4.590696, 43.874292],
						[4.590523, 43.874248]
					],
					[
						[4.590247, 43.874294],
						[4.590503, 43.874155]
					],
					[
						[4.696035, 44.452748],
						[4.696135, 44.452855],
						[4.696075, 44.453922],
						[4.69614, 44.454134],
						[4.696858, 44.455392],
						[4.697251, 44.45643],
						[4.697926, 44.4589]
					],
					[
						[4.888793, 44.941226],
						[4.886892, 44.941274]
					],
					[
						[5.653635, 45.636333],
						[5.653536, 45.63644],
						[5.653519, 45.636849],
						[5.653439, 45.637005],
						[5.653281, 45.637168],
						[5.653005, 45.637292],
						[5.65266, 45.637346],
						[5.65249, 45.637328],
						[5.651299, 45.637044],
						[5.650735, 45.636783],
						[5.64715, 45.63425],
						[5.646697, 45.634048],
						[5.645932, 45.63394]
					],
					[
						[5.853109, 45.992815],
						[5.852458, 45.992308],
						[5.852111, 45.992138]
					],
					[
						[5.835689, 45.962477],
						[5.835128, 45.963499],
						[5.835314, 45.964262]
					],
					[
						[5.834144, 45.957393],
						[5.834269, 45.957502],
						[5.834456, 45.957566]
					],
					[
						[5.835563, 45.959332],
						[5.835081, 45.959123]
					],
					[
						[5.622047, 45.637471],
						[5.621868, 45.637657],
						[5.621628, 45.637757],
						[5.620461, 45.637697],
						[5.619458, 45.637707],
						[5.617552, 45.637916]
					],
					[
						[5.835515, 45.967204],
						[5.835423, 45.966817],
						[5.835377, 45.966144]
					],
					[
						[4.837319, 45.013613],
						[4.837104, 45.013559],
						[4.83674, 45.013618],
						[4.836563, 45.013582],
						[4.836552, 45.013438],
						[4.836756, 45.013319],
						[4.836969, 45.013295],
						[4.836978, 45.013245],
						[4.836741, 45.013007],
						[4.836104, 45.012524],
						[4.835849, 45.012139],
						[4.835842, 45.011916],
						[4.835985, 45.011647],
						[4.836258, 45.01144],
						[4.836862, 45.01111]
					],
					[
						[4.839806, 45.01502],
						[4.839452, 45.014659],
						[4.838705, 45.014189],
						[4.837319, 45.013613]
					],
					[
						[4.854919, 44.910366],
						[4.855311, 44.910263]
					],
					[
						[5.826213, 45.929814],
						[5.826629, 45.929756],
						[5.826827, 45.930093],
						[5.827185, 45.930129],
						[5.8299, 45.929946]
					],
					[
						[5.83146, 45.925422],
						[5.832813, 45.925291],
						[5.833625, 45.925312],
						[5.833889, 45.925359]
					],
					[
						[5.8299, 45.929946],
						[5.829788, 45.929744],
						[5.829766, 45.929554],
						[5.82976, 45.928405],
						[5.829416, 45.927803],
						[5.829361, 45.927424],
						[5.829578, 45.926767],
						[5.829953, 45.925975]
					],
					[
						[5.839451, 45.885452],
						[5.83907, 45.88529],
						[5.836899, 45.885025],
						[5.836684, 45.884845],
						[5.836594, 45.884303],
						[5.836527, 45.884193],
						[5.835971, 45.883936]
					],
					[
						[5.842931, 45.880534],
						[5.842217, 45.879866],
						[5.842179, 45.879718],
						[5.841047, 45.879537],
						[5.84031, 45.879343]
					],
					[
						[5.835971, 45.883936],
						[5.835893, 45.883482],
						[5.835746, 45.883223],
						[5.835009, 45.882906],
						[5.834808, 45.88276],
						[5.834674, 45.88257],
						[5.833772, 45.880738]
					],
					[
						[5.84031, 45.879343],
						[5.8383, 45.878724],
						[5.836144, 45.877933],
						[5.833278, 45.877033]
					],
					[
						[5.840316, 45.889739],
						[5.838344, 45.889859],
						[5.83711, 45.889828],
						[5.836465, 45.88972],
						[5.835972, 45.889232],
						[5.835799, 45.889141],
						[5.834942, 45.889097]
					],
					[
						[5.840263, 45.88694],
						[5.840401, 45.886826],
						[5.840372, 45.886453]
					],
					[
						[5.839892, 45.892469],
						[5.834942, 45.889097]
					],
					[
						[5.840113, 45.901943],
						[5.838388, 45.901837]
					],
					[
						[5.820093, 45.867549],
						[5.819789, 45.866674],
						[5.819543, 45.866189],
						[5.819613, 45.865834],
						[5.819223, 45.864867],
						[5.819235, 45.864791]
					],
					[
						[5.824212, 45.864008],
						[5.82382, 45.861882],
						[5.823711, 45.86164],
						[5.822775, 45.860436],
						[5.822448, 45.859827],
						[5.822132, 45.858867],
						[5.821713, 45.857254],
						[5.821198, 45.855781],
						[5.820201, 45.853259],
						[5.819687, 45.851594]
					],
					[
						[5.820333, 45.85151],
						[5.819687, 45.851594]
					],
					[
						[5.789194, 45.809685],
						[5.789776, 45.80944]
					],
					[
						[5.840377, 45.893469],
						[5.840239, 45.893687],
						[5.840185, 45.893916],
						[5.839885, 45.894213],
						[5.839788, 45.894619],
						[5.83936, 45.895057],
						[5.839255, 45.895295],
						[5.839276, 45.895467],
						[5.839553, 45.895681]
					],
					[
						[5.425364, 45.726842],
						[5.425193, 45.726795],
						[5.424261, 45.72507],
						[5.423755, 45.723955],
						[5.423079, 45.72205]
					],
					[
						[5.422176, 45.719248],
						[5.423079, 45.72205]
					],
					[
						[4.875709, 44.915434],
						[4.875107, 44.914597]
					],
					[
						[4.641473, 43.802798],
						[4.64152, 43.803023]
					],
					[
						[4.641415, 43.802515],
						[4.641473, 43.802798]
					],
					[
						[4.64152, 43.803023],
						[4.64153, 43.803153]
					],
					[
						[4.641394, 43.80233],
						[4.641415, 43.802515]
					],
					[
						[4.645352, 43.800871],
						[4.644521, 43.801404],
						[4.643345, 43.800194],
						[4.643192, 43.80012],
						[4.641491, 43.79984]
					],
					[
						[5.629306, 45.641111],
						[5.630064, 45.641064],
						[5.631214, 45.64077],
						[5.63178, 45.640709]
					],
					[
						[5.97152, 46.139754],
						[5.970295, 46.139166],
						[5.968836, 46.138625],
						[5.968577, 46.138422],
						[5.968405, 46.138174],
						[5.968248, 46.138076]
					],
					[
						[4.890038, 44.941044],
						[4.890217, 44.941628]
					],
					[
						[4.889891, 44.939623],
						[4.889961, 44.940626]
					],
					[
						[4.889094, 44.934558],
						[4.889569, 44.935326]
					],
					[
						[5.981929, 46.158389],
						[5.981953, 46.158569],
						[5.981889, 46.158785]
					],
					[
						[5.981902, 46.158203],
						[5.981929, 46.158389]
					],
					[
						[4.842711, 45.064907],
						[4.844324, 45.06458],
						[4.844875, 45.064548]
					],
					[
						[4.886945, 44.931943],
						[4.887126, 44.932358]
					],
					[
						[4.887126, 44.932358],
						[4.887743, 44.9322]
					],
					[
						[5.301285, 45.803759],
						[5.301579, 45.804916],
						[5.302298, 45.8071],
						[5.302711, 45.808636],
						[5.302653, 45.808788]
					],
					[
						[4.808636, 45.613906],
						[4.809233, 45.613688]
					],
					[
						[4.808507, 45.614052],
						[4.808974, 45.615217]
					],
					[
						[4.809233, 45.613688],
						[4.809465, 45.613501],
						[4.80948, 45.613349],
						[4.809387, 45.613206],
						[4.808513, 45.612582],
						[4.808439, 45.612404],
						[4.808627, 45.612167]
					],
					[
						[4.808517, 45.613962],
						[4.808636, 45.613906]
					],
					[
						[4.780736, 45.582319],
						[4.780688, 45.582453],
						[4.779746, 45.583455],
						[4.779239, 45.58415],
						[4.778941, 45.584694],
						[4.778658, 45.585482],
						[4.778515, 45.586642],
						[4.778763, 45.588683],
						[4.779117, 45.589278],
						[4.781462, 45.590716],
						[4.782012, 45.59101],
						[4.784896, 45.592113],
						[4.785277, 45.592222]
					],
					[
						[3.970736, 43.545429],
						[3.970928, 43.545356]
					],
					[
						[3.978949, 43.546564],
						[3.979033, 43.546535],
						[3.981398, 43.547288]
					],
					[
						[3.973387, 43.545802],
						[3.973206, 43.545669],
						[3.972894, 43.545567]
					],
					[
						[4.71466, 44.554811],
						[4.714551, 44.555266],
						[4.714374, 44.556833],
						[4.714365, 44.558831],
						[4.716208, 44.573154]
					],
					[
						[4.978967, 45.794362],
						[4.978894, 45.794437]
					],
					[
						[4.978894, 45.794437],
						[4.978483, 45.79541],
						[4.978364, 45.795499],
						[4.977943, 45.79562],
						[4.977793, 45.795858]
					],
					[
						[4.295702, 43.637609],
						[4.296494, 43.637801],
						[4.298005, 43.63806]
					],
					[
						[4.135846, 43.537014],
						[4.135442, 43.537455]
					],
					[
						[4.134068, 43.540159],
						[4.133949, 43.540158]
					],
					[
						[4.135442, 43.537455],
						[4.13433, 43.539654]
					],
					[
						[5.352698, 45.885806],
						[5.352827, 45.885662]
					],
					[
						[4.796953, 45.60044],
						[4.797073, 45.600482],
						[4.797015, 45.600554],
						[4.796905, 45.600513],
						[4.796953, 45.60044]
					],
					[
						[4.790329, 45.594056],
						[4.790957, 45.594038],
						[4.791161, 45.594071],
						[4.791434, 45.594173],
						[4.791869, 45.594462],
						[4.792252, 45.594792],
						[4.792616, 45.595894]
					],
					[
						[4.827655, 45.684118],
						[4.827699, 45.684173],
						[4.827664, 45.684377],
						[4.827766, 45.68449]
					],
					[
						[4.827766, 45.68449],
						[4.827828, 45.684561],
						[4.827796, 45.684647]
					],
					[
						[5.106496, 45.780336],
						[5.105615, 45.780667],
						[5.105032, 45.780948],
						[5.103269, 45.781514],
						[5.099635, 45.782275],
						[5.09091, 45.784281],
						[5.090452, 45.784313],
						[5.089593, 45.784225],
						[5.089395, 45.784265]
					],
					[
						[5.039018, 45.798758],
						[5.040005, 45.798252]
					],
					[
						[5.127793, 45.784049],
						[5.127934, 45.787429],
						[5.127696, 45.78827],
						[5.127614, 45.788984],
						[5.127278, 45.789607]
					],
					[
						[5.106882, 45.780575],
						[5.108881, 45.779797],
						[5.109536, 45.779608],
						[5.111008, 45.779316],
						[5.111836, 45.778998],
						[5.113862, 45.778611],
						[5.115555, 45.778399]
					],
					[
						[5.115947, 45.782753],
						[5.117077, 45.782918],
						[5.119838, 45.783116],
						[5.122258, 45.782993],
						[5.122876, 45.783004],
						[5.125213, 45.783357],
						[5.125476, 45.783458],
						[5.126, 45.783795],
						[5.126272, 45.783869],
						[5.127793, 45.784049]
					],
					[
						[5.175909, 45.78511],
						[5.175654, 45.785937],
						[5.175607, 45.786483],
						[5.17564, 45.78711]
					],
					[
						[5.162007, 45.7936],
						[5.161833, 45.793658],
						[5.159819, 45.793964],
						[5.159394, 45.793971],
						[5.158556, 45.793844],
						[5.157077, 45.793805]
					],
					[
						[5.16971, 45.790464],
						[5.170122, 45.790566],
						[5.170875, 45.790857],
						[5.173374, 45.792063]
					],
					[
						[4.767355, 45.32696],
						[4.767581, 45.327114],
						[4.768878, 45.327556],
						[4.770218, 45.3277],
						[4.77058, 45.327986],
						[4.771547, 45.328284]
					],
					[
						[4.781629, 45.328233],
						[4.78375, 45.32885],
						[4.785286, 45.329649]
					],
					[
						[4.785286, 45.329649],
						[4.783652, 45.339631],
						[4.783653, 45.339712],
						[4.783722, 45.339762],
						[4.784395, 45.339903],
						[4.78449, 45.340053],
						[4.784455, 45.340342],
						[4.784369, 45.340455],
						[4.783934, 45.340519],
						[4.783572, 45.340646],
						[4.783463, 45.340844],
						[4.783377, 45.341439]
					],
					[
						[4.759399, 45.457302],
						[4.759451, 45.457142]
					],
					[
						[4.759399, 45.457302],
						[4.759787, 45.457518],
						[4.759887, 45.457632]
					],
					[
						[4.770781, 45.457785],
						[4.771258, 45.458063],
						[4.772171, 45.459274]
					],
					[
						[4.777112, 45.46598],
						[4.777677, 45.466462],
						[4.778534, 45.467032],
						[4.778965, 45.467503]
					],
					[
						[4.778965, 45.467503],
						[4.778605, 45.46974],
						[4.777471, 45.470697]
					],
					[
						[4.777471, 45.470697],
						[4.777521, 45.470726]
					],
					[
						[4.783939, 45.479576],
						[4.784216, 45.479448]
					],
					[
						[4.784256, 45.479432],
						[4.784637, 45.479761],
						[4.785604, 45.480411],
						[4.786356, 45.480659],
						[4.787157, 45.480775],
						[4.788292, 45.480577],
						[4.788527, 45.481377],
						[4.788639, 45.482313]
					],
					[
						[4.825769, 45.49663],
						[4.825938, 45.496672],
						[4.830475, 45.499412],
						[4.831455, 45.499872],
						[4.832394, 45.500217],
						[4.837357, 45.501512],
						[4.838139, 45.501849],
						[4.838469, 45.501811],
						[4.838656, 45.501556],
						[4.838933, 45.501488]
					],
					[
						[4.853173, 45.512152],
						[4.853465, 45.512386],
						[4.853254, 45.512782],
						[4.853284, 45.512866],
						[4.853431, 45.512977],
						[4.854144, 45.513344],
						[4.855866, 45.514073]
					],
					[
						[4.865984, 45.522568],
						[4.867756, 45.52384],
						[4.868125, 45.524184],
						[4.868994, 45.525317]
					],
					[
						[4.810669, 45.561073],
						[4.81153, 45.561329]
					],
					[
						[4.806702, 45.56004],
						[4.80841, 45.56049],
						[4.808749, 45.560628],
						[4.809467, 45.561066],
						[4.80964, 45.561073]
					],
					[
						[4.80964, 45.561073],
						[4.810372, 45.561022],
						[4.810669, 45.561073]
					],
					[
						[4.869775, 45.526405],
						[4.869973, 45.526598],
						[4.870688, 45.527716]
					],
					[
						[4.741992, 44.588978],
						[4.742441, 44.589307],
						[4.745354, 44.591019],
						[4.746024, 44.591468],
						[4.747179, 44.592379],
						[4.747593, 44.592571],
						[4.74861, 44.592905]
					],
					[
						[4.073705, 43.560262],
						[4.073893, 43.560277],
						[4.074545, 43.560554],
						[4.074709, 43.560579],
						[4.076552, 43.56045],
						[4.077292, 43.560761]
					],
					[
						[5.078361, 45.808069],
						[5.078049, 45.809315],
						[5.078011, 45.809821]
					],
					[
						[3.898113, 43.539478],
						[3.898351, 43.539721],
						[3.898363, 43.540174]
					],
					[
						[4.864523, 44.909726],
						[4.863817, 44.910276],
						[4.863382, 44.910756],
						[4.862948, 44.911522],
						[4.862785, 44.912185],
						[4.862801, 44.912966],
						[4.863499, 44.915716],
						[4.863536, 44.916141],
						[4.863478, 44.916744]
					],
					[
						[4.803282, 43.957196],
						[4.805035, 43.957803],
						[4.805771, 43.957984],
						[4.806648, 43.958099]
					],
					[
						[4.817785, 45.633978],
						[4.817889, 45.634126]
					],
					[
						[4.882957, 44.929068],
						[4.882805, 44.929157],
						[4.882972, 44.929408],
						[4.882935, 44.92945]
					],
					[
						[6.658848, 46.404533],
						[6.65592, 46.404779]
					],
					[
						[6.726428, 46.406477],
						[6.725018, 46.407159],
						[6.724613, 46.407282],
						[6.723845, 46.407426],
						[6.723256, 46.407424],
						[6.721774, 46.407131],
						[6.721066, 46.407084],
						[6.720118, 46.407142],
						[6.718636, 46.407448]
					],
					[
						[6.743758, 46.403897],
						[6.743416, 46.403847],
						[6.743114, 46.403865],
						[6.741348, 46.40422],
						[6.739319, 46.404539],
						[6.735725, 46.404691],
						[6.73441, 46.405048],
						[6.733422, 46.405207],
						[6.732215, 46.405607],
						[6.728955, 46.406248],
						[6.728117, 46.406371],
						[6.726954, 46.406364],
						[6.726428, 46.406477]
					],
					[
						[6.714422, 46.407434],
						[6.713869, 46.407557],
						[6.713146, 46.407603],
						[6.712687, 46.407608],
						[6.712187, 46.407539]
					],
					[
						[5.70677, 45.736762],
						[5.706612, 45.736703],
						[5.706388, 45.736697],
						[5.705915, 45.736452]
					],
					[
						[5.704189, 45.738838],
						[5.704176, 45.739132],
						[5.704057, 45.739408],
						[5.703087, 45.740428],
						[5.702746, 45.740969],
						[5.702548, 45.741433],
						[5.702435, 45.742271],
						[5.70285, 45.745681],
						[5.702829, 45.746083],
						[5.702511, 45.7467],
						[5.701874, 45.747414]
					],
					[
						[5.704632, 45.731745],
						[5.704433, 45.732259],
						[5.704318, 45.733205],
						[5.704353, 45.733415],
						[5.704668, 45.734126],
						[5.704727, 45.735019],
						[5.704871, 45.735353],
						[5.705259, 45.735858],
						[5.705915, 45.736452]
					],
					[
						[5.701016, 45.711076],
						[5.701198, 45.711084],
						[5.701506, 45.711202],
						[5.70253, 45.71143],
						[5.703769, 45.71155]
					],
					[
						[5.173374, 45.792063],
						[5.173798, 45.791896],
						[5.173957, 45.791514],
						[5.174179, 45.791304],
						[5.174421, 45.791268],
						[5.174892, 45.79133]
					],
					[
						[5.163163, 45.791883],
						[5.165028, 45.792194],
						[5.165485, 45.791997],
						[5.165689, 45.79171],
						[5.166464, 45.791358],
						[5.166726, 45.791344],
						[5.168235, 45.791635]
					],
					[
						[4.705369, 44.240923],
						[4.705696, 44.237808]
					],
					[
						[4.708637, 44.230594],
						[4.708759, 44.230477],
						[4.710119, 44.22795],
						[4.709777, 44.225294]
					],
					[
						[4.863897, 45.785756],
						[4.865407, 45.785976],
						[4.866886, 45.786274],
						[4.868502, 45.786752],
						[4.869751, 45.787276],
						[4.870265, 45.787344],
						[4.872304, 45.787427],
						[4.875548, 45.787811]
					],
					[
						[4.687493, 44.246964],
						[4.686882, 44.247043],
						[4.6865, 44.247021],
						[4.685253, 44.246725],
						[4.683614, 44.246241],
						[4.682743, 44.246047],
						[4.682265, 44.246015],
						[4.681972, 44.246131]
					],
					[
						[4.713988, 44.186803],
						[4.720232, 44.187707],
						[4.721153, 44.187808],
						[4.721547, 44.18805]
					],
					[
						[4.681972, 44.246131],
						[4.681319, 44.246191],
						[4.680239, 44.245933],
						[4.679584, 44.245902],
						[4.679159, 44.245971],
						[4.678047, 44.246301],
						[4.677123, 44.246518],
						[4.676765, 44.246555],
						[4.675752, 44.246521],
						[4.675657, 44.24655],
						[4.675546, 44.246671],
						[4.675513, 44.247049],
						[4.674866, 44.247795],
						[4.67447, 44.248371],
						[4.674159, 44.248989],
						[4.673756, 44.24942],
						[4.673202, 44.249732],
						[4.67112, 44.250402],
						[4.670952, 44.250606],
						[4.670728, 44.250767],
						[4.669174, 44.251271]
					],
					[
						[4.662833, 44.261471],
						[4.662934, 44.261758],
						[4.663616, 44.262247],
						[4.663827, 44.262492],
						[4.664421, 44.26348]
					],
					[
						[4.666617, 44.269916],
						[4.66671, 44.270094],
						[4.666408, 44.270397],
						[4.666322, 44.270628],
						[4.66673, 44.272056],
						[4.666728, 44.272288],
						[4.66638, 44.273022],
						[4.666417, 44.273833],
						[4.666718, 44.274309],
						[4.668149, 44.275757],
						[4.670086, 44.277148]
					],
					[
						[4.843571, 44.015373],
						[4.843937, 44.016142],
						[4.843935, 44.01635],
						[4.843795, 44.016694],
						[4.843787, 44.016871],
						[4.843941, 44.017305],
						[4.84375, 44.017585],
						[4.84372, 44.01772],
						[4.843882, 44.018233],
						[4.843814, 44.018351],
						[4.843571, 44.01854],
						[4.843505, 44.018723],
						[4.843597, 44.019334],
						[4.843785, 44.019937],
						[4.843652, 44.020441],
						[4.843701, 44.021103],
						[4.84343, 44.02159],
						[4.843282, 44.02214]
					],
					[
						[4.843571, 44.015373],
						[4.843367, 44.015159],
						[4.843311, 44.014764],
						[4.842153, 44.014251],
						[4.841703, 44.014102],
						[4.841291, 44.014049],
						[4.840986, 44.01417],
						[4.837576, 44.01617]
					],
					[
						[4.909807, 45.768863],
						[4.910072, 45.768858]
					],
					[
						[4.910422, 45.768845],
						[4.912229, 45.768813],
						[4.913849, 45.768891],
						[4.916538, 45.769158],
						[4.919675, 45.769235],
						[4.922152, 45.769433],
						[4.932246, 45.771101],
						[4.934399, 45.771577],
						[4.935027, 45.771599]
					],
					[
						[5.410619, 45.850096],
						[5.411921, 45.849351],
						[5.412223, 45.849435],
						[5.412396, 45.849409],
						[5.413196, 45.848645],
						[5.413996, 45.848185],
						[5.415069, 45.847385],
						[5.41587, 45.846553],
						[5.416237, 45.84603]
					],
					[
						[5.406807, 45.853592],
						[5.40928, 45.851236],
						[5.409657, 45.851087],
						[5.410037, 45.850493],
						[5.410619, 45.850096]
					],
					[
						[5.835105, 45.923443],
						[5.835066, 45.923369],
						[5.835147, 45.92278],
						[5.835315, 45.922332]
					],
					[
						[5.855867, 46.052862],
						[5.85676, 46.054942],
						[5.856798, 46.055368],
						[5.856529, 46.055791],
						[5.855411, 46.056791],
						[5.855287, 46.057013],
						[5.855255, 46.057263],
						[5.85614, 46.060183],
						[5.856292, 46.060462],
						[5.856689, 46.060772],
						[5.857155, 46.060901],
						[5.861894, 46.061197]
					],
					[
						[5.853712, 46.049058],
						[5.854878, 46.05043],
						[5.855004, 46.050622],
						[5.855364, 46.051549]
					],
					[
						[4.806379, 45.137576],
						[4.805268, 45.136997],
						[4.804682, 45.136589],
						[4.804298, 45.136215],
						[4.803639, 45.135317],
						[4.803133, 45.134942],
						[4.802987, 45.134757],
						[4.802957, 45.134237],
						[4.802718, 45.133868],
						[4.802668, 45.133655],
						[4.802685, 45.133276],
						[4.80243, 45.131856],
						[4.802495, 45.131399],
						[4.802286, 45.130072],
						[4.802075, 45.128899],
						[4.80177, 45.128092],
						[4.801671, 45.127439],
						[4.80171, 45.127093],
						[4.801297, 45.125068],
						[4.801034, 45.124133],
						[4.801039, 45.123844],
						[4.800935, 45.123293],
						[4.801056, 45.122289],
						[4.801195, 45.121932],
						[4.801485, 45.121528]
					],
					[
						[4.72423, 44.521696],
						[4.724255, 44.522887],
						[4.72419, 44.523244],
						[4.723024, 44.525275],
						[4.723896, 44.529118],
						[4.724067, 44.529618]
					],
					[
						[4.708848, 44.498107],
						[4.708945, 44.497745],
						[4.710376, 44.496679],
						[4.710894, 44.496645],
						[4.711064, 44.49655],
						[4.711148, 44.49623],
						[4.71106, 44.496012],
						[4.711053, 44.495708],
						[4.711178, 44.49536],
						[4.711302, 44.494461],
						[4.711564, 44.494175],
						[4.711591, 44.494079],
						[4.711559, 44.493653],
						[4.711799, 44.493487],
						[4.712278, 44.493269]
					],
					[
						[4.72423, 44.521696],
						[4.724377, 44.521606],
						[4.724579, 44.521288],
						[4.725315, 44.520627],
						[4.725386, 44.520513],
						[4.725364, 44.519529],
						[4.725034, 44.517849],
						[4.724744, 44.5175],
						[4.72389, 44.51539],
						[4.722613, 44.51248],
						[4.722351, 44.51236],
						[4.72081, 44.512122],
						[4.720441, 44.512184],
						[4.71928, 44.512043],
						[4.718825, 44.511851],
						[4.716969, 44.509999],
						[4.716063, 44.509339],
						[4.715553, 44.508706],
						[4.714738, 44.507157],
						[4.710781, 44.505667],
						[4.709564, 44.505144],
						[4.709277, 44.504967],
						[4.708206, 44.504551],
						[4.707814, 44.504312],
						[4.707607, 44.504255]
					],
					[
						[4.71466, 44.554811],
						[4.714653, 44.554684],
						[4.714571, 44.554628],
						[4.713996, 44.554566],
						[4.713314, 44.55441],
						[4.712983, 44.554293],
						[4.712882, 44.554204],
						[4.712878, 44.554125],
						[4.712923, 44.554049],
						[4.712997, 44.554042],
						[4.713326, 44.554141],
						[4.713548, 44.554076],
						[4.713734, 44.553259],
						[4.714369, 44.551694],
						[4.714757, 44.550522],
						[4.715672, 44.549867],
						[4.716105, 44.549072],
						[4.716519, 44.548805],
						[4.716633, 44.548661],
						[4.716765, 44.548314],
						[4.716748, 44.54732],
						[4.717227, 44.546146],
						[4.721146, 44.539336],
						[4.721146, 44.539166],
						[4.720886, 44.538684],
						[4.720785, 44.538151],
						[4.720908, 44.537228],
						[4.721068, 44.536851],
						[4.722934, 44.535306],
						[4.723648, 44.534911],
						[4.723855, 44.534888],
						[4.723908, 44.534786],
						[4.723905, 44.534707],
						[4.723003, 44.534074],
						[4.723045, 44.533859],
						[4.722901, 44.53363]
					],
					[
						[4.716208, 44.573154],
						[4.716939, 44.578589],
						[4.717428, 44.580273],
						[4.717805, 44.581087]
					],
					[
						[5.8346, 45.95689],
						[5.834144, 45.957393]
					],
					[
						[4.821586, 45.732538],
						[4.821353, 45.732109],
						[4.821235, 45.731642]
					],
					[
						[5.040949, 45.798959],
						[5.040624, 45.798746],
						[5.040036, 45.798235]
					],
					[
						[4.885417, 45.791091],
						[4.8869, 45.789558],
						[4.88775, 45.78888],
						[4.889453, 45.788022],
						[4.890435, 45.787401],
						[4.890754, 45.787128],
						[4.89149, 45.786283],
						[4.892507, 45.784462]
					],
					[
						[4.854695, 45.538528],
						[4.854733, 45.538685]
					],
					[
						[4.840049, 45.541406],
						[4.838655, 45.54176],
						[4.836921, 45.54233],
						[4.835812, 45.542764],
						[4.834371, 45.543423],
						[4.833134, 45.544082],
						[4.83121, 45.545271],
						[4.829259, 45.546649],
						[4.82882, 45.546738],
						[4.827385, 45.546835],
						[4.827056, 45.54695],
						[4.826772, 45.547124]
					],
					[
						[4.839368, 45.068387],
						[4.839464, 45.068364]
					],
					[
						[4.836935, 45.069126],
						[4.837966, 45.068821]
					],
					[
						[4.837966, 45.068821],
						[4.839368, 45.068387]
					],
					[
						[4.836737, 45.069549],
						[4.836999, 45.0699]
					],
					[
						[4.836086, 45.070046],
						[4.836999, 45.0699]
					],
					[
						[4.843807, 45.042997],
						[4.844113, 45.042844]
					],
					[
						[4.844113, 45.042844],
						[4.844317, 45.042755]
					],
					[
						[4.850648, 45.063123],
						[4.850912, 45.063056],
						[4.852033, 45.062612],
						[4.853923, 45.061696],
						[4.855231, 45.060904],
						[4.855666, 45.060591],
						[4.856465, 45.059839],
						[4.857055, 45.058918],
						[4.857235, 45.058464],
						[4.857362, 45.057861],
						[4.857381, 45.057268],
						[4.857325, 45.05688],
						[4.857183, 45.056129],
						[4.856898, 45.055151],
						[4.856587, 45.054397],
						[4.855942, 45.053229],
						[4.855072, 45.052044],
						[4.854203, 45.051108],
						[4.84989, 45.047136],
						[4.848709, 45.046108],
						[4.847482, 45.045165],
						[4.845682, 45.043939],
						[4.844317, 45.042755]
					],
					[
						[4.835697, 45.032228],
						[4.835711, 45.031234],
						[4.835816, 45.030301],
						[4.836077, 45.029249]
					],
					[
						[6.384468, 46.329423],
						[6.385092, 46.329125],
						[6.385397, 46.329062],
						[6.385934, 46.329104],
						[6.386734, 46.329279]
					],
					[
						[3.722923, 43.418998],
						[3.722259, 43.420754],
						[3.722291, 43.420837],
						[3.722567, 43.420893],
						[3.72272, 43.42088]
					],
					[
						[3.704747, 43.409464],
						[3.704855, 43.409455],
						[3.7226, 43.417611],
						[3.722759, 43.417714],
						[3.723008, 43.417997],
						[3.723147, 43.41804],
						[3.723185, 43.418256],
						[3.723062, 43.41835]
					],
					[
						[3.722262, 43.42253],
						[3.72234, 43.422619],
						[3.723002, 43.42264],
						[3.723229, 43.422606]
					],
					[
						[3.72239, 43.422049],
						[3.722262, 43.42253]
					],
					[
						[3.722734, 43.421035],
						[3.72239, 43.422049]
					],
					[
						[4.983023, 45.792176],
						[4.982945, 45.792315],
						[4.982785, 45.793594]
					],
					[
						[6.186749, 46.228845],
						[6.186082, 46.228154],
						[6.185308, 46.227584]
					],
					[
						[6.170912, 46.211191],
						[6.164889, 46.208511]
					],
					[
						[4.831177, 45.676924],
						[4.831352, 45.677471]
					],
					[
						[4.829674, 45.672682],
						[4.830676, 45.674384],
						[4.831177, 45.676924]
					],
					[
						[4.810122, 45.611719],
						[4.810004, 45.611724],
						[4.809928, 45.611638]
					],
					[
						[4.809653, 45.610749],
						[4.809518, 45.610743],
						[4.808262, 45.610106],
						[4.807455, 45.609517],
						[4.806411, 45.609019]
					],
					[
						[4.806411, 45.609019],
						[4.806084, 45.608651],
						[4.80532, 45.608367],
						[4.804135, 45.607645],
						[4.803915, 45.607441],
						[4.803483, 45.60717],
						[4.802063, 45.605841],
						[4.801493, 45.605374]
					],
					[
						[4.816504, 45.075267],
						[4.816682, 45.07533]
					],
					[
						[4.824336, 45.075835],
						[4.824536, 45.075819],
						[4.824687, 45.075868],
						[4.825776, 45.077221],
						[4.826033, 45.077665]
					],
					[
						[4.823101, 45.076341],
						[4.823725, 45.076212],
						[4.824336, 45.075835]
					],
					[
						[5.420869, 45.706986],
						[5.420988, 45.706916],
						[5.421143, 45.7069],
						[5.422318, 45.707172],
						[5.42291, 45.707195],
						[5.423456, 45.707104],
						[5.424647, 45.707134],
						[5.425549, 45.707075],
						[5.426353, 45.706842],
						[5.427564, 45.705853],
						[5.428264, 45.70568],
						[5.428611, 45.705482],
						[5.42875, 45.704998],
						[5.429392, 45.704724],
						[5.429976, 45.704331],
						[5.43022, 45.704085]
					],
					[
						[5.432999, 45.701256],
						[5.433304, 45.701113],
						[5.433561, 45.700904],
						[5.434103, 45.700161],
						[5.434596, 45.699759],
						[5.434917, 45.699349],
						[5.435107, 45.6989],
						[5.435761, 45.698012],
						[5.436106, 45.697588],
						[5.436452, 45.697268],
						[5.436612, 45.697197]
					],
					[
						[4.824696, 45.497649],
						[4.825747, 45.496714],
						[4.825769, 45.49663]
					],
					[
						[4.822808, 45.496577],
						[4.82324, 45.496868],
						[4.824696, 45.497649]
					],
					[
						[4.840337, 45.502254],
						[4.840911, 45.502655],
						[4.844052, 45.505295],
						[4.849343, 45.509189],
						[4.853084, 45.512044]
					],
					[
						[4.784859, 45.311029],
						[4.785549, 45.310489],
						[4.785803, 45.310366],
						[4.786103, 45.310327]
					],
					[
						[4.811913, 45.271718],
						[4.811875, 45.271315],
						[4.811994, 45.270363],
						[4.811922, 45.269778],
						[4.811996, 45.269686]
					],
					[
						[4.779586, 45.31275],
						[4.780674, 45.31205],
						[4.782348, 45.311493],
						[4.784067, 45.310997],
						[4.784494, 45.310995],
						[4.784779, 45.311054],
						[4.784859, 45.311029]
					],
					[
						[4.783377, 45.341439],
						[4.782716, 45.34545],
						[4.782227, 45.347997],
						[4.782016, 45.35034],
						[4.781721, 45.352091],
						[4.781762, 45.352305],
						[4.782137, 45.352689],
						[4.782094, 45.352939],
						[4.781575, 45.353192],
						[4.781408, 45.353342],
						[4.781133, 45.354044],
						[4.780643, 45.35499],
						[4.77998, 45.356017],
						[4.778968, 45.357259],
						[4.775266, 45.361306],
						[4.774522, 45.362234],
						[4.765113, 45.37246],
						[4.763738, 45.374219],
						[4.762345, 45.376167],
						[4.760115, 45.37996],
						[4.759985, 45.38009],
						[4.759459, 45.380365],
						[4.758799, 45.380427]
					],
					[
						[4.806462, 45.238845],
						[4.806593, 45.238525]
					],
					[
						[4.788377, 45.308609],
						[4.788922, 45.308368],
						[4.78968, 45.307821],
						[4.790208, 45.307614],
						[4.791844, 45.307333],
						[4.79256, 45.307385],
						[4.793588, 45.307373],
						[4.794242, 45.307505]
					],
					[
						[4.803029, 45.24299],
						[4.803127, 45.243432],
						[4.803123, 45.244702]
					],
					[
						[4.806268, 45.239132],
						[4.806351, 45.239035]
					],
					[
						[4.813622, 45.184489],
						[4.813117, 45.185285],
						[4.812401, 45.186714]
					],
					[
						[4.806311, 45.244547],
						[4.806616, 45.245565],
						[4.806756, 45.245786],
						[4.808929, 45.248705],
						[4.809573, 45.249662],
						[4.809767, 45.249823],
						[4.811117, 45.251532]
					],
					[
						[4.872566, 44.906095],
						[4.871799, 44.905205],
						[4.871747, 44.9052]
					],
					[
						[4.862746, 44.915519],
						[4.863097, 44.915824],
						[4.863199, 44.916286],
						[4.863143, 44.916694],
						[4.863219, 44.916703]
					],
					[
						[4.863478, 44.916744],
						[4.863537, 44.916736],
						[4.863646, 44.916385],
						[4.863801, 44.916225]
					],
					[
						[4.813263, 45.160457],
						[4.814152, 45.160292],
						[4.81691, 45.159223]
					],
					[
						[4.611045, 43.691758],
						[4.611215, 43.692052]
					],
					[
						[4.807526, 45.174055],
						[4.807392, 45.17381]
					],
					[
						[4.809159, 45.183414],
						[4.809436, 45.183656]
					],
					[
						[4.807392, 45.17381],
						[4.806597, 45.172095],
						[4.806433, 45.171574],
						[4.806185, 45.170307]
					],
					[
						[4.77612, 43.43778],
						[4.776258, 43.437779],
						[4.776301, 43.437679],
						[4.77555, 43.437213],
						[4.775463, 43.437099],
						[4.775451, 43.436823],
						[4.775559, 43.436643],
						[4.775636, 43.436608],
						[4.775866, 43.436624],
						[4.7762, 43.436856],
						[4.77622, 43.436909],
						[4.776031, 43.437076],
						[4.776022, 43.437157],
						[4.776579, 43.437531],
						[4.776753, 43.437701]
					],
					[
						[4.894896, 45.782665],
						[4.895516, 45.781568],
						[4.896247, 45.780523],
						[4.897914, 45.778483]
					],
					[
						[4.899563, 45.776534],
						[4.902469, 45.772971]
					],
					[
						[4.782114, 44.800113],
						[4.781889, 44.800058]
					],
					[
						[3.816177, 43.513482],
						[3.815646, 43.513833],
						[3.813693, 43.515326]
					],
					[
						[3.809811, 43.50949],
						[3.81016, 43.509868]
					],
					[
						[4.792683, 44.649691],
						[4.792716, 44.650325],
						[4.792668, 44.650507],
						[4.792423, 44.650852],
						[4.792195, 44.651522],
						[4.792063, 44.652086],
						[4.791996, 44.65284],
						[4.791364, 44.654565],
						[4.791143, 44.655959],
						[4.79079, 44.656215],
						[4.79064, 44.656457],
						[4.79043, 44.657924],
						[4.790526, 44.658663],
						[4.790105, 44.659505]
					],
					[
						[4.785816, 44.645981],
						[4.785272, 44.64667],
						[4.784864, 44.647532]
					],
					[
						[6.141622, 46.208875],
						[6.141387, 46.208651],
						[6.14143, 46.208467]
					],
					[
						[4.87744, 43.356312],
						[4.876596, 43.359522],
						[4.876373, 43.35983],
						[4.876189, 43.360014],
						[4.875789, 43.360253],
						[4.873513, 43.360964],
						[4.873226, 43.361212],
						[4.872586, 43.362102],
						[4.87241, 43.362209],
						[4.87198, 43.362326],
						[4.866048, 43.363418],
						[4.864367, 43.364035],
						[4.863319, 43.364183],
						[4.860168, 43.364863],
						[4.857395, 43.365621],
						[4.856317, 43.365865],
						[4.855039, 43.366439],
						[4.847923, 43.368996],
						[4.842152, 43.371157],
						[4.835656, 43.373504],
						[4.823816, 43.376919],
						[4.823771, 43.376844],
						[4.823354, 43.376909],
						[4.815101, 43.379307],
						[4.814921, 43.379312],
						[4.814482, 43.379486],
						[4.81294, 43.379947],
						[4.812297, 43.380224],
						[4.809365, 43.383315],
						[4.809441, 43.383348],
						[4.809102, 43.383707],
						[4.80893, 43.383806],
						[4.808468, 43.383858]
					],
					[
						[5.837786, 45.917553],
						[5.837906, 45.917153],
						[5.837909, 45.916927],
						[5.837514, 45.916202],
						[5.837734, 45.91538],
						[5.837898, 45.91515],
						[5.838307, 45.914903],
						[5.838638, 45.914627],
						[5.839212, 45.913938],
						[5.839205, 45.913574],
						[5.839376, 45.913313]
					],
					[
						[5.843607, 45.880835],
						[5.844001, 45.880332]
					],
					[
						[5.819235, 45.864791],
						[5.819315, 45.864736],
						[5.82024, 45.864575]
					],
					[
						[5.790419, 45.809229],
						[5.791018, 45.809106],
						[5.791541, 45.809114],
						[5.792149, 45.809226],
						[5.792732, 45.809486],
						[5.793722, 45.810251],
						[5.79434, 45.810657],
						[5.794437, 45.810823],
						[5.794405, 45.81222],
						[5.794547, 45.812462],
						[5.794726, 45.812576]
					],
					[
						[6.11878, 46.188912],
						[6.119747, 46.189396]
					],
					[
						[6.119612, 46.193561],
						[6.120522, 46.194031],
						[6.120607, 46.194122]
					],
					[
						[4.188694, 43.56918],
						[4.188559, 43.569181]
					],
					[
						[4.189392, 43.569119],
						[4.188694, 43.56918]
					],
					[
						[4.336606, 43.60533],
						[4.33682, 43.605384]
					],
					[
						[4.737492, 45.414321],
						[4.7376, 45.414405],
						[4.739011, 45.41471],
						[4.739944, 45.414754],
						[4.740145, 45.414909],
						[4.740056, 45.416195],
						[4.740198, 45.417298],
						[4.740456, 45.418551],
						[4.74083, 45.419624],
						[4.741715, 45.421362],
						[4.742708, 45.422537],
						[4.750692, 45.42914],
						[4.752106, 45.430139],
						[4.754029, 45.431252],
						[4.755155, 45.432299],
						[4.755708, 45.433058],
						[4.756155, 45.433796],
						[4.756328, 45.433978],
						[4.756863, 45.434338],
						[4.757067, 45.434547],
						[4.757208, 45.434811],
						[4.757451, 45.435464],
						[4.757573, 45.436099],
						[4.757506, 45.436767],
						[4.757303, 45.437144],
						[4.756893, 45.437426],
						[4.756665, 45.437704],
						[4.75644, 45.438159],
						[4.756408, 45.438403],
						[4.756426, 45.438946],
						[4.756666, 45.439495],
						[4.756769, 45.440194],
						[4.756623, 45.440596],
						[4.756496, 45.440766],
						[4.756059, 45.44103],
						[4.755604, 45.441222],
						[4.755433, 45.441327],
						[4.75532, 45.441489],
						[4.755311, 45.441927],
						[4.75562, 45.442394],
						[4.755688, 45.442765],
						[4.755505, 45.443263],
						[4.755135, 45.443695],
						[4.754963, 45.443991],
						[4.754948, 45.44481],
						[4.754009, 45.447158],
						[4.753761, 45.44808],
						[4.753695, 45.448676],
						[4.753722, 45.44966],
						[4.754148, 45.453698]
					],
					[
						[4.737491, 45.41408],
						[4.737492, 45.414321]
					],
					[
						[4.89291, 45.787724],
						[4.893727, 45.787944],
						[4.894384, 45.788174],
						[4.894972, 45.788478],
						[4.895823, 45.789013],
						[4.896787, 45.788756],
						[4.897498, 45.788722],
						[4.900229, 45.789295],
						[4.901533, 45.789814],
						[4.901906, 45.790072],
						[4.902445, 45.790604],
						[4.902879, 45.790897],
						[4.903835, 45.791244],
						[4.904298, 45.791329],
						[4.904789, 45.791356],
						[4.907469, 45.791133],
						[4.908239, 45.791136],
						[4.908909, 45.791226],
						[4.922585, 45.794376],
						[4.923383, 45.794521]
					],
					[
						[6.115786, 46.186158],
						[6.115041, 46.185833],
						[6.114664, 46.185746]
					],
					[
						[6.116131, 46.186232],
						[6.116791, 46.186599]
					],
					[
						[6.116791, 46.186599],
						[6.117023, 46.186675]
					],
					[
						[6.116131, 46.186232],
						[6.115967, 46.18616],
						[6.115786, 46.186158]
					],
					[
						[6.117023, 46.186675],
						[6.117995, 46.187223]
					],
					[
						[6.372663, 46.330256],
						[6.372247, 46.330251],
						[6.372072, 46.330308]
					],
					[
						[4.671761, 44.436775],
						[4.670404, 44.435742],
						[4.670026, 44.435316],
						[4.669106, 44.434547],
						[4.668261, 44.433625],
						[4.666861, 44.431668],
						[4.665931, 44.430166],
						[4.664082, 44.426171],
						[4.663441, 44.42439],
						[4.662725, 44.42167],
						[4.662314, 44.41947],
						[4.662027, 44.416981],
						[4.662103, 44.416859],
						[4.662288, 44.416799],
						[4.662969, 44.416873],
						[4.663133, 44.414683],
						[4.662862, 44.412865],
						[4.662798, 44.412017],
						[4.662527, 44.411269],
						[4.662407, 44.41028],
						[4.662241, 44.410204],
						[4.661733, 44.410185],
						[4.661644, 44.410054]
					],
					[
						[5.370866, 45.876305],
						[5.372111, 45.875304],
						[5.374174, 45.873981],
						[5.376121, 45.87245],
						[5.376346, 45.872167],
						[5.37896, 45.870528],
						[5.379774, 45.870291],
						[5.381733, 45.869574],
						[5.382538, 45.869236],
						[5.383297, 45.868854],
						[5.383832, 45.868408],
						[5.3848, 45.86693],
						[5.385543, 45.866392],
						[5.386022, 45.866202],
						[5.386955, 45.866012],
						[5.387469, 45.865839],
						[5.388436, 45.865383],
						[5.389758, 45.865007],
						[5.390084, 45.864838],
						[5.390901, 45.864216],
						[5.391555, 45.863883]
					],
					[
						[5.359376, 45.881774],
						[5.36039, 45.881336],
						[5.362483, 45.880665],
						[5.36303, 45.880405],
						[5.364351, 45.879612],
						[5.364879, 45.879229],
						[5.365912, 45.878307],
						[5.366445, 45.877934]
					],
					[
						[6.141733, 46.206913],
						[6.141365, 46.206555]
					],
					[
						[4.694228, 44.449179],
						[4.695349, 44.451339],
						[4.696061, 44.452241]
					],
					[
						[5.295178, 45.797824],
						[5.294979, 45.798442],
						[5.295015, 45.799035],
						[5.294691, 45.799674],
						[5.293988, 45.800424],
						[5.293736, 45.800528],
						[5.292477, 45.80084]
					],
					[
						[4.421111, 43.622833],
						[4.420303, 43.622326],
						[4.419259, 43.621375],
						[4.418052, 43.620049],
						[4.417895, 43.619833],
						[4.41757, 43.619048],
						[4.416955, 43.61841],
						[4.415853, 43.616839],
						[4.414256, 43.614283],
						[4.413947, 43.613983],
						[4.413415, 43.613216],
						[4.413293, 43.613131],
						[4.395801, 43.61112],
						[4.390576, 43.609576],
						[4.390161, 43.609376],
						[4.389252, 43.608774]
					],
					[
						[4.425491, 43.629459],
						[4.425557, 43.629683],
						[4.427325, 43.632236],
						[4.429776, 43.635089],
						[4.430495, 43.636003],
						[4.430825, 43.636538],
						[4.432461, 43.640564],
						[4.43267, 43.641234],
						[4.432626, 43.641526],
						[4.432518, 43.641749],
						[4.431301, 43.643595]
					],
					[
						[4.659563, 44.261006],
						[4.66077, 44.260931]
					],
					[
						[6.512709, 46.383701],
						[6.512089, 46.383367]
					],
					[
						[4.431301, 43.643595],
						[4.431049, 43.643963]
					],
					[
						[4.431049, 43.643963],
						[4.430617, 43.644625],
						[4.43055, 43.644889],
						[4.430612, 43.645231],
						[4.430867, 43.645625],
						[4.431127, 43.645817],
						[4.43143, 43.645958],
						[4.435001, 43.647215],
						[4.43541, 43.647447],
						[4.435737, 43.6478],
						[4.436486, 43.649104],
						[4.437871, 43.65104],
						[4.438276, 43.652066],
						[4.440436, 43.656793],
						[4.440784, 43.658789],
						[4.442117, 43.662557],
						[4.442158, 43.663075],
						[4.442084, 43.66353],
						[4.441572, 43.66478]
					],
					[
						[4.614915, 43.687308],
						[4.614624, 43.68773]
					],
					[
						[4.615484, 43.68189],
						[4.615468, 43.683056],
						[4.615397, 43.683423],
						[4.615441, 43.683508]
					],
					[
						[4.646482, 43.805346],
						[4.644937, 43.805539],
						[4.644432, 43.805677]
					],
					[
						[4.614946, 43.685834],
						[4.614973, 43.685494]
					],
					[
						[4.614146, 43.688342],
						[4.613017, 43.689606]
					],
					[
						[4.610812, 43.691727],
						[4.611097, 43.691543]
					],
					[
						[4.638111, 43.806413],
						[4.638414, 43.806492],
						[4.638775, 43.806419],
						[4.638791, 43.806458]
					],
					[
						[4.62211, 43.670522],
						[4.620991, 43.669609]
					],
					[
						[4.623276, 43.671998],
						[4.623135, 43.671807],
						[4.622944, 43.671662],
						[4.622335, 43.671291]
					],
					[
						[5.351309, 45.885418],
						[5.351372, 45.885432]
					],
					[
						[4.628551, 43.820621],
						[4.628533, 43.820464],
						[4.628666, 43.820347],
						[4.628909, 43.820337],
						[4.629045, 43.820422],
						[4.629079, 43.820568],
						[4.628955, 43.820698],
						[4.628737, 43.820725],
						[4.628551, 43.820621]
					],
					[
						[4.638657, 43.817796],
						[4.639596, 43.817176],
						[4.640407, 43.816256],
						[4.640737, 43.816128],
						[4.641204, 43.816142],
						[4.641396, 43.816106],
						[4.641747, 43.815907],
						[4.642254, 43.814365],
						[4.642607, 43.813522],
						[4.643025, 43.812739]
					],
					[
						[4.629065, 43.820451],
						[4.6293, 43.820471]
					],
					[
						[4.797066, 43.95341],
						[4.797197, 43.954114],
						[4.797314, 43.95427],
						[4.799345, 43.955484]
					],
					[
						[6.00346, 46.177893],
						[6.005146, 46.177985],
						[6.005775, 46.178081],
						[6.006013, 46.178185],
						[6.00621, 46.178357],
						[6.006428, 46.178626],
						[6.006535, 46.178866]
					],
					[
						[3.817118, 43.465021],
						[3.816712, 43.465446],
						[3.816794, 43.465483],
						[3.816916, 43.465419],
						[3.817225, 43.465161],
						[3.817244, 43.465057],
						[3.817101, 43.46495],
						[3.816888, 43.465004],
						[3.816576, 43.465353],
						[3.816173, 43.465683],
						[3.814705, 43.46674],
						[3.813151, 43.467715],
						[3.810935, 43.468992],
						[3.810272, 43.469493],
						[3.809806, 43.469699],
						[3.809483, 43.469994],
						[3.807945, 43.472238],
						[3.807528, 43.472683],
						[3.80657, 43.473536],
						[3.806351, 43.473797],
						[3.806232, 43.474232],
						[3.806327, 43.475115],
						[3.80623, 43.476066],
						[3.805686, 43.476854],
						[3.805524, 43.477653],
						[3.804879, 43.478411],
						[3.804527, 43.478943],
						[3.804126, 43.47997],
						[3.802875, 43.48111],
						[3.801574, 43.482398],
						[3.801348, 43.48253]
					],
					[
						[3.926185, 43.53208],
						[3.92635, 43.532053],
						[3.92662, 43.532232],
						[3.926649, 43.532473],
						[3.926561, 43.532634],
						[3.926555, 43.532849],
						[3.926725, 43.533133],
						[3.927478, 43.533788],
						[3.927693, 43.533791],
						[3.927843, 43.534015],
						[3.928901, 43.534587],
						[3.92945, 43.534807],
						[3.930546, 43.535144],
						[3.930798, 43.535267],
						[3.931596, 43.535427],
						[3.933047, 43.535589],
						[3.934446, 43.535539],
						[3.935315, 43.535435],
						[3.936051, 43.535285],
						[3.937758, 43.534839],
						[3.937953, 43.534728],
						[3.938016, 43.534551],
						[3.938297, 43.534397],
						[3.938519, 43.534422],
						[3.938728, 43.534631],
						[3.938886, 43.53467],
						[3.940029, 43.53461],
						[3.941122, 43.534645],
						[3.942489, 43.534788],
						[3.943429, 43.534952],
						[3.944937, 43.535437],
						[3.949692, 43.537364],
						[3.949897, 43.537491],
						[3.952644, 43.53855],
						[3.958366, 43.540913],
						[3.961095, 43.541949],
						[3.962249, 43.542355],
						[3.965113, 43.543257],
						[3.965776, 43.543448],
						[3.966103, 43.543432],
						[3.966493, 43.543537],
						[3.96669, 43.543699],
						[3.967396, 43.543884],
						[3.968003, 43.544017],
						[3.968414, 43.543837]
					],
					[
						[4.058569, 43.558928],
						[4.058271, 43.559036],
						[4.05807, 43.559182],
						[4.057973, 43.559727]
					],
					[
						[4.441572, 43.66478],
						[4.441845, 43.665118],
						[4.442757, 43.666843],
						[4.443331, 43.668861],
						[4.443862, 43.669889]
					],
					[
						[4.872888, 44.965932],
						[4.872853, 44.96554],
						[4.872693, 44.965277],
						[4.872297, 44.965057],
						[4.871798, 44.964919],
						[4.871366, 44.964494],
						[4.871358, 44.964399],
						[4.872015, 44.963929],
						[4.872613, 44.963247],
						[4.873027, 44.962921],
						[4.873678, 44.962824],
						[4.874611, 44.963027],
						[4.875009, 44.962688],
						[4.875315, 44.962596],
						[4.875328, 44.962295],
						[4.875184, 44.961732]
					],
					[
						[4.794859, 45.597983],
						[4.794717, 45.598038]
					],
					[
						[4.862741, 44.973538],
						[4.866125, 44.972787],
						[4.866555, 44.972611],
						[4.868647, 44.972198],
						[4.869376, 44.972013],
						[4.87378, 44.97053],
						[4.874342, 44.970323],
						[4.874724, 44.970112],
						[4.874838, 44.969957],
						[4.874664, 44.967885],
						[4.874501, 44.967363],
						[4.874338, 44.967167],
						[4.873935, 44.966936],
						[4.873749, 44.966696],
						[4.873513, 44.966535],
						[4.872888, 44.965932]
					],
					[
						[5.213356, 45.767478],
						[5.212803, 45.7678],
						[5.210947, 45.769091],
						[5.210316, 45.76973],
						[5.210306, 45.769832],
						[5.2105, 45.770045],
						[5.210535, 45.770183],
						[5.208901, 45.770822]
					],
					[
						[5.208901, 45.770822],
						[5.20832, 45.770034],
						[5.207669, 45.768331]
					],
					[
						[5.221134, 45.765848],
						[5.221066, 45.765981],
						[5.221023, 45.7667],
						[5.220803, 45.766849],
						[5.219757, 45.766838],
						[5.216259, 45.767006],
						[5.215352, 45.767111],
						[5.213356, 45.767478]
					],
					[
						[5.228561, 45.767846],
						[5.230378, 45.769076],
						[5.233202, 45.771464],
						[5.234662, 45.772522],
						[5.236556, 45.773666],
						[5.23943, 45.775169],
						[5.24158, 45.77669]
					],
					[
						[4.837391, 44.861863],
						[4.838483, 44.863157]
					],
					[
						[4.838483, 44.863157],
						[4.838721, 44.863539],
						[4.840617, 44.865787],
						[4.840648, 44.865883]
					],
					[
						[3.85663, 43.538399],
						[3.856469, 43.538584],
						[3.85633, 43.53866],
						[3.85611, 43.538707],
						[3.855756, 43.538605]
					],
					[
						[3.759769, 43.439508],
						[3.759684, 43.439487]
					],
					[
						[3.762088, 43.436087],
						[3.762577, 43.436576],
						[3.762893, 43.436668],
						[3.763549, 43.436561],
						[3.763898, 43.436366],
						[3.763904, 43.436269],
						[3.763773, 43.436217],
						[3.7636, 43.436237],
						[3.762784, 43.436628]
					],
					[
						[3.76161, 43.437321],
						[3.761564, 43.437465],
						[3.761608, 43.437654],
						[3.761455, 43.437739]
					],
					[
						[3.762784, 43.436628],
						[3.761787, 43.437177]
					],
					[
						[3.762714, 43.43655],
						[3.763296, 43.436181],
						[3.763382, 43.436074],
						[3.763342, 43.435946],
						[3.763224, 43.435881],
						[3.762772, 43.435919]
					],
					[
						[3.761787, 43.437177],
						[3.76161, 43.437321]
					],
					[
						[3.800553, 43.483547],
						[3.800537, 43.483456],
						[3.800609, 43.483393]
					],
					[
						[3.798893, 43.486241],
						[3.798853, 43.486258]
					],
					[
						[3.794678, 43.495184],
						[3.793947, 43.495559]
					],
					[
						[3.794678, 43.495184],
						[3.795146, 43.494912]
					],
					[
						[3.795356, 43.494514],
						[3.79536, 43.494231]
					],
					[
						[3.908222, 43.534604],
						[3.907195, 43.534528],
						[3.906868, 43.534549],
						[3.906383, 43.534639],
						[3.906063, 43.534764],
						[3.902826, 43.53692],
						[3.90148, 43.537952]
					],
					[
						[3.919116, 43.534321],
						[3.918791, 43.53432],
						[3.91834, 43.534221]
					],
					[
						[3.995313, 43.549448],
						[3.995456, 43.549427],
						[3.99552, 43.549514]
					],
					[
						[3.995313, 43.549448],
						[3.994484, 43.549225]
					],
					[
						[3.99552, 43.549514],
						[3.995735, 43.549504],
						[4.007782, 43.552773]
					],
					[
						[3.979204, 43.547026],
						[3.979535, 43.547625]
					],
					[
						[4.102639, 43.555848],
						[4.103546, 43.55561],
						[4.107322, 43.554857],
						[4.108061, 43.554673]
					],
					[
						[4.118505, 43.551033],
						[4.118296, 43.551145],
						[4.118232, 43.551281],
						[4.118068, 43.551378],
						[4.11747, 43.551392]
					],
					[
						[4.108823, 43.554375],
						[4.110289, 43.553699],
						[4.111994, 43.553079],
						[4.112093, 43.553006],
						[4.112471, 43.552923],
						[4.117383, 43.551232]
					],
					[
						[4.142173, 43.539478],
						[4.143053, 43.539976],
						[4.1436, 43.540231],
						[4.143838, 43.540293]
					],
					[
						[4.620416, 43.669674],
						[4.619941, 43.66966],
						[4.619377, 43.669832],
						[4.618909, 43.670009],
						[4.618465, 43.67031],
						[4.618353, 43.670667],
						[4.618374, 43.671383],
						[4.618256, 43.671708],
						[4.618049, 43.67197]
					],
					[
						[4.620759, 43.655961],
						[4.620695, 43.656264]
					],
					[
						[4.620759, 43.655961],
						[4.620848, 43.655411],
						[4.621001, 43.654994],
						[4.62598, 43.64484],
						[4.6263, 43.644367],
						[4.626692, 43.643968],
						[4.627336, 43.643518],
						[4.628239, 43.643132],
						[4.6295, 43.642841],
						[4.645169, 43.641557],
						[4.647089, 43.641296],
						[4.648915, 43.640884],
						[4.650292, 43.640459],
						[4.651143, 43.640138],
						[4.652875, 43.639321],
						[4.662708, 43.633548],
						[4.66328, 43.633158],
						[4.66391, 43.632632],
						[4.664573, 43.631873],
						[4.664975, 43.631199],
						[4.665152, 43.63078],
						[4.665377, 43.629821],
						[4.665372, 43.628961],
						[4.661925, 43.606364],
						[4.661251, 43.60341],
						[4.661197, 43.602361],
						[4.661568, 43.600552],
						[4.661935, 43.599737],
						[4.663589, 43.59682],
						[4.664115, 43.596134],
						[4.664501, 43.59572],
						[4.665381, 43.594972],
						[4.666018, 43.594523],
						[4.666885, 43.594014],
						[4.667906, 43.593545],
						[4.67466, 43.590879],
						[4.67558, 43.590405],
						[4.676176, 43.589997],
						[4.684835, 43.583175],
						[4.685444, 43.582792],
						[4.685739, 43.582664],
						[4.686585, 43.582402],
						[4.687302, 43.582253],
						[4.688533, 43.582214],
						[4.693004, 43.582787],
						[4.696647, 43.583358],
						[4.697464, 43.583428],
						[4.698493, 43.583406],
						[4.699705, 43.583269],
						[4.700413, 43.583113],
						[4.701529, 43.58275],
						[4.702255, 43.582459],
						[4.702931, 43.582097],
						[4.703964, 43.58138],
						[4.704745, 43.580646],
						[4.705774, 43.579544],
						[4.739798, 43.542944],
						[4.74155, 43.540879],
						[4.752032, 43.527402],
						[4.752917, 43.526009],
						[4.753638, 43.524529],
						[4.753997, 43.523565],
						[4.768156, 43.47658],
						[4.768702, 43.473962],
						[4.768991, 43.471586],
						[4.768944, 43.471077],
						[4.769018, 43.470699],
						[4.769344, 43.465902],
						[4.769312, 43.465416],
						[4.769463, 43.463127],
						[4.769632, 43.461577],
						[4.769883, 43.460233],
						[4.772459, 43.451623],
						[4.772619, 43.451374],
						[4.773546, 43.448341],
						[4.775091, 43.443188],
						[4.775126, 43.442945],
						[4.775075, 43.442766],
						[4.775144, 43.442694]
					],
					[
						[4.777353, 43.404269],
						[4.777192, 43.404377],
						[4.770457, 43.40591],
						[4.764999, 43.407466],
						[4.762163, 43.408355],
						[4.76101, 43.408845],
						[4.756633, 43.41092],
						[4.751942, 43.415991],
						[4.751842, 43.416151]
					],
					[
						[4.656512, 44.367767],
						[4.656522, 44.367825]
					],
					[
						[4.656669, 44.357573],
						[4.656443, 44.357693],
						[4.656357, 44.357891],
						[4.655784, 44.359431],
						[4.655681, 44.359853],
						[4.655526, 44.361663],
						[4.655831, 44.36297]
					],
					[
						[4.656669, 44.357573],
						[4.656774, 44.357309],
						[4.656661, 44.35602],
						[4.656672, 44.355264],
						[4.656619, 44.355069],
						[4.655809, 44.353723],
						[4.655803, 44.353569],
						[4.658877, 44.349422],
						[4.659038, 44.349069],
						[4.659199, 44.348218],
						[4.659161, 44.347807],
						[4.658914, 44.347386],
						[4.658276, 44.346553],
						[4.658222, 44.346192],
						[4.660513, 44.342433],
						[4.661319, 44.340232]
					],
					[
						[4.708016, 44.503096],
						[4.707318, 44.50349],
						[4.707149, 44.503656],
						[4.707175, 44.503763],
						[4.70742, 44.504085],
						[4.707607, 44.504255]
					],
					[
						[4.707425, 44.585227],
						[4.707607, 44.585161],
						[4.710174, 44.583322]
					],
					[
						[4.712896, 44.581386],
						[4.713013, 44.581298]
					],
					[
						[4.707425, 44.585227],
						[4.707266, 44.585413],
						[4.70536, 44.58674]
					],
					[
						[4.710311, 44.583233],
						[4.712813, 44.58144]
					],
					[
						[4.712266, 44.585575],
						[4.713017, 44.585848],
						[4.713508, 44.586122],
						[4.716713, 44.588393],
						[4.718955, 44.590207],
						[4.720044, 44.591646],
						[4.719934, 44.591793],
						[4.719517, 44.592002],
						[4.719447, 44.592084]
					],
					[
						[4.186086, 43.567094],
						[4.185846, 43.566838],
						[4.185629, 43.566068],
						[4.185548, 43.565987]
					],
					[
						[4.191662, 43.570238],
						[4.191729, 43.570191]
					],
					[
						[5.931528, 46.102286],
						[5.931461, 46.102351],
						[5.931344, 46.102364],
						[5.931255, 46.102324],
						[5.931226, 46.102244],
						[5.9313, 46.102168],
						[5.931422, 46.102158],
						[5.931512, 46.102207],
						[5.931528, 46.102286]
					],
					[
						[5.931461, 46.102351],
						[5.931783, 46.102766],
						[5.931875, 46.103032]
					],
					[
						[5.93079, 46.101432],
						[5.929398, 46.101537]
					],
					[
						[5.931208, 46.101579],
						[5.931116, 46.101504],
						[5.93123, 46.101432],
						[5.93133, 46.101507],
						[5.931208, 46.101579]
					],
					[
						[5.625855, 45.641424],
						[5.626569, 45.641541],
						[5.627268, 45.641419]
					],
					[
						[5.6228, 45.63778],
						[5.622412, 45.636613]
					],
					[
						[4.795434, 45.57287],
						[4.795332, 45.57296],
						[4.794543, 45.573328],
						[4.792449, 45.57478],
						[4.791752, 45.575114],
						[4.791699, 45.575256],
						[4.791962, 45.575489],
						[4.791989, 45.575581],
						[4.791922, 45.575671],
						[4.79162, 45.575856]
					],
					[
						[4.760293, 45.458538],
						[4.760221, 45.458507]
					],
					[
						[5.966122, 46.133065],
						[5.966106, 46.133369],
						[5.966279, 46.133794],
						[5.966131, 46.134124],
						[5.966057, 46.134497],
						[5.965862, 46.134822],
						[5.965854, 46.135015],
						[5.965765, 46.135052],
						[5.965292, 46.134674],
						[5.964784, 46.134072],
						[5.964471, 46.133901],
						[5.963613, 46.133289],
						[5.963139, 46.132827],
						[5.962571, 46.132554],
						[5.962338, 46.132108],
						[5.962174, 46.131933],
						[5.961578, 46.131543],
						[5.96089, 46.131178]
					],
					[
						[5.430568, 45.701305],
						[5.430307, 45.701846],
						[5.43024, 45.702543],
						[5.430014, 45.703337],
						[5.430021, 45.703653],
						[5.43022, 45.704085]
					],
					[
						[4.682283, 44.302984],
						[4.682328, 44.302473],
						[4.682249, 44.301856],
						[4.682284, 44.301417],
						[4.682486, 44.30075],
						[4.682869, 44.299927],
						[4.682878, 44.299557],
						[4.682563, 44.299],
						[4.682029, 44.298366],
						[4.681303, 44.297336],
						[4.680963, 44.296961],
						[4.680058, 44.296314],
						[4.679468, 44.29596],
						[4.679211, 44.295881],
						[4.677728, 44.295841],
						[4.67603, 44.29597],
						[4.675333, 44.295871],
						[4.674902, 44.295727]
					],
					[
						[4.682283, 44.302984],
						[4.681961, 44.304229],
						[4.681951, 44.304684],
						[4.682018, 44.305014],
						[4.682629, 44.306511],
						[4.682779, 44.306656],
						[4.6834, 44.307027]
					],
					[
						[4.67465, 44.316817],
						[4.669428, 44.318265],
						[4.669214, 44.318366]
					],
					[
						[5.787306, 45.812785],
						[5.787672, 45.812815]
					],
					[
						[5.926609, 46.102175],
						[5.926563, 46.102276],
						[5.926411, 46.102246],
						[5.926454, 46.102141],
						[5.926609, 46.102175]
					],
					[
						[4.691845, 43.897494],
						[4.691081, 43.897106],
						[4.690025, 43.896686]
					],
					[
						[4.690025, 43.896686],
						[4.690082, 43.89661]
					],
					[
						[4.690082, 43.89661],
						[4.690211, 43.896436]
					],
					[
						[4.696369, 43.899501],
						[4.696503, 43.899377]
					],
					[
						[4.690211, 43.896436],
						[4.690305, 43.896326]
					],
					[
						[4.620146, 43.868358],
						[4.620473, 43.868811],
						[4.620959, 43.869314],
						[4.622018, 43.869913],
						[4.62282, 43.87023],
						[4.62293, 43.870325],
						[4.622701, 43.870776],
						[4.622716, 43.87089],
						[4.623424, 43.872333],
						[4.62423, 43.872978],
						[4.624819, 43.87381],
						[4.628257, 43.879221],
						[4.628405, 43.879529],
						[4.628441, 43.879967]
					],
					[
						[4.696254, 43.89957],
						[4.695734, 43.899203],
						[4.694158, 43.898481]
					],
					[
						[6.122278, 46.196176],
						[6.123119, 46.196188],
						[6.123808, 46.196259]
					],
					[
						[4.672862, 44.285999],
						[4.671837, 44.285747],
						[4.671709, 44.285657],
						[4.671728, 44.283559],
						[4.671666, 44.283419],
						[4.671429, 44.283249],
						[4.671386, 44.283126],
						[4.672315, 44.282038],
						[4.672357, 44.281894],
						[4.6722, 44.281627],
						[4.671831, 44.281255],
						[4.67172, 44.281069],
						[4.671247, 44.279376],
						[4.670611, 44.278308],
						[4.670086, 44.277148]
					],
					[
						[4.856597, 45.538025],
						[4.856203, 45.538085]
					],
					[
						[6.58242, 46.399969],
						[6.583278, 46.400373]
					],
					[
						[6.586259, 46.401647],
						[6.586719, 46.401732],
						[6.586975, 46.401728]
					],
					[
						[6.584961, 46.4012],
						[6.583278, 46.400373]
					],
					[
						[6.578376, 46.398983],
						[6.579962, 46.399206]
					],
					[
						[6.579962, 46.399206],
						[6.5807, 46.39931]
					],
					[
						[6.594616, 46.401397],
						[6.594153, 46.401371],
						[6.593235, 46.401488],
						[6.591278, 46.401982]
					],
					[
						[6.610068, 46.402649],
						[6.60903, 46.402433]
					],
					[
						[6.610588, 46.402758],
						[6.610068, 46.402649]
					],
					[
						[6.594132, 46.401306],
						[6.594488, 46.401317],
						[6.595852, 46.401504]
					],
					[
						[4.65951, 44.259118],
						[4.659721, 44.258063],
						[4.660378, 44.25752],
						[4.660564, 44.257297]
					],
					[
						[4.871393, 44.905051],
						[4.870195, 44.90576]
					],
					[
						[4.752489, 43.937447],
						[4.752278, 43.937716]
					],
					[
						[4.75297, 43.936869],
						[4.752489, 43.937447]
					],
					[
						[4.752278, 43.937716],
						[4.752291, 43.937871],
						[4.75293, 43.93825],
						[4.752974, 43.938387],
						[4.752812, 43.938834],
						[4.753108, 43.940784],
						[4.753238, 43.941204],
						[4.753455, 43.941576],
						[4.754073, 43.942496],
						[4.754291, 43.942694],
						[4.754764, 43.94293],
						[4.755473, 43.942997],
						[4.755629, 43.943045],
						[4.755745, 43.943096],
						[4.755838, 43.943213],
						[4.755948, 43.943603],
						[4.755751, 43.944],
						[4.755987, 43.944587],
						[4.756379, 43.945221],
						[4.756347, 43.945615],
						[4.756547, 43.946226],
						[4.757063, 43.946801],
						[4.757536, 43.947112],
						[4.758165, 43.947686],
						[4.758387, 43.948134],
						[4.758394, 43.948411],
						[4.758218, 43.948722],
						[4.757803, 43.950091],
						[4.757866, 43.950155],
						[4.758933, 43.950626],
						[4.75941, 43.950793]
					],
					[
						[6.592677, 46.401502],
						[6.593656, 46.401365]
					],
					[
						[6.593656, 46.401365],
						[6.594132, 46.401306]
					],
					[
						[4.780736, 45.582319],
						[4.780899, 45.582171],
						[4.78117, 45.582126]
					],
					[
						[4.78117, 45.582126],
						[4.781446, 45.582402]
					],
					[
						[5.981889, 46.158785],
						[5.982528, 46.158728],
						[5.982911, 46.158792]
					],
					[
						[4.590247, 43.874294],
						[4.590172, 43.874364],
						[4.590173, 43.874807],
						[4.590103, 43.875161],
						[4.589783, 43.875647],
						[4.58989, 43.876157],
						[4.590038, 43.876354]
					],
					[
						[4.590523, 43.874248],
						[4.590247, 43.874294]
					],
					[
						[4.590833, 43.873842],
						[4.590766, 43.874112]
					],
					[
						[4.58707, 43.868],
						[4.587048, 43.867861],
						[4.58689, 43.867728]
					],
					[
						[4.586295, 43.867253],
						[4.586849, 43.867407]
					],
					[
						[4.587097, 43.86765],
						[4.58707, 43.868]
					],
					[
						[4.586686, 43.867523],
						[4.586594, 43.867386],
						[4.586295, 43.867253]
					],
					[
						[4.58707, 43.868],
						[4.587489, 43.869151],
						[4.587591, 43.869894],
						[4.58756, 43.87097]
					],
					[
						[4.590626, 43.874076],
						[4.590833, 43.873842]
					],
					[
						[5.96089, 46.131178],
						[5.9607, 46.131079],
						[5.960524, 46.131084],
						[5.960407, 46.131187],
						[5.960455, 46.131342]
					],
					[
						[6.006515, 46.178968],
						[6.006535, 46.178866]
					],
					[
						[6.013562, 46.18807],
						[6.012932, 46.18765]
					],
					[
						[4.784955, 44.647686],
						[4.785586, 44.648675],
						[4.786264, 44.650363]
					],
					[
						[5.836948, 45.97253],
						[5.836108, 45.97198],
						[5.835854, 45.971704],
						[5.835711, 45.971415],
						[5.835672, 45.97097],
						[5.835708, 45.969896],
						[5.835551, 45.968653]
					],
					[
						[5.835551, 45.968653],
						[5.835515, 45.967204]
					],
					[
						[5.846499, 45.98269],
						[5.843287, 45.981296],
						[5.8429, 45.981062],
						[5.842551, 45.980702],
						[5.842431, 45.980497],
						[5.842296, 45.980025],
						[5.842187, 45.97906],
						[5.842083, 45.97881],
						[5.8418, 45.978435],
						[5.841389, 45.978095],
						[5.840852, 45.97784],
						[5.839763, 45.977435]
					],
					[
						[5.839763, 45.977435],
						[5.839208, 45.977105],
						[5.838607, 45.976457]
					],
					[
						[5.769813, 45.768027],
						[5.769745, 45.768181],
						[5.77037, 45.769635],
						[5.770531, 45.770282]
					],
					[
						[5.783278, 45.808644],
						[5.783805, 45.808672],
						[5.783792, 45.809109],
						[5.783906, 45.809366],
						[5.786675, 45.812359]
					],
					[
						[5.782078, 45.808563],
						[5.783278, 45.808644]
					],
					[
						[4.801838, 45.307702],
						[4.801461, 45.307644],
						[4.803691, 45.304573],
						[4.803919, 45.30418],
						[4.803973, 45.303967],
						[4.803895, 45.303612],
						[4.803337, 45.302993]
					],
					[
						[4.803337, 45.302993],
						[4.803079, 45.30247],
						[4.803015, 45.302093],
						[4.803194, 45.301642],
						[4.806351, 45.298588]
					],
					[
						[4.768707, 45.318593],
						[4.768198, 45.319048]
					],
					[
						[4.767525, 45.320683],
						[4.767633, 45.320076],
						[4.768298, 45.319532]
					],
					[
						[4.76816, 45.319312],
						[4.768352, 45.319386]
					],
					[
						[4.768198, 45.319048],
						[4.768238, 45.319069],
						[4.76816, 45.319312]
					],
					[
						[4.768707, 45.318593],
						[4.769007, 45.318321],
						[4.770344, 45.317611]
					],
					[
						[4.798392, 45.307078],
						[4.798007, 45.306934]
					],
					[
						[4.778795, 45.312954],
						[4.779141, 45.313022],
						[4.77938, 45.312934],
						[4.779586, 45.31275]
					],
					[
						[4.770344, 45.317611],
						[4.771008, 45.317258],
						[4.771575, 45.316871],
						[4.772065, 45.316699],
						[4.776414, 45.314174],
						[4.778066, 45.313658],
						[4.778341, 45.313474],
						[4.778795, 45.312954]
					],
					[
						[5.798599, 45.82411],
						[5.798314, 45.82389],
						[5.797657, 45.823625],
						[5.797084, 45.82318],
						[5.796773, 45.82311],
						[5.796289, 45.82315],
						[5.796159, 45.823113],
						[5.796042, 45.822807],
						[5.795705, 45.822564],
						[5.795518, 45.822155],
						[5.795392, 45.822064],
						[5.794914, 45.821922],
						[5.794252, 45.821078],
						[5.794032, 45.820925],
						[5.793594, 45.820743],
						[5.793397, 45.820501]
					],
					[
						[5.026106, 45.789236],
						[5.025517, 45.789066],
						[5.023489, 45.787973],
						[5.022504, 45.787139],
						[5.022132, 45.786693],
						[5.021404, 45.786278],
						[5.020342, 45.785817],
						[5.018587, 45.78534],
						[5.017288, 45.785269],
						[5.016241, 45.785314],
						[5.015012, 45.78554],
						[5.012514, 45.78634],
						[5.012132, 45.786417],
						[5.0112, 45.786508]
					],
					[
						[5.078011, 45.809821],
						[5.077215, 45.809654],
						[5.075007, 45.809467],
						[5.073787, 45.809163],
						[5.07238, 45.808686],
						[5.071188, 45.808179],
						[5.070779, 45.808073],
						[5.069985, 45.807952],
						[5.068506, 45.807893],
						[5.066329, 45.807416],
						[5.06447, 45.806878],
						[5.061293, 45.805876],
						[5.0596, 45.805417],
						[5.054308, 45.804395],
						[5.053115, 45.804269],
						[5.051173, 45.803614],
						[5.050141, 45.803049],
						[5.049039, 45.802796],
						[5.045168, 45.801559],
						[5.04466, 45.801362],
						[5.044149, 45.801069],
						[5.043661, 45.800634],
						[5.04295, 45.80018],
						[5.042271, 45.79989],
						[5.041781, 45.799602],
						[5.041042, 45.799064]
					],
					[
						[5.041042, 45.799064],
						[5.040949, 45.798959]
					],
					[
						[5.026344, 45.789391],
						[5.026357, 45.789659],
						[5.026565, 45.789975],
						[5.029671, 45.793158],
						[5.030095, 45.793649],
						[5.0311, 45.794593],
						[5.031771, 45.794959],
						[5.032552, 45.795213],
						[5.034211, 45.795403],
						[5.035836, 45.795736],
						[5.036922, 45.79603],
						[5.037369, 45.796201],
						[5.038907, 45.79697]
					],
					[
						[5.026106, 45.789236],
						[5.026273, 45.789295],
						[5.026344, 45.789391]
					],
					[
						[5.010953, 45.786448],
						[5.010504, 45.786133],
						[5.009711, 45.785923],
						[5.009014, 45.785862],
						[5.007703, 45.78583],
						[5.00581, 45.786024],
						[5.004054, 45.78636],
						[5.00211, 45.786971],
						[5.001039, 45.787474],
						[5.000004, 45.788106],
						[4.999442, 45.788571],
						[4.999098, 45.788948],
						[4.998551, 45.789772],
						[4.998265, 45.790048],
						[4.997407, 45.790692],
						[4.996649, 45.790994],
						[4.99623, 45.791241],
						[4.995647, 45.792132],
						[4.995323, 45.792379],
						[4.995042, 45.792687],
						[4.994677, 45.793283],
						[4.994285, 45.793784],
						[4.993934, 45.794128],
						[4.993415, 45.794396],
						[4.993122, 45.794483],
						[4.991642, 45.794637]
					],
					[
						[5.010953, 45.786448],
						[5.011082, 45.786497]
					],
					[
						[4.991642, 45.794637],
						[4.991017, 45.794595]
					],
					[
						[5.078478, 45.807618],
						[5.078643, 45.806911]
					],
					[
						[5.040036, 45.798235],
						[5.038907, 45.79697]
					],
					[
						[5.116844, 45.779322],
						[5.117004, 45.780583],
						[5.116897, 45.781258],
						[5.116784, 45.781668],
						[5.115947, 45.782753]
					],
					[
						[5.171018, 45.7769],
						[5.170987, 45.77651]
					],
					[
						[5.22307, 45.764725],
						[5.223275, 45.76456],
						[5.223566, 45.764193],
						[5.223832, 45.764056]
					],
					[
						[5.353824, 45.885267],
						[5.354165, 45.885068],
						[5.354546, 45.884679],
						[5.355017, 45.884384],
						[5.356009, 45.883362],
						[5.357029, 45.882699],
						[5.35769, 45.882301],
						[5.358713, 45.881954],
						[5.35913, 45.881856]
					],
					[
						[5.024328, 45.790856],
						[5.025211, 45.79178],
						[5.026264, 45.792721],
						[5.028643, 45.794446],
						[5.029898, 45.795281],
						[5.030667, 45.795729],
						[5.03211, 45.796238],
						[5.032921, 45.796425],
						[5.03525, 45.796764],
						[5.036341, 45.797076],
						[5.0368, 45.797264],
						[5.037706, 45.797793],
						[5.038376, 45.798418]
					],
					[
						[5.833486, 45.878703],
						[5.833278, 45.877033]
					],
					[
						[5.833486, 45.878703],
						[5.833045, 45.878567],
						[5.83246, 45.878467],
						[5.831682, 45.878169],
						[5.831379, 45.878139],
						[5.830982, 45.878257],
						[5.830207, 45.878751],
						[5.829909, 45.878802],
						[5.828895, 45.878779],
						[5.827712, 45.878688],
						[5.826021, 45.878533],
						[5.825569, 45.878408]
					],
					[
						[5.840973, 45.893191],
						[5.840767, 45.893339],
						[5.840377, 45.893469]
					],
					[
						[5.183486, 45.766274],
						[5.183879, 45.76632],
						[5.185075, 45.766193],
						[5.185731, 45.766212]
					],
					[
						[5.763738, 45.76583],
						[5.763962, 45.76586],
						[5.76421, 45.765972],
						[5.765717, 45.76686],
						[5.767533, 45.767356],
						[5.768456, 45.767392],
						[5.769221, 45.767574],
						[5.769758, 45.767916],
						[5.769813, 45.768027]
					],
					[
						[5.75654, 45.765032],
						[5.75608, 45.76499],
						[5.75564, 45.765079]
					],
					[
						[5.75654, 45.765032],
						[5.756634, 45.764905],
						[5.756691, 45.764903],
						[5.756932, 45.765073],
						[5.757178, 45.765555],
						[5.757399, 45.766396],
						[5.75759, 45.766553]
					],
					[
						[5.786751, 45.812437],
						[5.787092, 45.81273],
						[5.787306, 45.812785]
					],
					[
						[5.786675, 45.812359],
						[5.786751, 45.812437]
					],
					[
						[5.799296, 45.829398],
						[5.799753, 45.828993],
						[5.800784, 45.828308]
					],
					[
						[5.800991, 45.832168],
						[5.799615, 45.831353],
						[5.798179, 45.830369]
					],
					[
						[4.836772, 45.752661],
						[4.837682, 45.753832],
						[4.838695, 45.755338],
						[4.838992, 45.755648]
					],
					[
						[4.824514, 45.737981],
						[4.825835, 45.739459],
						[4.827934, 45.742043],
						[4.829277, 45.74355],
						[4.829809, 45.744232],
						[4.83026, 45.744688],
						[4.831417, 45.745678]
					],
					[
						[6.576895, 46.398596],
						[6.575814, 46.398155],
						[6.574228, 46.397774]
					],
					[
						[5.998904, 46.175557],
						[5.998165, 46.17566],
						[5.997789, 46.175607],
						[5.997676, 46.175508],
						[5.997645, 46.17537],
						[5.997736, 46.175211],
						[5.997895, 46.175129]
					],
					[
						[6.000786, 46.176384],
						[6.000381, 46.175421]
					],
					[
						[4.831417, 45.745678],
						[4.831624, 45.745878],
						[4.832015, 45.746434]
					],
					[
						[4.832015, 45.746434],
						[4.832897, 45.747511]
					],
					[
						[4.836491, 45.751774],
						[4.836791, 45.752155],
						[4.836699, 45.752437],
						[4.836772, 45.752661]
					],
					[
						[4.832897, 45.747511],
						[4.833486, 45.748299]
					],
					[
						[4.833486, 45.748299],
						[4.834906, 45.750104],
						[4.835294, 45.75046]
					],
					[
						[4.840934, 45.762871],
						[4.840728, 45.760821]
					],
					[
						[4.840973, 45.761724],
						[4.840984, 45.761871]
					],
					[
						[4.840881, 45.761335],
						[4.840973, 45.761724]
					],
					[
						[4.840984, 45.761871],
						[4.841001, 45.762491]
					],
					[
						[4.840737, 45.767956],
						[4.84075, 45.767446],
						[4.840991, 45.765846]
					],
					[
						[4.840991, 45.765846],
						[4.840967, 45.766538],
						[4.840737, 45.767956]
					],
					[
						[4.841013, 45.765637],
						[4.840991, 45.765846]
					],
					[
						[4.840737, 45.767956],
						[4.840641, 45.769488],
						[4.840725, 45.771839]
					],
					[
						[4.841013, 45.765637],
						[4.840954, 45.763675]
					],
					[
						[4.840725, 45.771839],
						[4.840725, 45.772202]
					],
					[
						[4.84122, 45.773378],
						[4.843623, 45.776868],
						[4.84372, 45.777166]
					],
					[
						[6.530388, 46.394958],
						[6.529604, 46.394829]
					],
					[
						[4.988765, 45.795204],
						[4.98769, 45.794711],
						[4.984456, 45.792647]
					],
					[
						[4.941583, 45.798527],
						[4.941866, 45.798446],
						[4.942112, 45.798121],
						[4.9425, 45.798082]
					],
					[
						[4.9425, 45.798082],
						[4.943452, 45.798057]
					],
					[
						[4.949416, 45.797805],
						[4.950587, 45.797159],
						[4.951367, 45.796856],
						[4.951735, 45.796819],
						[4.953139, 45.796884],
						[4.954198, 45.796878],
						[4.954462, 45.796913],
						[4.954665, 45.79699],
						[4.955227, 45.79767],
						[4.956021, 45.798249],
						[4.956202, 45.798329],
						[4.957306, 45.798436],
						[4.960523, 45.798512]
					],
					[
						[4.936881, 45.800414],
						[4.937179, 45.799886],
						[4.93749, 45.799554],
						[4.937879, 45.79866],
						[4.938158, 45.798319],
						[4.938361, 45.79817],
						[4.938547, 45.79809],
						[4.93903, 45.797989],
						[4.939462, 45.797952],
						[4.940287, 45.797998],
						[4.940537, 45.798389],
						[4.940776, 45.798559],
						[4.940945, 45.798605]
					],
					[
						[4.935147, 45.802476],
						[4.935291, 45.802242],
						[4.935958, 45.801796]
					],
					[
						[4.935958, 45.801796],
						[4.936431, 45.801286],
						[4.936815, 45.800744],
						[4.936914, 45.800552],
						[4.936881, 45.800414]
					],
					[
						[4.614946, 43.685834],
						[4.614695, 43.686713]
					],
					[
						[4.615708, 43.68035],
						[4.615366, 43.680416]
					],
					[
						[4.614557, 43.687121],
						[4.614452, 43.687351],
						[4.614177, 43.687507]
					],
					[
						[4.548871, 43.70804],
						[4.547599, 43.708186],
						[4.545733, 43.70781],
						[4.545218, 43.707764],
						[4.543941, 43.707431],
						[4.543447, 43.707519],
						[4.540486, 43.708566],
						[4.540303, 43.708597],
						[4.539735, 43.708646],
						[4.538165, 43.708672],
						[4.535572, 43.708853],
						[4.534703, 43.708713],
						[4.534553, 43.708736],
						[4.534263, 43.708892],
						[4.532857, 43.710334],
						[4.532761, 43.710551],
						[4.532761, 43.71128],
						[4.532686, 43.71135],
						[4.532503, 43.711389],
						[4.526366, 43.710877],
						[4.526184, 43.710784],
						[4.526067, 43.710633],
						[4.526195, 43.709803],
						[4.526024, 43.709377]
					],
					[
						[6.036495, 46.193152],
						[6.033895, 46.193232],
						[6.033298, 46.193331],
						[6.03191, 46.193669],
						[6.031179, 46.193699]
					],
					[
						[4.811524, 45.486868],
						[4.812419, 45.485886]
					],
					[
						[4.788723, 45.482814],
						[4.789552, 45.483024],
						[4.792222, 45.483281],
						[4.794644, 45.48379],
						[4.794904, 45.483773],
						[4.796141, 45.483489],
						[4.798188, 45.483285],
						[4.798571, 45.483305],
						[4.800358, 45.48422],
						[4.801103, 45.484526],
						[4.80323, 45.485181],
						[4.805712, 45.48612],
						[4.806385, 45.486337],
						[4.80693, 45.48645]
					],
					[
						[4.788639, 45.482313],
						[4.788685, 45.482589]
					],
					[
						[4.788685, 45.482589],
						[4.788723, 45.482814]
					],
					[
						[4.812419, 45.485886],
						[4.814725, 45.487017],
						[4.814989, 45.487276],
						[4.815072, 45.487507]
					],
					[
						[4.771547, 45.328284],
						[4.772967, 45.328592],
						[4.773495, 45.328633],
						[4.774352, 45.328602],
						[4.777124, 45.328158],
						[4.77827, 45.328066],
						[4.779856, 45.328065],
						[4.780835, 45.328123],
						[4.781629, 45.328233]
					],
					[
						[4.756281, 45.456288],
						[4.756573, 45.456398]
					],
					[
						[4.748026, 45.401055],
						[4.747822, 45.40097]
					],
					[
						[4.758799, 45.380427],
						[4.756662, 45.380827]
					],
					[
						[4.747822, 45.40097],
						[4.747645, 45.400978],
						[4.74749, 45.40108],
						[4.745488, 45.40321],
						[4.743828, 45.404829],
						[4.743193, 45.405646],
						[4.741529, 45.408085],
						[4.74056, 45.409804],
						[4.740259, 45.410614],
						[4.73992, 45.41206],
						[4.739958, 45.412154],
						[4.740134, 45.412206]
					],
					[
						[4.756573, 45.456398],
						[4.757609, 45.456804],
						[4.759451, 45.457142]
					],
					[
						[4.756662, 45.380827],
						[4.75588, 45.381075],
						[4.755904, 45.381133],
						[4.75622, 45.381182],
						[4.756293, 45.381298],
						[4.756255, 45.381346],
						[4.756013, 45.381383],
						[4.755626, 45.381297],
						[4.755439, 45.381305],
						[4.755174, 45.381435],
						[4.754282, 45.382516],
						[4.754194, 45.382711],
						[4.754242, 45.38301],
						[4.755024, 45.384093],
						[4.755512, 45.384893],
						[4.755809, 45.385639],
						[4.755979, 45.386504],
						[4.755971, 45.387023],
						[4.755862, 45.387693],
						[4.755469, 45.389298],
						[4.755477, 45.390016],
						[4.755335, 45.390295],
						[4.755082, 45.390572],
						[4.754861, 45.391145],
						[4.754737, 45.391497],
						[4.75469, 45.392187],
						[4.754621, 45.392412],
						[4.754395, 45.392757],
						[4.754114, 45.393034],
						[4.753868, 45.393439],
						[4.753654, 45.393901],
						[4.753426, 45.394826],
						[4.753149, 45.39536],
						[4.752656, 45.39576],
						[4.752196, 45.396433],
						[4.75207, 45.397076],
						[4.751856, 45.397417],
						[4.751467, 45.39783],
						[4.751106, 45.398106],
						[4.750544, 45.398963],
						[4.748893, 45.400679],
						[4.74836, 45.401038],
						[4.748208, 45.401083],
						[4.748026, 45.401055]
					],
					[
						[4.7649, 45.458268],
						[4.763308, 45.458118],
						[4.761741, 45.457906],
						[4.761584, 45.457925],
						[4.761455, 45.458112],
						[4.761642, 45.458197]
					],
					[
						[4.817857, 45.656119],
						[4.818377, 45.656636],
						[4.819726, 45.657802]
					],
					[
						[5.291046, 45.802612],
						[5.291967, 45.803244],
						[5.292704, 45.80354],
						[5.293244, 45.803677]
					],
					[
						[5.80768, 45.848402],
						[5.807455, 45.848294],
						[5.807419, 45.848144],
						[5.807657, 45.847576],
						[5.807725, 45.847231],
						[5.808212, 45.845842]
					],
					[
						[5.808815, 45.835126],
						[5.808952, 45.835448],
						[5.809278, 45.835788],
						[5.809415, 45.836203],
						[5.80939, 45.836672],
						[5.809455, 45.837194],
						[5.809396, 45.837427]
					],
					[
						[5.787672, 45.812815],
						[5.787784, 45.812748],
						[5.787852, 45.812492],
						[5.787889, 45.812248],
						[5.78783, 45.812056],
						[5.788023, 45.811804]
					],
					[
						[5.808212, 45.845842],
						[5.808434, 45.845251],
						[5.808307, 45.845187],
						[5.808321, 45.845102],
						[5.809132, 45.844015],
						[5.809075, 45.843916],
						[5.808815, 45.843886],
						[5.808787, 45.843786],
						[5.809066, 45.842985],
						[5.809118, 45.842576],
						[5.809073, 45.842351],
						[5.808819, 45.841939],
						[5.808647, 45.841438],
						[5.808604, 45.841063],
						[5.808745, 45.84012],
						[5.808676, 45.839538],
						[5.808544, 45.839136],
						[5.808641, 45.838907]
					],
					[
						[4.79121, 45.575952],
						[4.79119, 45.576017],
						[4.790621, 45.576477],
						[4.789529, 45.576941],
						[4.789291, 45.576971],
						[4.789016, 45.577139],
						[4.788803, 45.577197],
						[4.788467, 45.577188],
						[4.788241, 45.577101]
					],
					[
						[4.794071, 45.572027],
						[4.793586, 45.571865]
					],
					[
						[4.796515, 45.567507],
						[4.796794, 45.566995],
						[4.797572, 45.566091]
					],
					[
						[4.794311, 45.572183],
						[4.794137, 45.572331]
					],
					[
						[5.847429, 46.042037],
						[5.849509, 46.039293],
						[5.849824, 46.038758],
						[5.850205, 46.03787],
						[5.850583, 46.036397],
						[5.850651, 46.035121]
					],
					[
						[4.826181, 45.665017],
						[4.826206, 45.664818]
					],
					[
						[4.826206, 45.664818],
						[4.826293, 45.665009]
					],
					[
						[4.826889, 45.665714],
						[4.827718, 45.666543],
						[4.828061, 45.666984]
					],
					[
						[4.828434, 45.667955],
						[4.828421, 45.669147],
						[4.828634, 45.670701],
						[4.828918, 45.671568]
					],
					[
						[4.829629, 45.672612],
						[4.829674, 45.672682]
					],
					[
						[4.828918, 45.671568],
						[4.829107, 45.671867]
					],
					[
						[4.829107, 45.671867],
						[4.829629, 45.672612]
					],
					[
						[4.826535, 45.665354],
						[4.826297, 45.665212]
					],
					[
						[4.827655, 45.684118],
						[4.827595, 45.684246]
					],
					[
						[4.831352, 45.677471],
						[4.831421, 45.677874],
						[4.831349, 45.678643],
						[4.831132, 45.679135],
						[4.830902, 45.679446]
					],
					[
						[4.830902, 45.679446],
						[4.829918, 45.6806],
						[4.829295, 45.681432],
						[4.828254, 45.683023],
						[4.827655, 45.684118]
					],
					[
						[4.827526, 45.684448],
						[4.827481, 45.684421],
						[4.827567, 45.684288]
					],
					[
						[4.82697, 45.688437],
						[4.826781, 45.688697],
						[4.826793, 45.68928],
						[4.826874, 45.689572],
						[4.827084, 45.689922],
						[4.827452, 45.690082],
						[4.827438, 45.690253],
						[4.827151, 45.690478],
						[4.827122, 45.690605],
						[4.827684, 45.692263],
						[4.827767, 45.692669]
					],
					[
						[4.828012, 45.693422],
						[4.827779, 45.693551],
						[4.82751, 45.693931]
					],
					[
						[4.826169, 45.695601],
						[4.826204, 45.69546]
					],
					[
						[4.822685, 45.700569],
						[4.822861, 45.700302]
					],
					[
						[4.824614, 45.697807],
						[4.824711, 45.697666]
					],
					[
						[4.822861, 45.700302],
						[4.824614, 45.697807]
					],
					[
						[4.824831, 45.697493],
						[4.826169, 45.695601]
					],
					[
						[4.822941, 45.700331],
						[4.822779, 45.700585]
					],
					[
						[4.824906, 45.697535],
						[4.824794, 45.697677]
					],
					[
						[4.824693, 45.697837],
						[4.822941, 45.700331]
					],
					[
						[6.142779, 46.209082],
						[6.142854, 46.209095],
						[6.142872, 46.209173],
						[6.142804, 46.209182]
					],
					[
						[6.141985, 46.206236],
						[6.141365, 46.206555]
					],
					[
						[6.144822, 46.206218],
						[6.146581, 46.206683]
					],
					[
						[3.760902, 43.43719],
						[3.760996, 43.437124],
						[3.76116, 43.437196],
						[3.761433, 43.437204]
					],
					[
						[3.761152, 43.437909],
						[3.761046, 43.438011],
						[3.760738, 43.437942],
						[3.760505, 43.438051],
						[3.759769, 43.439508]
					],
					[
						[3.800553, 43.483547],
						[3.799121, 43.48517],
						[3.798828, 43.485813],
						[3.798821, 43.486056],
						[3.798893, 43.486241]
					],
					[
						[3.760591, 43.437357],
						[3.760755, 43.437233],
						[3.760902, 43.43719]
					],
					[
						[3.761455, 43.437739],
						[3.761152, 43.437909]
					],
					[
						[3.801348, 43.48253],
						[3.801261, 43.48278],
						[3.800744, 43.483322],
						[3.800609, 43.483393]
					],
					[
						[5.550521, 45.712485],
						[5.549561, 45.712769]
					],
					[
						[5.518223, 45.693816],
						[5.517205, 45.692708],
						[5.516012, 45.691154]
					],
					[
						[5.521998, 45.696149],
						[5.522168, 45.696278]
					],
					[
						[5.50707, 45.692985],
						[5.507259, 45.692663],
						[5.507565, 45.692445],
						[5.50874, 45.692216],
						[5.509762, 45.692188],
						[5.510741, 45.691892],
						[5.511382, 45.691798],
						[5.512398, 45.691545],
						[5.512543, 45.691408],
						[5.512516, 45.691153],
						[5.51258, 45.69078]
					],
					[
						[5.560282, 45.686804],
						[5.560815, 45.686445],
						[5.561802, 45.685265],
						[5.56237, 45.684913],
						[5.563052, 45.684292],
						[5.564044, 45.68404],
						[5.564825, 45.683895],
						[5.566129, 45.683533],
						[5.567197, 45.683515]
					],
					[
						[5.55409, 45.700592],
						[5.553393, 45.698392],
						[5.553473, 45.698259],
						[5.554644, 45.697683],
						[5.556095, 45.697207],
						[5.556237, 45.697126],
						[5.55664, 45.696492],
						[5.556715, 45.696357],
						[5.556737, 45.696119],
						[5.556507, 45.695649],
						[5.55648, 45.695372],
						[5.557391, 45.694143],
						[5.558292, 45.693518],
						[5.558522, 45.693133],
						[5.55859, 45.692098],
						[5.558524, 45.690954],
						[5.558654, 45.689903],
						[5.559104, 45.689061],
						[5.559445, 45.688158],
						[5.559798, 45.687663],
						[5.559839, 45.687277],
						[5.559928, 45.687079],
						[5.56018, 45.68683],
						[5.560282, 45.686804]
					],
					[
						[5.554328, 45.701361],
						[5.554201, 45.70091]
					],
					[
						[5.552974, 45.710575],
						[5.552619, 45.710756],
						[5.551509, 45.711832],
						[5.551057, 45.712031],
						[5.550521, 45.712485]
					],
					[
						[5.554201, 45.70091],
						[5.554143, 45.700789]
					],
					[
						[5.554143, 45.700789],
						[5.55409, 45.700592]
					],
					[
						[5.549215, 45.713229],
						[5.549059, 45.713012]
					],
					[
						[5.297943, 45.811525],
						[5.299641, 45.810499],
						[5.301139, 45.809829],
						[5.301397, 45.809655],
						[5.301746, 45.809284]
					],
					[
						[5.277696, 45.796013],
						[5.277214, 45.796187],
						[5.276568, 45.796558]
					],
					[
						[5.503352, 45.687241],
						[5.501407, 45.684791],
						[5.50075, 45.684109],
						[5.499849, 45.683289],
						[5.499005, 45.682612],
						[5.498576, 45.682103],
						[5.498399, 45.681771],
						[5.496883, 45.68029],
						[5.496636, 45.680127],
						[5.496414, 45.679719]
					],
					[
						[5.75759, 45.766553],
						[5.757781, 45.766702]
					],
					[
						[5.757781, 45.766702],
						[5.75818, 45.76684],
						[5.758731, 45.766819],
						[5.760189, 45.766155],
						[5.761126, 45.765638],
						[5.761188, 45.765667]
					],
					[
						[6.127085, 46.197104],
						[6.127215, 46.197266],
						[6.127673, 46.198727],
						[6.127859, 46.199142]
					],
					[
						[5.316084, 45.850662],
						[5.316449, 45.850684],
						[5.320816, 45.850408],
						[5.322908, 45.850027],
						[5.323219, 45.850079],
						[5.32383, 45.850356],
						[5.327337, 45.851677],
						[5.327776, 45.851782]
					],
					[
						[5.299606, 45.826202],
						[5.30072, 45.82786]
					],
					[
						[4.077292, 43.560761],
						[4.078366, 43.559434]
					],
					[
						[4.883587, 45.792612],
						[4.884873, 45.791725],
						[4.885417, 45.791091]
					],
					[
						[4.894162, 45.784114],
						[4.893746, 45.785053],
						[4.892998, 45.786268]
					],
					[
						[4.926077, 45.801859],
						[4.927166, 45.802167],
						[4.928343, 45.802259],
						[4.929912, 45.802581],
						[4.931947, 45.802935],
						[4.933199, 45.803052],
						[4.933869, 45.803185]
					],
					[
						[5.420946, 45.709311],
						[5.420876, 45.708278]
					],
					[
						[4.960901, 45.798527],
						[4.961455, 45.798516],
						[4.962324, 45.798644],
						[4.964286, 45.798407],
						[4.964558, 45.798351],
						[4.964703, 45.798246],
						[4.964778, 45.798101],
						[4.964749, 45.797884]
					],
					[
						[4.877293, 44.960108],
						[4.877752, 44.959585],
						[4.878791, 44.958197],
						[4.879416, 44.957171],
						[4.882236, 44.950485],
						[4.884449, 44.945608],
						[4.885201, 44.944161]
					],
					[
						[4.648483, 43.8056],
						[4.648232, 43.806346],
						[4.647789, 43.807361]
					],
					[
						[4.648483, 43.8056],
						[4.648339, 43.805101]
					],
					[
						[4.648705, 43.805053],
						[4.648483, 43.8056]
					],
					[
						[4.645587, 43.814398],
						[4.646698, 43.81343],
						[4.646746, 43.813222],
						[4.64667, 43.813074]
					],
					[
						[4.643025, 43.812739],
						[4.645587, 43.814398]
					],
					[
						[4.631555, 43.806842],
						[4.630608, 43.806877],
						[4.629695, 43.806793],
						[4.62805, 43.806414],
						[4.627437, 43.806374]
					],
					[
						[4.637834, 43.805633],
						[4.637782, 43.805909],
						[4.637577, 43.806032],
						[4.634138, 43.806537],
						[4.633977, 43.80661],
						[4.632614, 43.806784],
						[4.631555, 43.806842]
					],
					[
						[4.646739, 43.808415],
						[4.646687, 43.808395]
					],
					[
						[4.647496, 43.808436],
						[4.646774, 43.808423]
					],
					[
						[4.646106, 43.804719],
						[4.646227, 43.804786],
						[4.646681, 43.804884]
					],
					[
						[4.645577, 43.804623],
						[4.645984, 43.804687]
					],
					[
						[4.800846, 44.823379],
						[4.80093, 44.823175],
						[4.801569, 44.822309],
						[4.801649, 44.822335],
						[4.802032, 44.821759],
						[4.80227, 44.821198],
						[4.802274, 44.820912]
					],
					[
						[4.79417, 44.805242],
						[4.79442, 44.80526],
						[4.794927, 44.8054],
						[4.795735, 44.805508],
						[4.796518, 44.805741],
						[4.796867, 44.8059],
						[4.798428, 44.807368],
						[4.7987, 44.807518],
						[4.799446, 44.808494],
						[4.799751, 44.808774],
						[4.800093, 44.809308],
						[4.80056, 44.810153],
						[4.800787, 44.811086],
						[4.800974, 44.812226],
						[4.80093, 44.81311],
						[4.801125, 44.813605],
						[4.801399, 44.815495],
						[4.801482, 44.816755]
					],
					[
						[4.802796, 44.81331],
						[4.802788, 44.813182]
					],
					[
						[4.810086, 44.825964],
						[4.809815, 44.826262],
						[4.809778, 44.826515],
						[4.810982, 44.829201],
						[4.811741, 44.83027],
						[4.813763, 44.832313],
						[4.81486, 44.833706],
						[4.815268, 44.83441],
						[4.816022, 44.836116],
						[4.816502, 44.837369],
						[4.817127, 44.838579],
						[4.817594, 44.839298],
						[4.818181, 44.84006],
						[4.818607, 44.84089],
						[4.819606, 44.842274]
					],
					[
						[4.785719, 44.798897],
						[4.783674, 44.796559],
						[4.783224, 44.795868],
						[4.782781, 44.795035],
						[4.781957, 44.794331]
					],
					[
						[4.802788, 44.813182],
						[4.802672, 44.812214],
						[4.802675, 44.81216],
						[4.80278, 44.812096],
						[4.802975, 44.812159],
						[4.804389, 44.813363],
						[4.804992, 44.813915],
						[4.805376, 44.81441],
						[4.805593, 44.814919],
						[4.805819, 44.815896],
						[4.806173, 44.816624],
						[4.80637, 44.81828]
					],
					[
						[4.647231, 43.809576],
						[4.6472, 43.811818],
						[4.646964, 43.812836],
						[4.646846, 43.813013],
						[4.64667, 43.813074]
					],
					[
						[4.830812, 44.84967],
						[4.835841, 44.852819],
						[4.836031, 44.853005],
						[4.836122, 44.853228]
					],
					[
						[4.837745, 44.861563],
						[4.837085, 44.860842],
						[4.836852, 44.860696],
						[4.836399, 44.860116],
						[4.836238, 44.860034],
						[4.835923, 44.859677],
						[4.835476, 44.85944]
					],
					[
						[4.85375, 44.905952],
						[4.853704, 44.904742],
						[4.853578, 44.904027],
						[4.85328, 44.903036],
						[4.852639, 44.901501],
						[4.852395, 44.900427],
						[4.851996, 44.896893],
						[4.851789, 44.8945],
						[4.851727, 44.89288],
						[4.851759, 44.892375],
						[4.852366, 44.889781],
						[4.852317, 44.889668]
					],
					[
						[4.863493, 44.910165],
						[4.863866, 44.91034]
					],
					[
						[4.863866, 44.91034],
						[4.86451, 44.910625],
						[4.864377, 44.911116],
						[4.864121, 44.911302]
					],
					[
						[4.863219, 44.916703],
						[4.863277, 44.916202],
						[4.863243, 44.915803],
						[4.862546, 44.913058],
						[4.862493, 44.912538],
						[4.862524, 44.912092],
						[4.86274, 44.911353],
						[4.863179, 44.910625],
						[4.863828, 44.909969],
						[4.864368, 44.9096]
					],
					[
						[4.871747, 44.9052],
						[4.869541, 44.906563]
					],
					[
						[4.871539, 44.905072],
						[4.871494, 44.904996],
						[4.871393, 44.905051]
					],
					[
						[4.646774, 43.808423],
						[4.646739, 43.808415]
					],
					[
						[4.647789, 43.807361],
						[4.646761, 43.808254],
						[4.646687, 43.808395]
					],
					[
						[4.860347, 45.06057],
						[4.859273, 45.062057],
						[4.858648, 45.062761]
					],
					[
						[5.292314, 45.797349],
						[5.2929, 45.797034]
					],
					[
						[5.292314, 45.797349],
						[5.292068, 45.796994]
					],
					[
						[4.630383, 43.889494],
						[4.631226, 43.888955],
						[4.631472, 43.888918],
						[4.632739, 43.889191],
						[4.63341, 43.889255],
						[4.633592, 43.889228]
					],
					[
						[4.607617, 43.871243],
						[4.608577, 43.871099],
						[4.610607, 43.871054],
						[4.610909, 43.870914],
						[4.611086, 43.870752],
						[4.611292, 43.87042],
						[4.611418, 43.870376],
						[4.61325, 43.870083],
						[4.613897, 43.869812],
						[4.614385, 43.869728],
						[4.61835, 43.869143],
						[4.618499, 43.869164],
						[4.618725, 43.869127]
					],
					[
						[4.612627, 43.690039],
						[4.612539, 43.690027],
						[4.611396, 43.691271],
						[4.611242, 43.691311]
					],
					[
						[4.696584, 43.899309],
						[4.69731, 43.899657],
						[4.697874, 43.900101],
						[4.698416, 43.90032],
						[4.698701, 43.900725],
						[4.69914, 43.900937],
						[4.699316, 43.90113],
						[4.699494, 43.901137],
						[4.69956, 43.901075],
						[4.699664, 43.901077],
						[4.700046, 43.901263],
						[4.700198, 43.901154],
						[4.700434, 43.901296],
						[4.700688, 43.901307],
						[4.700845, 43.901398],
						[4.701091, 43.901449],
						[4.701767, 43.90138],
						[4.701911, 43.901413],
						[4.704217, 43.902376],
						[4.707267, 43.903501],
						[4.7178, 43.907176],
						[4.71869, 43.90752],
						[4.71972, 43.908031],
						[4.721134, 43.908817],
						[4.722443, 43.909621],
						[4.723781, 43.910775],
						[4.724223, 43.911217],
						[4.725146, 43.912367],
						[4.727729, 43.916162],
						[4.728734, 43.917829],
						[4.729674, 43.91921],
						[4.730304, 43.920084],
						[4.731297, 43.921251],
						[4.732884, 43.922752],
						[4.734378, 43.923971],
						[4.735055, 43.924436],
						[4.738136, 43.926994],
						[4.738415, 43.927165],
						[4.738734, 43.927147],
						[4.73888, 43.927294],
						[4.739418, 43.927593]
					],
					[
						[3.753043, 43.442117],
						[3.753571, 43.441692],
						[3.754394, 43.441443]
					],
					[
						[5.278418, 45.796937],
						[5.278842, 45.796889]
					],
					[
						[5.278842, 45.796889],
						[5.278478, 45.797065]
					],
					[
						[5.24597, 45.779492],
						[5.24621, 45.779671],
						[5.247348, 45.78021],
						[5.25011, 45.781269],
						[5.250684, 45.781359],
						[5.251108, 45.781598],
						[5.252013, 45.781973]
					],
					[
						[5.70677, 45.736762],
						[5.706428, 45.736981],
						[5.705659, 45.737261]
					],
					[
						[5.641927, 45.638512],
						[5.642239, 45.638962]
					],
					[
						[5.676611, 45.636562],
						[5.676039, 45.636466],
						[5.675011, 45.636435],
						[5.667957, 45.636632],
						[5.667688, 45.636592]
					],
					[
						[5.656138, 45.634512],
						[5.655917, 45.634562]
					],
					[
						[5.667688, 45.636592],
						[5.66758, 45.636655],
						[5.661037, 45.636838],
						[5.660322, 45.636845],
						[5.659371, 45.636726],
						[5.658649, 45.636553],
						[5.658615, 45.636428],
						[5.658195, 45.636211],
						[5.657988, 45.63597],
						[5.65672, 45.635093],
						[5.656543, 45.634855],
						[5.65629, 45.634704],
						[5.656138, 45.634512]
					],
					[
						[5.576359, 45.673086],
						[5.576321, 45.673191]
					],
					[
						[5.575862, 45.672045],
						[5.575628, 45.671747],
						[5.575437, 45.671795],
						[5.575271, 45.671759],
						[5.575111, 45.671564],
						[5.575142, 45.671238],
						[5.575048, 45.671174],
						[5.574759, 45.671137],
						[5.574713, 45.671076],
						[5.575022, 45.670866],
						[5.575227, 45.670813],
						[5.575484, 45.670858],
						[5.575662, 45.670822],
						[5.577697, 45.670052],
						[5.578952, 45.669653],
						[5.580737, 45.669266],
						[5.581442, 45.669148],
						[5.581849, 45.669125]
					],
					[
						[5.575862, 45.672045],
						[5.575702, 45.672202],
						[5.575678, 45.67234],
						[5.575956, 45.672779],
						[5.576359, 45.673086]
					],
					[
						[5.549059, 45.713012],
						[5.548499, 45.712289]
					],
					[
						[4.7649, 45.458268],
						[4.765533, 45.458237],
						[4.766881, 45.458011]
					],
					[
						[4.6293, 43.820471],
						[4.629063, 43.820606]
					],
					[
						[6.524063, 46.3892],
						[6.524295, 46.389395]
					],
					[
						[6.522753, 46.392288],
						[6.524047, 46.390088]
					],
					[
						[4.858648, 45.062761],
						[4.858566, 45.062853]
					],
					[
						[4.858566, 45.062853],
						[4.858506, 45.062899]
					],
					[
						[4.858506, 45.062899],
						[4.857475, 45.063704],
						[4.856977, 45.063961]
					],
					[
						[3.695004, 43.395673],
						[3.694797, 43.395253]
					],
					[
						[3.697137, 43.40172],
						[3.697383, 43.40174]
					],
					[
						[6.149638, 46.204099],
						[6.149033, 46.204221]
					],
					[
						[6.141985, 46.206236],
						[6.142347, 46.206045]
					],
					[
						[5.406807, 45.853592],
						[5.406239, 45.853346]
					],
					[
						[4.806185, 45.170307],
						[4.806154, 45.169905],
						[4.806294, 45.169455],
						[4.806231, 45.169179],
						[4.806439, 45.168792]
					],
					[
						[4.824711, 45.697666],
						[4.824831, 45.697493]
					],
					[
						[4.824794, 45.697677],
						[4.824693, 45.697837]
					],
					[
						[4.826535, 45.665354],
						[4.826782, 45.665601]
					],
					[
						[5.834642, 45.957614],
						[5.835974, 45.957945]
					],
					[
						[4.907598, 45.768991],
						[4.907815, 45.768944],
						[4.909807, 45.768863]
					],
					[
						[4.813737, 45.652497],
						[4.813657, 45.652492],
						[4.813517, 45.652353],
						[4.81261, 45.650676],
						[4.812132, 45.650083]
					],
					[
						[4.81225, 45.65003],
						[4.812685, 45.650585],
						[4.813707, 45.652405],
						[4.813672, 45.652434]
					],
					[
						[4.813737, 45.652497],
						[4.815248, 45.653614]
					],
					[
						[4.813672, 45.652434],
						[4.813737, 45.652497]
					],
					[
						[4.815479, 45.653811],
						[4.815614, 45.65395],
						[4.815723, 45.654197],
						[4.815685, 45.654802],
						[4.815729, 45.654961],
						[4.815843, 45.65509],
						[4.816028, 45.655215],
						[4.816839, 45.655502],
						[4.817583, 45.655904]
					],
					[
						[4.815248, 45.653614],
						[4.815394, 45.653728]
					],
					[
						[4.821523, 45.659306],
						[4.823836, 45.661108],
						[4.825111, 45.662734],
						[4.825093, 45.662823]
					],
					[
						[4.817583, 45.655904],
						[4.817857, 45.656119]
					],
					[
						[4.825093, 45.662823],
						[4.825422, 45.663298],
						[4.826206, 45.664818]
					],
					[
						[4.821343, 45.659158],
						[4.821523, 45.659306]
					],
					[
						[4.743708, 44.742008],
						[4.746378, 44.741729],
						[4.748115, 44.741426]
					],
					[
						[4.615441, 43.683508],
						[4.615445, 43.683773]
					],
					[
						[4.793408, 45.571673],
						[4.793604, 45.571143],
						[4.794655, 45.570247],
						[4.795344, 45.569353],
						[4.795715, 45.568694]
					],
					[
						[4.793586, 45.571865],
						[4.793507, 45.57177]
					],
					[
						[4.799472, 45.565836],
						[4.800611, 45.565008],
						[4.80181, 45.563893]
					],
					[
						[4.804417, 45.56232],
						[4.804326, 45.562038],
						[4.80436, 45.561892],
						[4.805394, 45.560492],
						[4.805483, 45.560284],
						[4.805533, 45.55984],
						[4.805645, 45.559722]
					],
					[
						[4.802454, 45.563203],
						[4.80284, 45.562874],
						[4.803786, 45.56266],
						[4.804349, 45.562431]
					],
					[
						[4.8045, 45.562354],
						[4.804465, 45.562446],
						[4.804335, 45.562421],
						[4.804369, 45.562329],
						[4.8045, 45.562354]
					],
					[
						[4.870502, 44.906022],
						[4.871092, 44.906389]
					],
					[
						[4.873958, 44.916374],
						[4.873786, 44.916483],
						[4.873727, 44.916599]
					],
					[
						[4.873012, 44.911709],
						[4.871588, 44.909713],
						[4.870978, 44.908962],
						[4.869624, 44.907473]
					],
					[
						[4.874985, 44.914439],
						[4.873012, 44.911709]
					],
					[
						[6.14263, 46.208484],
						[6.142779, 46.209082]
					],
					[
						[5.441866, 45.695111],
						[5.442366, 45.69492],
						[5.443462, 45.694215],
						[5.444469, 45.693819],
						[5.444952, 45.693733],
						[5.446586, 45.693571],
						[5.447381, 45.693592],
						[5.448008, 45.693783],
						[5.448229, 45.693782]
					],
					[
						[4.708039, 44.231093],
						[4.708143, 44.231037]
					],
					[
						[4.708143, 44.231037],
						[4.708332, 44.23061],
						[4.708507, 44.230515]
					],
					[
						[4.446048, 43.669187],
						[4.448556, 43.672441],
						[4.448841, 43.672519],
						[4.449189, 43.672398]
					],
					[
						[4.452138, 43.671128],
						[4.451871, 43.671285],
						[4.449189, 43.672398]
					],
					[
						[4.456575, 43.674003],
						[4.457187, 43.67408],
						[4.457529, 43.674208],
						[4.457801, 43.67439],
						[4.458088, 43.674702],
						[4.458547, 43.675978],
						[4.458916, 43.676695],
						[4.459919, 43.678176],
						[4.46013, 43.683293],
						[4.462548, 43.686725],
						[4.466065, 43.68893],
						[4.467246, 43.690306],
						[4.467773, 43.69075],
						[4.468494, 43.691262],
						[4.469434, 43.691828],
						[4.472567, 43.693317],
						[4.472771, 43.693336],
						[4.473631, 43.693188],
						[4.473844, 43.693267],
						[4.474089, 43.693561],
						[4.474713, 43.693924],
						[4.476384, 43.695198],
						[4.477199, 43.695995],
						[4.479961, 43.698314],
						[4.480532, 43.698699],
						[4.481353, 43.699101],
						[4.483945, 43.699704],
						[4.48482, 43.699953]
					],
					[
						[4.452929, 43.671455],
						[4.453653, 43.67197],
						[4.454714, 43.672583],
						[4.455323, 43.673012],
						[4.456487, 43.673711],
						[4.456575, 43.674003]
					],
					[
						[4.789899, 44.664138],
						[4.790085, 44.663804]
					],
					[
						[4.790085, 44.663804],
						[4.790265, 44.663577],
						[4.790376, 44.663527]
					],
					[
						[5.835314, 45.964262],
						[5.835254, 45.964555],
						[5.835377, 45.966144]
					],
					[
						[5.847429, 46.042037],
						[5.849019, 46.042805],
						[5.849442, 46.043119],
						[5.849767, 46.04357],
						[5.850261, 46.044581],
						[5.852393, 46.046388],
						[5.852541, 46.04671],
						[5.8527, 46.047674]
					],
					[
						[5.842284, 46.008387],
						[5.842438, 46.008423],
						[5.843412, 46.008892],
						[5.84455, 46.00893],
						[5.845864, 46.008813],
						[5.847854, 46.00909]
					],
					[
						[5.865683, 46.061465],
						[5.865344, 46.061499]
					],
					[
						[5.853109, 45.992815],
						[5.853314, 45.992506],
						[5.853418, 45.992223]
					],
					[
						[5.834456, 45.957566],
						[5.834642, 45.957614]
					],
					[
						[4.995152, 45.794688],
						[4.996084, 45.793994],
						[5.001116, 45.788949],
						[5.001687, 45.788491],
						[5.002315, 45.788104],
						[5.00296, 45.787784],
						[5.003653, 45.787534],
						[5.004804, 45.787226],
						[5.005423, 45.787116],
						[5.006411, 45.787041],
						[5.00794, 45.787115],
						[5.009877, 45.787447]
					],
					[
						[4.993719, 45.795308],
						[4.994477, 45.795032],
						[4.994982, 45.794781]
					],
					[
						[6.118503, 46.19013],
						[6.117969, 46.19031]
					],
					[
						[4.697801, 44.46351],
						[4.697776, 44.463616]
					],
					[
						[4.5213, 43.744681],
						[4.521448, 43.744472]
					],
					[
						[4.521448, 43.744472],
						[4.521526, 43.743268],
						[4.521453, 43.742951],
						[4.521373, 43.741709],
						[4.521289, 43.741604],
						[4.520976, 43.741458],
						[4.520933, 43.741328]
					],
					[
						[4.619021, 43.675235],
						[4.618799, 43.675252],
						[4.618562, 43.675101],
						[4.617644, 43.674345]
					],
					[
						[5.415826, 45.803059],
						[5.416191, 45.80274]
					],
					[
						[5.41644, 45.80272],
						[5.416349, 45.802763],
						[5.416191, 45.80274],
						[5.416134, 45.802679],
						[5.416163, 45.802573],
						[5.416302, 45.802526],
						[5.416402, 45.802548],
						[5.416467, 45.80261],
						[5.41644, 45.80272]
					],
					[
						[5.416402, 45.802548],
						[5.416893, 45.802126]
					],
					[
						[6.187087, 46.228777],
						[6.187127, 46.228801]
					],
					[
						[6.18687, 46.228886],
						[6.186905, 46.228783]
					],
					[
						[6.187015, 46.228907],
						[6.18687, 46.228886]
					],
					[
						[5.527067, 45.706644],
						[5.527151, 45.707171],
						[5.527746, 45.708527],
						[5.52769, 45.70863],
						[5.527132, 45.708847]
					],
					[
						[5.424448, 45.80015],
						[5.424301, 45.800073],
						[5.423832, 45.799969],
						[5.421382, 45.799636]
					],
					[
						[5.434864, 45.790636],
						[5.434218, 45.791251],
						[5.433837, 45.791754],
						[5.432937, 45.793214]
					],
					[
						[5.435503, 45.789451],
						[5.435638, 45.789535],
						[5.435433, 45.789955],
						[5.434864, 45.790636]
					],
					[
						[5.431556, 45.79431],
						[5.430702, 45.796009],
						[5.430455, 45.796424],
						[5.430178, 45.796742],
						[5.42959, 45.797111],
						[5.42905, 45.797567],
						[5.428009, 45.797984],
						[5.426566, 45.798425],
						[5.424965, 45.799567],
						[5.424887, 45.799891],
						[5.424749, 45.800011],
						[5.424448, 45.80015]
					],
					[
						[5.420876, 45.708278],
						[5.420869, 45.706986]
					],
					[
						[5.437018, 45.696635],
						[5.437504, 45.696607],
						[5.438237, 45.696664],
						[5.438862, 45.696586]
					],
					[
						[5.451731, 45.6924],
						[5.452791, 45.691629],
						[5.453335, 45.691106],
						[5.454999, 45.689278],
						[5.456434, 45.687426],
						[5.457086, 45.686753],
						[5.457495, 45.686104],
						[5.457713, 45.685553],
						[5.45873, 45.684311],
						[5.458851, 45.684234]
					],
					[
						[5.420637, 45.824267],
						[5.420638, 45.824199],
						[5.420803, 45.824197],
						[5.420739, 45.824267],
						[5.420637, 45.824267]
					],
					[
						[4.840773, 45.772513],
						[4.840866, 45.772845],
						[4.84122, 45.773378]
					],
					[
						[4.840725, 45.772202],
						[4.840773, 45.772513]
					],
					[
						[5.788952, 45.809723],
						[5.789023, 45.809716]
					],
					[
						[5.70794, 45.755056],
						[5.711295, 45.756654],
						[5.711421, 45.756745],
						[5.711611, 45.757049],
						[5.711766, 45.757159],
						[5.715484, 45.758958],
						[5.715663, 45.759159],
						[5.716034, 45.759914],
						[5.716239, 45.760085],
						[5.719321, 45.761536],
						[5.720855, 45.762038],
						[5.721533, 45.762201]
					],
					[
						[5.808815, 45.835126],
						[5.80842, 45.835205],
						[5.808072, 45.835409],
						[5.807328, 45.835662],
						[5.805815, 45.835108],
						[5.804638, 45.83486],
						[5.803738, 45.834353],
						[5.803175, 45.833956],
						[5.803017, 45.833838],
						[5.802465, 45.833183],
						[5.801942, 45.832871]
					],
					[
						[5.795135, 45.813031],
						[5.794656, 45.813314],
						[5.793359, 45.813906]
					],
					[
						[5.794726, 45.812576],
						[5.794899, 45.81271],
						[5.795106, 45.81299]
					],
					[
						[4.738311, 44.606566],
						[4.738166, 44.606635]
					],
					[
						[4.73846, 44.606525],
						[4.738311, 44.606566]
					],
					[
						[4.99085, 45.795664],
						[4.989974, 45.795576],
						[4.988765, 45.795204]
					],
					[
						[4.984456, 45.792647],
						[4.96887, 45.782693],
						[4.96733, 45.781866],
						[4.965842, 45.781192],
						[4.963122, 45.780026],
						[4.962158, 45.779683],
						[4.956139, 45.777211]
					],
					[
						[5.084599, 45.795738],
						[5.084797, 45.796324],
						[5.084831, 45.797062],
						[5.085097, 45.797834],
						[5.08511, 45.798139],
						[5.08461, 45.799803]
					],
					[
						[5.084208, 45.794922],
						[5.084599, 45.795738]
					],
					[
						[5.10674, 45.780333],
						[5.106882, 45.780575]
					],
					[
						[5.549561, 45.712769],
						[5.548927, 45.712951]
					],
					[
						[3.809781, 43.509573],
						[3.809811, 43.50949]
					],
					[
						[5.436341, 45.778815],
						[5.435585, 45.779271],
						[5.434227, 45.779888],
						[5.433733, 45.780267],
						[5.433101, 45.780651],
						[5.433014, 45.780801],
						[5.432974, 45.781073],
						[5.432927, 45.781103],
						[5.432644, 45.781096]
					],
					[
						[5.431979, 45.789144],
						[5.431835, 45.788986],
						[5.432239, 45.785849],
						[5.432231, 45.785794],
						[5.432067, 45.785719],
						[5.432049, 45.785651],
						[5.432206, 45.784516],
						[5.432143, 45.784104],
						[5.432183, 45.783631],
						[5.432089, 45.783296],
						[5.432144, 45.782852],
						[5.432097, 45.782117],
						[5.432179, 45.781825],
						[5.432517, 45.781224],
						[5.432644, 45.781096]
					],
					[
						[5.433254, 45.777762],
						[5.434936, 45.778302],
						[5.436341, 45.778815]
					],
					[
						[3.808873, 43.50865],
						[3.808291, 43.50808],
						[3.807474, 43.50746],
						[3.806159, 43.506704],
						[3.804546, 43.505411]
					],
					[
						[5.414063, 45.806592],
						[5.418395, 45.808323],
						[5.41843, 45.808415],
						[5.417208, 45.810141],
						[5.416253, 45.811605],
						[5.415624, 45.812765],
						[5.41417, 45.814594],
						[5.413831, 45.814752],
						[5.413498, 45.81483],
						[5.412223, 45.814895],
						[5.411995, 45.814809],
						[5.411231, 45.814304],
						[5.410905, 45.814198]
					],
					[
						[4.288488, 43.636226],
						[4.290426, 43.636701],
						[4.291779, 43.636903],
						[4.295702, 43.637609]
					],
					[
						[4.835697, 45.032228],
						[4.835757, 45.032597]
					],
					[
						[4.835757, 45.032597],
						[4.836766, 45.035305],
						[4.837053, 45.035781]
					],
					[
						[4.818072, 45.075722],
						[4.822385, 45.076832]
					],
					[
						[4.825634, 45.097006],
						[4.824853, 45.098551],
						[4.823908, 45.100809],
						[4.823582, 45.101227],
						[4.823139, 45.10198],
						[4.822898, 45.102519],
						[4.822436, 45.102626],
						[4.821502, 45.103428],
						[4.821268, 45.103513],
						[4.821096, 45.103523]
					],
					[
						[4.840177, 45.015233],
						[4.839943, 45.015093]
					],
					[
						[4.716592, 44.576057],
						[4.714747, 44.576245]
					],
					[
						[5.327776, 45.851782],
						[5.328621, 45.85179],
						[5.330717, 45.851487],
						[5.330998, 45.851502],
						[5.331124, 45.851567],
						[5.331427, 45.851903],
						[5.33169, 45.852504],
						[5.331872, 45.853177],
						[5.331954, 45.853223],
						[5.333302, 45.852908],
						[5.333821, 45.852743]
					],
					[
						[4.773008, 45.459527],
						[4.772978, 45.459595]
					],
					[
						[4.773008, 45.459527],
						[4.772496, 45.459402],
						[4.772171, 45.459274]
					],
					[
						[4.772978, 45.459595],
						[4.773579, 45.459772],
						[4.774182, 45.460045],
						[4.775097, 45.460301],
						[4.776484, 45.460468],
						[4.776767, 45.460711]
					],
					[
						[3.988712, 43.548059],
						[3.988901, 43.548078],
						[3.990547, 43.548547]
					],
					[
						[3.990547, 43.548547],
						[3.991488, 43.548791]
					],
					[
						[4.813924, 45.184421],
						[4.813937, 45.184558]
					],
					[
						[4.813836, 45.184584],
						[4.813881, 45.184568]
					],
					[
						[5.288025, 45.794424],
						[5.287636, 45.794436],
						[5.285649, 45.794889],
						[5.282887, 45.795735],
						[5.28056, 45.796282],
						[5.279603, 45.796661],
						[5.278842, 45.796889]
					],
					[
						[4.834628, 45.067857],
						[4.834531, 45.067872]
					],
					[
						[3.761718, 43.437113],
						[3.762714, 43.43655]
					],
					[
						[3.761433, 43.437204],
						[3.761718, 43.437113]
					],
					[
						[4.756771, 44.717734],
						[4.756933, 44.717957],
						[4.756653, 44.718625],
						[4.756592, 44.719009],
						[4.75658, 44.719893],
						[4.756368, 44.720419],
						[4.756405, 44.720604],
						[4.756693, 44.721054],
						[4.757336, 44.72164],
						[4.757543, 44.721973],
						[4.757807, 44.722247],
						[4.75819, 44.722929],
						[4.758665, 44.723299],
						[4.758828, 44.723472],
						[4.758885, 44.723663],
						[4.757807, 44.725687],
						[4.757698, 44.725838],
						[4.757039, 44.726181],
						[4.756844, 44.726372],
						[4.756039, 44.727781],
						[4.756059, 44.727932],
						[4.756771, 44.729344],
						[4.756805, 44.730085]
					],
					[
						[4.812053, 45.184084],
						[4.810476, 45.183782]
					],
					[
						[4.648828, 44.368482],
						[4.651518, 44.36822]
					],
					[
						[4.747825, 44.753554],
						[4.747758, 44.753511],
						[4.747624, 44.75352]
					],
					[
						[4.836077, 45.029249],
						[4.836257, 45.028675],
						[4.836667, 45.027774],
						[4.836927, 45.027351],
						[4.837426, 45.026813],
						[4.837731, 45.02639],
						[4.838758, 45.025305],
						[4.841456, 45.023206],
						[4.842002, 45.022657],
						[4.842469, 45.021986],
						[4.842621, 45.021623]
					],
					[
						[4.837053, 45.035781],
						[4.837911, 45.037045],
						[4.83868, 45.037923],
						[4.84375, 45.043035]
					],
					[
						[4.76892, 44.770764],
						[4.768922, 44.770789]
					],
					[
						[4.767653, 44.77302],
						[4.767665, 44.77359],
						[4.767858, 44.774497],
						[4.767844, 44.774887],
						[4.767811, 44.775096],
						[4.767485, 44.775881],
						[4.767472, 44.776219],
						[4.769722, 44.7785],
						[4.770092, 44.77884],
						[4.770672, 44.779247],
						[4.771379, 44.779652],
						[4.773668, 44.780709],
						[4.77436, 44.78094]
					],
					[
						[4.7569, 44.731282],
						[4.756557, 44.731891],
						[4.756491, 44.732543]
					],
					[
						[4.767653, 44.77302],
						[4.767626, 44.772706],
						[4.768294, 44.772568],
						[4.76904, 44.772495]
					],
					[
						[4.782438, 44.710205],
						[4.782534, 44.710293],
						[4.782668, 44.710323],
						[4.782814, 44.710296],
						[4.78294, 44.710214]
					],
					[
						[4.789777, 44.675889],
						[4.791247, 44.675966],
						[4.792005, 44.676082],
						[4.792635, 44.676372],
						[4.792996, 44.676666],
						[4.793264, 44.677044],
						[4.793398, 44.677491],
						[4.793293, 44.678909],
						[4.793083, 44.679369],
						[4.79134, 44.680915],
						[4.791195, 44.681181],
						[4.791218, 44.681535],
						[4.791335, 44.681778],
						[4.791591, 44.682018],
						[4.792211, 44.682261],
						[4.792251, 44.682394],
						[4.791171, 44.685665],
						[4.790483, 44.688065],
						[4.790139, 44.68887],
						[4.78983, 44.690162],
						[4.788316, 44.694879]
					],
					[
						[4.781676, 44.715009],
						[4.781816, 44.714213],
						[4.782783, 44.710999]
					],
					[
						[4.682232, 44.308153],
						[4.682734, 44.307285],
						[4.683034, 44.307101],
						[4.6834, 44.307027]
					],
					[
						[4.701553, 44.481797],
						[4.701226, 44.481764]
					],
					[
						[4.704841, 44.501044],
						[4.704783, 44.500998],
						[4.705816, 44.500233],
						[4.706174, 44.499883],
						[4.70646, 44.49982]
					],
					[
						[4.789167, 44.624488],
						[4.788974, 44.624301],
						[4.788588, 44.623633]
					],
					[
						[4.720437, 44.575819],
						[4.720684, 44.57571]
					],
					[
						[4.751914, 44.593666],
						[4.751917, 44.593567]
					],
					[
						[4.724671, 44.583232],
						[4.724863, 44.583021]
					],
					[
						[4.789777, 44.675889],
						[4.78987, 44.675772],
						[4.790057, 44.673162],
						[4.792514, 44.670143],
						[4.792797, 44.669729],
						[4.792866, 44.669227],
						[4.792647, 44.668295]
					],
					[
						[4.789014, 44.660098],
						[4.789053, 44.660169]
					],
					[
						[4.789845, 44.63747],
						[4.790052, 44.63696],
						[4.790331, 44.635154],
						[4.790613, 44.634437],
						[4.790235, 44.633573],
						[4.789315, 44.63194],
						[4.789089, 44.630199],
						[4.788674, 44.628217],
						[4.788652, 44.627373],
						[4.789167, 44.624488]
					],
					[
						[4.786264, 44.650363],
						[4.787864, 44.650055],
						[4.788721, 44.650066]
					],
					[
						[4.789752, 44.659838],
						[4.789014, 44.660098]
					],
					[
						[4.787749, 44.645166],
						[4.788366, 44.644972],
						[4.78871, 44.644658],
						[4.788944, 44.643919],
						[4.78903, 44.642612],
						[4.78924, 44.641616],
						[4.789376, 44.641269],
						[4.790127, 44.63999]
					],
					[
						[4.781523, 44.793611],
						[4.780971, 44.792988],
						[4.780407, 44.792132],
						[4.779246, 44.790731],
						[4.776958, 44.788144],
						[4.775697, 44.786291],
						[4.77533, 44.785644],
						[4.77419, 44.782351],
						[4.774117, 44.782187],
						[4.773892, 44.78198]
					],
					[
						[4.87584, 44.915629],
						[4.873958, 44.916374]
					],
					[
						[4.845518, 45.067065],
						[4.845286, 45.067033],
						[4.844149, 45.067246],
						[4.841921, 45.067751],
						[4.841681, 45.067916],
						[4.841245, 45.068038],
						[4.841057, 45.06802],
						[4.839565, 45.068305],
						[4.839464, 45.068364]
					],
					[
						[4.612627, 43.690039],
						[4.612911, 43.689713]
					],
					[
						[4.614231, 43.688248],
						[4.614146, 43.688342]
					],
					[
						[4.805645, 45.559722],
						[4.805839, 45.559889],
						[4.806157, 45.559983],
						[4.806702, 45.56004]
					],
					[
						[4.821523, 45.659306],
						[4.8239, 45.661231],
						[4.824833, 45.662536],
						[4.825093, 45.662823]
					],
					[
						[4.74815, 44.754379],
						[4.748621, 44.754717]
					],
					[
						[4.748621, 44.754717],
						[4.748354, 44.75495],
						[4.748388, 44.754968],
						[4.748576, 44.75479],
						[4.748611, 44.75481],
						[4.748388, 44.755027],
						[4.748392, 44.755163]
					],
					[
						[4.74815, 44.754379],
						[4.748424, 44.754158]
					],
					[
						[3.762772, 43.435919],
						[3.762764, 43.435771]
					],
					[
						[4.755482, 44.757449],
						[4.755477, 44.757031],
						[4.755522, 44.756966],
						[4.756519, 44.75681],
						[4.756639, 44.756744],
						[4.756788, 44.756474],
						[4.756771, 44.756383],
						[4.75667, 44.756338],
						[4.756276, 44.756358],
						[4.756274, 44.756321]
					],
					[
						[4.765148, 44.711519],
						[4.765322, 44.711329],
						[4.765524, 44.711214],
						[4.765695, 44.710852]
					],
					[
						[4.764272, 44.712464],
						[4.763722, 44.712979],
						[4.76308, 44.713805]
					],
					[
						[4.64715, 44.379711],
						[4.647353, 44.379939]
					],
					[
						[4.647353, 44.379939],
						[4.647444, 44.380065],
						[4.647467, 44.380229],
						[4.647248, 44.381084],
						[4.647299, 44.381202],
						[4.647555, 44.381426]
					],
					[
						[6.511514, 46.383053],
						[6.512045, 46.383293]
					],
					[
						[3.696556, 43.399781],
						[3.697033, 43.401666]
					],
					[
						[3.695342, 43.395818],
						[3.69571, 43.396327],
						[3.696134, 43.39732]
					],
					[
						[3.696743, 43.399004],
						[3.69656, 43.399571]
					],
					[
						[3.697096, 43.401659],
						[3.697137, 43.40172]
					],
					[
						[3.700935, 43.407294],
						[3.700887, 43.407616]
					],
					[
						[3.699129, 43.406287],
						[3.69945, 43.406437]
					],
					[
						[3.700887, 43.407616],
						[3.700925, 43.407769]
					],
					[
						[3.698911, 43.40697],
						[3.698715, 43.406915]
					],
					[
						[3.697804, 43.406455],
						[3.697412, 43.406277],
						[3.697287, 43.40625],
						[3.697006, 43.40628]
					],
					[
						[3.696133, 43.406629],
						[3.69619, 43.406444]
					],
					[
						[3.696113, 43.399216],
						[3.696134, 43.399102]
					],
					[
						[6.110101, 46.185077],
						[6.110433, 46.185301]
					],
					[
						[4.806921, 43.958118],
						[4.808024, 43.958301],
						[4.808586, 43.958477],
						[4.808798, 43.958656],
						[4.809209, 43.959243],
						[4.809436, 43.959441],
						[4.812603, 43.96075],
						[4.813428, 43.961385],
						[4.81388, 43.962037],
						[4.81465, 43.962775],
						[4.815217, 43.963197]
					],
					[
						[4.815217, 43.963197],
						[4.816115, 43.963975],
						[4.816741, 43.964148]
					],
					[
						[4.731634, 44.599207],
						[4.731763, 44.59925],
						[4.732119, 44.59918],
						[4.732329, 44.599262],
						[4.733293, 44.599935],
						[4.733611, 44.600237],
						[4.735311, 44.60224],
						[4.73594, 44.603066],
						[4.737238, 44.605145]
					],
					[
						[4.680272, 43.889209],
						[4.680146, 43.889178],
						[4.680188, 43.889085],
						[4.680318, 43.889118],
						[4.680272, 43.889209]
					],
					[
						[4.684166, 43.890896],
						[4.686869, 43.889761]
					],
					[
						[4.630383, 43.889494],
						[4.630224, 43.889646]
					],
					[
						[4.633592, 43.889228],
						[4.635083, 43.889326],
						[4.636737, 43.889664],
						[4.63824, 43.889801],
						[4.639391, 43.889806],
						[4.640777, 43.889726],
						[4.641226, 43.889815],
						[4.64204, 43.890097],
						[4.642566, 43.890215],
						[4.64369, 43.890339],
						[4.645388, 43.890735],
						[4.645611, 43.890771],
						[4.645775, 43.890744]
					],
					[
						[4.143009, 43.540474],
						[4.142827, 43.540583],
						[4.142311, 43.541107]
					],
					[
						[4.142634, 43.540344],
						[4.141953, 43.541097],
						[4.141914, 43.541217]
					],
					[
						[5.952975, 46.108144],
						[5.952841, 46.107919]
					],
					[
						[4.840318, 45.010255],
						[4.840998, 45.010176],
						[4.841181, 45.010187],
						[4.841369, 45.010273],
						[4.841385, 45.010394],
						[4.84108, 45.01064],
						[4.841252, 45.011252],
						[4.841572, 45.012003],
						[4.842086, 45.012908],
						[4.842556, 45.013517],
						[4.843203, 45.01419],
						[4.843423, 45.014286]
					],
					[
						[4.850923, 45.013627],
						[4.851683, 45.013976]
					],
					[
						[4.843423, 45.014286],
						[4.843461, 45.014388],
						[4.845374, 45.015942],
						[4.845887, 45.016606],
						[4.846465, 45.017634],
						[4.846854, 45.018468],
						[4.847051, 45.01868],
						[4.847315, 45.018748],
						[4.847785, 45.018605],
						[4.848589, 45.018167],
						[4.849352, 45.017664]
					],
					[
						[6.273854, 46.332401],
						[6.273592, 46.332239],
						[6.27199, 46.331526],
						[6.271533, 46.331181]
					],
					[
						[4.626188, 43.667962],
						[4.627213, 43.667041],
						[4.627465, 43.666613],
						[4.627547, 43.666034]
					],
					[
						[4.621799, 43.659366],
						[4.622127, 43.659479],
						[4.622339, 43.659677],
						[4.627069, 43.664401],
						[4.627429, 43.664927],
						[4.6276, 43.665387],
						[4.627613, 43.665799],
						[4.627547, 43.666034]
					],
					[
						[4.626188, 43.667962],
						[4.625948, 43.668475],
						[4.625447, 43.668789],
						[4.622908, 43.670939],
						[4.622716, 43.671061],
						[4.622553, 43.671059]
					],
					[
						[4.621799, 43.659366],
						[4.62135, 43.659214],
						[4.620844, 43.658714]
					],
					[
						[4.788316, 44.694879],
						[4.788164, 44.695384]
					],
					[
						[4.788164, 44.695384],
						[4.787644, 44.697083],
						[4.787131, 44.698409],
						[4.786999, 44.699107]
					],
					[
						[4.786999, 44.699107],
						[4.786881, 44.69952]
					],
					[
						[4.782438, 44.710205],
						[4.78266, 44.70786],
						[4.782747, 44.707521],
						[4.782893, 44.707235],
						[4.78431, 44.705913],
						[4.786216, 44.7016],
						[4.786881, 44.69952]
					],
					[
						[3.800172, 43.501842],
						[3.801354, 43.503122]
					],
					[
						[3.801688, 43.503574],
						[3.801354, 43.503122]
					],
					[
						[3.801354, 43.503122],
						[3.801843, 43.503497]
					],
					[
						[3.801985, 43.503604],
						[3.802178, 43.503743]
					],
					[
						[3.802178, 43.503743],
						[3.801942, 43.503719]
					],
					[
						[3.81016, 43.509868],
						[3.811103, 43.510586],
						[3.812122, 43.511193],
						[3.814922, 43.512578]
					],
					[
						[3.81016, 43.509868],
						[3.809713, 43.509645]
					],
					[
						[4.099948, 43.557069],
						[4.099997, 43.557202],
						[4.099069, 43.558361],
						[4.097801, 43.560137]
					],
					[
						[3.795146, 43.494912],
						[3.795282, 43.494769],
						[3.795356, 43.494514]
					],
					[
						[4.680165, 43.89],
						[4.680189, 43.889463]
					],
					[
						[5.813632, 45.853425],
						[5.813175, 45.853521],
						[5.812454, 45.853539],
						[5.811879, 45.853405],
						[5.810719, 45.852993],
						[5.809986, 45.852657],
						[5.80877, 45.851738],
						[5.808267, 45.851174],
						[5.807312, 45.849045]
					],
					[
						[5.816502, 45.852148],
						[5.815938, 45.852274],
						[5.815474, 45.852459],
						[5.813632, 45.853425]
					],
					[
						[5.801942, 45.832871],
						[5.800991, 45.832168]
					],
					[
						[4.811168, 45.183033],
						[4.811204, 45.182023],
						[4.81114, 45.181502],
						[4.810687, 45.179933],
						[4.810338, 45.179204],
						[4.807719, 45.174391]
					],
					[
						[4.806983, 45.167412],
						[4.807643, 45.166492],
						[4.807821, 45.166373],
						[4.807879, 45.16617],
						[4.809361, 45.164077],
						[4.809984, 45.163008],
						[4.810614, 45.162383],
						[4.810936, 45.162162],
						[4.811114, 45.161787]
					],
					[
						[4.812777, 45.141455],
						[4.813173, 45.141818],
						[4.813593, 45.141968],
						[4.815508, 45.143752],
						[4.820398, 45.148612],
						[4.821484, 45.149867]
					],
					[
						[4.811114, 45.161787],
						[4.811624, 45.161406],
						[4.812526, 45.160845],
						[4.813263, 45.160457]
					],
					[
						[4.80649, 45.168419],
						[4.806662, 45.168053]
					],
					[
						[4.826033, 45.077665],
						[4.826266, 45.079877],
						[4.82618, 45.08022]
					],
					[
						[4.80649, 45.168419],
						[4.806076, 45.169068],
						[4.806384, 45.168783],
						[4.806439, 45.168792]
					],
					[
						[4.850992, 45.013504],
						[4.85271, 45.014172]
					],
					[
						[4.840947, 45.016261],
						[4.840679, 45.01571],
						[4.840177, 45.015233]
					],
					[
						[4.84375, 45.043035],
						[4.843807, 45.042997]
					],
					[
						[4.854386, 45.015073],
						[4.854674, 45.015174]
					],
					[
						[4.837037, 45.069503],
						[4.836737, 45.069549]
					],
					[
						[4.755482, 44.757449],
						[4.755718, 44.758777],
						[4.756033, 44.759657],
						[4.759747, 44.767721],
						[4.760084, 44.768197],
						[4.76082, 44.768905],
						[4.761543, 44.769327],
						[4.762276, 44.769647],
						[4.763346, 44.769978],
						[4.764717, 44.770315],
						[4.765943, 44.770502],
						[4.767088, 44.770621],
						[4.76707, 44.770651],
						[4.766524, 44.770701],
						[4.766524, 44.770751]
					],
					[
						[4.189524, 43.568976],
						[4.189631, 43.568876]
					],
					[
						[3.979282, 43.548304],
						[3.977941, 43.548676],
						[3.977082, 43.548633]
					],
					[
						[3.919116, 43.534321],
						[3.920794, 43.533313],
						[3.924274, 43.531448]
					],
					[
						[3.979535, 43.547625],
						[3.979718, 43.548063]
					],
					[
						[3.91834, 43.534221],
						[3.91815, 43.534122]
					],
					[
						[3.918377, 43.533259],
						[3.918892, 43.53288],
						[3.918885, 43.532831]
					],
					[
						[3.981428, 43.547235],
						[3.983056, 43.547741],
						[3.983083, 43.547848],
						[3.983673, 43.548186],
						[3.98407, 43.548517],
						[3.984367, 43.548691],
						[3.984693, 43.548811]
					],
					[
						[3.984693, 43.548811],
						[3.987578, 43.549722],
						[3.988575, 43.548088],
						[3.988712, 43.548059]
					],
					[
						[3.917433, 43.533707],
						[3.917753, 43.533833]
					],
					[
						[3.809713, 43.509645],
						[3.809781, 43.509573]
					],
					[
						[3.795344, 43.494886],
						[3.794678, 43.495184]
					],
					[
						[3.79536, 43.494231],
						[3.795422, 43.49451],
						[3.795533, 43.494679],
						[3.795512, 43.494798]
					],
					[
						[3.801843, 43.503497],
						[3.801985, 43.503604]
					],
					[
						[3.801777, 43.503709],
						[3.801688, 43.503574]
					],
					[
						[5.438862, 45.696586],
						[5.439309, 45.696441],
						[5.440321, 45.695835],
						[5.44057, 45.695757],
						[5.441311, 45.695714]
					],
					[
						[5.425364, 45.726842],
						[5.426252, 45.728704],
						[5.426397, 45.729544],
						[5.426136, 45.730565],
						[5.425802, 45.731375],
						[5.425138, 45.732109],
						[5.42344, 45.733468],
						[5.422629, 45.734247],
						[5.422209, 45.735016],
						[5.422037, 45.735484],
						[5.421908, 45.736543],
						[5.424838, 45.749773]
					],
					[
						[5.422236, 45.717853],
						[5.422136, 45.718215]
					],
					[
						[5.421861, 45.71296],
						[5.422167, 45.713762],
						[5.422281, 45.714885],
						[5.422236, 45.717853]
					],
					[
						[5.420225, 45.711166],
						[5.420604, 45.710491],
						[5.420815, 45.709989],
						[5.420967, 45.709427],
						[5.420946, 45.709311]
					],
					[
						[5.418003, 45.818518],
						[5.418536, 45.818689]
					],
					[
						[5.418536, 45.818689],
						[5.418734, 45.818818],
						[5.418849, 45.819035],
						[5.41926, 45.820454],
						[5.419406, 45.820749]
					],
					[
						[5.418775, 45.845742],
						[5.416716, 45.845537]
					],
					[
						[5.347561, 45.884913],
						[5.347524, 45.885133],
						[5.347257, 45.885283],
						[5.346904, 45.885245],
						[5.346717, 45.88506],
						[5.346767, 45.884836],
						[5.347035, 45.884697],
						[5.347371, 45.884734],
						[5.347561, 45.884913]
					],
					[
						[5.206131, 45.768758],
						[5.205838, 45.768826]
					],
					[
						[5.205817, 45.768673],
						[5.206131, 45.768758]
					],
					[
						[5.199393, 45.769031],
						[5.198873, 45.768723],
						[5.197544, 45.7677]
					],
					[
						[4.81153, 45.561329],
						[4.811827, 45.561393],
						[4.812059, 45.561357],
						[4.81254, 45.560768],
						[4.815169, 45.556768],
						[4.816212, 45.555466],
						[4.816698, 45.555056],
						[4.817252, 45.554678],
						[4.819083, 45.553734],
						[4.819469, 45.553489],
						[4.819828, 45.553226],
						[4.820724, 45.552323],
						[4.821268, 45.551915],
						[4.82133, 45.551883],
						[4.821513, 45.551914],
						[4.82281, 45.551215],
						[4.823518, 45.550695],
						[4.824267, 45.549968],
						[4.826772, 45.547124]
					],
					[
						[5.809396, 45.837427],
						[5.809211, 45.838416],
						[5.809103, 45.838605],
						[5.808914, 45.838771],
						[5.808641, 45.838907]
					],
					[
						[5.605778, 45.654663],
						[5.604747, 45.654344]
					],
					[
						[5.602789, 45.653731],
						[5.602707, 45.653641],
						[5.602898, 45.653342],
						[5.603981, 45.652231],
						[5.604766, 45.651119],
						[5.60537, 45.650592],
						[5.605608, 45.650451],
						[5.611037, 45.641803],
						[5.611486, 45.641191],
						[5.611905, 45.640736],
						[5.612843, 45.639916],
						[5.613618, 45.639395],
						[5.614438, 45.638951],
						[5.615116, 45.638653],
						[5.616336, 45.638216],
						[5.617552, 45.637916]
					],
					[
						[5.583097, 45.668756],
						[5.583409, 45.668634]
					],
					[
						[5.583409, 45.668634],
						[5.584917, 45.668213],
						[5.586079, 45.66777],
						[5.586767, 45.667409],
						[5.587992, 45.666499],
						[5.588648, 45.665909],
						[5.589361, 45.665108],
						[5.590391, 45.663485],
						[5.591177, 45.662535],
						[5.591801, 45.661997],
						[5.592608, 45.661454],
						[5.593426, 45.661042],
						[5.594303, 45.660707],
						[5.595713, 45.66034],
						[5.597364, 45.660091],
						[5.598283, 45.659859],
						[5.599644, 45.659396],
						[5.600721, 45.65889],
						[5.602009, 45.658038],
						[5.603039, 45.65712],
						[5.603485, 45.656785],
						[5.604313, 45.656444],
						[5.604413, 45.656258],
						[5.604724, 45.656148],
						[5.605169, 45.655659],
						[5.6057, 45.654878],
						[5.605778, 45.654663]
					],
					[
						[4.826647, 45.694858],
						[4.826633, 45.694941]
					],
					[
						[4.720783, 44.576086],
						[4.720437, 44.575819]
					],
					[
						[4.821142, 45.732055],
						[4.821366, 45.731907],
						[4.821682, 45.731822]
					],
					[
						[4.524723, 43.708391],
						[4.524482, 43.708237]
					],
					[
						[4.524482, 43.708237],
						[4.523769, 43.707734],
						[4.522719, 43.706764],
						[4.522344, 43.706621],
						[4.521304, 43.706361],
						[4.520938, 43.706318],
						[4.518755, 43.706337],
						[4.518315, 43.706267],
						[4.517677, 43.706085],
						[4.517167, 43.706027],
						[4.508911, 43.706622],
						[4.508112, 43.706616],
						[4.503845, 43.706153]
					],
					[
						[6.141524, 46.205536],
						[6.141918, 46.205602]
					],
					[
						[6.142347, 46.206045],
						[6.142535, 46.205687]
					],
					[
						[4.81691, 45.159223],
						[4.817697, 45.159348],
						[4.817949, 45.159333],
						[4.820449, 45.158982],
						[4.82148, 45.158758],
						[4.822408, 45.158494],
						[4.823771, 45.157898],
						[4.824543, 45.157175],
						[4.824736, 45.156909],
						[4.82498, 45.156398],
						[4.825074, 45.155926],
						[4.825108, 45.15565],
						[4.825057, 45.154825],
						[4.824946, 45.154409],
						[4.82453, 45.153503],
						[4.822973, 45.151632]
					],
					[
						[4.79162, 45.575856],
						[4.791308, 45.575901]
					],
					[
						[4.808916, 45.615279],
						[4.808867, 45.615547],
						[4.809362, 45.616536],
						[4.809938, 45.617881],
						[4.810069, 45.61838],
						[4.810583, 45.619462],
						[4.812673, 45.62469],
						[4.812922, 45.625147],
						[4.813155, 45.625811],
						[4.813299, 45.626003],
						[4.813315, 45.626238],
						[4.813823, 45.62708],
						[4.813928, 45.62714]
					],
					[
						[4.817889, 45.634126],
						[4.818239, 45.634642],
						[4.818649, 45.635033],
						[4.818935, 45.635581],
						[4.819344, 45.636106],
						[4.819659, 45.636495],
						[4.820137, 45.636921],
						[4.821755, 45.638867],
						[4.821782, 45.639092],
						[4.821872, 45.639237],
						[4.823012, 45.64052],
						[4.823087, 45.640668],
						[4.823717, 45.641377],
						[4.823754, 45.641521],
						[4.823953, 45.641661],
						[4.82414, 45.641923],
						[4.824785, 45.642588],
						[4.824921, 45.642912],
						[4.825229, 45.642993]
					],
					[
						[4.815523, 45.63031],
						[4.815662, 45.630451],
						[4.816486, 45.631812],
						[4.816465, 45.631886]
					],
					[
						[4.816811, 45.632245],
						[4.816782, 45.63248],
						[4.816847, 45.632612],
						[4.817323, 45.633189],
						[4.817385, 45.633367],
						[4.817785, 45.633978]
					],
					[
						[4.815019, 45.629343],
						[4.815151, 45.629795],
						[4.81546, 45.630117]
					],
					[
						[6.137324, 46.205509],
						[6.137836, 46.205482]
					],
					[
						[6.13848, 46.205445],
						[6.139294, 46.205382],
						[6.140089, 46.205433]
					],
					[
						[6.142427, 46.20814],
						[6.142451, 46.208008],
						[6.142359, 46.207822],
						[6.142151, 46.20762],
						[6.14194, 46.207234],
						[6.141924, 46.207167],
						[6.141994, 46.207088]
					],
					[
						[4.8407, 45.760416],
						[4.840657, 45.759889]
					],
					[
						[4.848597, 44.868835],
						[4.845751, 44.870182],
						[4.844564, 44.87084]
					],
					[
						[4.855311, 44.910263],
						[4.855639, 44.910143]
					],
					[
						[4.855639, 44.910143],
						[4.856165, 44.91],
						[4.856923, 44.909944],
						[4.861968, 44.909695],
						[4.862379, 44.909706],
						[4.863493, 44.910165]
					],
					[
						[4.853481, 44.887099],
						[4.854677, 44.885429]
					],
					[
						[4.863945, 44.911387],
						[4.863391, 44.911518],
						[4.863311, 44.911627],
						[4.863442, 44.912977],
						[4.863859, 44.913607],
						[4.863863, 44.914094],
						[4.864081, 44.914733]
					],
					[
						[4.864121, 44.911302],
						[4.863945, 44.911387]
					],
					[
						[4.863757, 44.915335],
						[4.86283, 44.915453],
						[4.862746, 44.915519]
					],
					[
						[4.616674, 43.673388],
						[4.616804, 43.67323],
						[4.617047, 43.673171]
					],
					[
						[6.125957, 46.201169],
						[6.125917, 46.201301],
						[6.125994, 46.201955]
					],
					[
						[6.131802, 46.202734],
						[6.132062, 46.202771]
					],
					[
						[6.131438, 46.202714],
						[6.131802, 46.202734]
					],
					[
						[6.132062, 46.202771],
						[6.132809, 46.202912]
					],
					[
						[3.754438, 43.443404],
						[3.754375, 43.443299],
						[3.753555, 43.442642],
						[3.753043, 43.442117]
					],
					[
						[3.756794, 43.443988],
						[3.758331, 43.444261]
					],
					[
						[6.44954, 46.364027],
						[6.449981, 46.364193],
						[6.451158, 46.364775],
						[6.452718, 46.365429],
						[6.454107, 46.366152],
						[6.455184, 46.366586],
						[6.456957, 46.367187],
						[6.458153, 46.367716],
						[6.459113, 46.368425],
						[6.459672, 46.368666],
						[6.460489, 46.36891],
						[6.463833, 46.369709],
						[6.46551, 46.370032],
						[6.466869, 46.370141],
						[6.467157, 46.370289],
						[6.467463, 46.370337],
						[6.467759, 46.370469],
						[6.468547, 46.370699],
						[6.469402, 46.370867],
						[6.469653, 46.370877],
						[6.4701, 46.371008],
						[6.471229, 46.371204],
						[6.471299, 46.371294]
					],
					[
						[4.627837, 43.887458],
						[4.627779, 43.887577]
					],
					[
						[4.627687, 43.887745],
						[4.626649, 43.889475],
						[4.626486, 43.890689],
						[4.626314, 43.891043],
						[4.626081, 43.891335],
						[4.62596, 43.891625],
						[4.625504, 43.893345]
					],
					[
						[4.627779, 43.887577],
						[4.627687, 43.887745]
					],
					[
						[4.770781, 45.457785],
						[4.769485, 45.457842]
					],
					[
						[4.769485, 45.457842],
						[4.769415, 45.45791]
					],
					[
						[5.834833, 45.850596],
						[5.832919, 45.850804]
					],
					[
						[5.838516, 45.851946],
						[5.83828, 45.851045]
					],
					[
						[3.759154, 43.444176],
						[3.759223, 43.444083],
						[3.759094, 43.443273],
						[3.758838, 43.442249],
						[3.758861, 43.441958],
						[3.759062, 43.441302]
					],
					[
						[4.009589, 43.553244],
						[4.009695, 43.553476],
						[4.009385, 43.553968],
						[4.00944, 43.554247],
						[4.00962, 43.554351],
						[4.010355, 43.554579],
						[4.011186, 43.554928],
						[4.012191, 43.555201],
						[4.01318, 43.55531],
						[4.014236, 43.555688],
						[4.014972, 43.556034],
						[4.015193, 43.556092],
						[4.016114, 43.556133],
						[4.016999, 43.556464],
						[4.017832, 43.556484],
						[4.018796, 43.556605],
						[4.020415, 43.556972],
						[4.021383, 43.556994],
						[4.022465, 43.557162],
						[4.022972, 43.557314],
						[4.023685, 43.557614],
						[4.024638, 43.557702],
						[4.025608, 43.558014],
						[4.025827, 43.558028],
						[4.026831, 43.557882],
						[4.02704, 43.557895],
						[4.027733, 43.558096],
						[4.028248, 43.558141],
						[4.029045, 43.558284],
						[4.029437, 43.558411],
						[4.029897, 43.558458],
						[4.030779, 43.558475],
						[4.031636, 43.558354],
						[4.032295, 43.558379],
						[4.032543, 43.558308],
						[4.032703, 43.558323],
						[4.032984, 43.558261],
						[4.033116, 43.558193],
						[4.033824, 43.557479],
						[4.033983, 43.557198]
					],
					[
						[5.852111, 45.992138],
						[5.850975, 45.991967]
					],
					[
						[5.849584, 45.992014],
						[5.848677, 45.993341],
						[5.848559, 45.993475],
						[5.848215, 45.993626],
						[5.84805, 45.993751],
						[5.847563, 45.994491],
						[5.846234, 45.99522],
						[5.846043, 45.995426],
						[5.845413, 45.996982],
						[5.844987, 45.997558],
						[5.844635, 45.998634],
						[5.844714, 45.998878],
						[5.845145, 45.999494],
						[5.84549, 46.000143],
						[5.845697, 46.001175],
						[5.845727, 46.001664],
						[5.845515, 46.003052],
						[5.845348, 46.003397],
						[5.844894, 46.004008],
						[5.844833, 46.004306],
						[5.844887, 46.004562],
						[5.846575, 46.006915],
						[5.846663, 46.007196],
						[5.846695, 46.007658],
						[5.847106, 46.008396],
						[5.847312, 46.008593],
						[5.847881, 46.008783],
						[5.847953, 46.008865],
						[5.847937, 46.009012],
						[5.847854, 46.00909]
					],
					[
						[4.88987, 44.936997],
						[4.889903, 44.937159]
					],
					[
						[5.867501, 46.061485],
						[5.866144, 46.061415],
						[5.865683, 46.061465]
					],
					[
						[5.922428, 46.104941],
						[5.918297, 46.107662]
					],
					[
						[5.901253, 46.076603],
						[5.900932, 46.07592],
						[5.90086, 46.075275],
						[5.900859, 46.074498],
						[5.90082, 46.074302],
						[5.900692, 46.0741],
						[5.899871, 46.073219],
						[5.898923, 46.07277],
						[5.898386, 46.072456],
						[5.896954, 46.070993],
						[5.896891, 46.070717],
						[5.897281, 46.069716],
						[5.897416, 46.068458]
					],
					[
						[5.901439, 46.083653],
						[5.900862, 46.08276],
						[5.900771, 46.081918],
						[5.900828, 46.081736],
						[5.901016, 46.081534],
						[5.901885, 46.08112],
						[5.901914, 46.080956],
						[5.901794, 46.080663]
					],
					[
						[6.273941, 46.332474],
						[6.273854, 46.332401]
					],
					[
						[6.60903, 46.402433],
						[6.607487, 46.402116],
						[6.606201, 46.401928],
						[6.599632, 46.401428],
						[6.597068, 46.401484]
					],
					[
						[6.275946, 46.334679],
						[6.276272, 46.335235]
					],
					[
						[5.821621, 45.87223],
						[5.821163, 45.871107],
						[5.821104, 45.870568]
					],
					[
						[5.823805, 45.876399],
						[5.823901, 45.876547],
						[5.824086, 45.877137],
						[5.824215, 45.877333],
						[5.824602, 45.877703],
						[5.825195, 45.878013],
						[5.825569, 45.878408]
					],
					[
						[4.79069, 44.663349],
						[4.789609, 44.661234]
					],
					[
						[4.789053, 44.660169],
						[4.789412, 44.660874]
					],
					[
						[4.628364, 43.82047],
						[4.628241, 43.820375]
					],
					[
						[4.628241, 43.820375],
						[4.628215, 43.820333]
					],
					[
						[4.628521, 43.820502],
						[4.628364, 43.82047]
					],
					[
						[5.842781, 45.86135],
						[5.84266, 45.860998],
						[5.840635, 45.85703],
						[5.839649, 45.854807]
					],
					[
						[5.853418, 45.992223],
						[5.853355, 45.99188],
						[5.852871, 45.99131]
					],
					[
						[4.587648, 43.871121],
						[4.588169, 43.87131]
					],
					[
						[5.850051, 46.026546],
						[5.850112, 46.025418],
						[5.850377, 46.02447],
						[5.850323, 46.024194],
						[5.850183, 46.023941],
						[5.848896, 46.02286],
						[5.847516, 46.021567],
						[5.847158, 46.021132],
						[5.846593, 46.019429],
						[5.846482, 46.019232],
						[5.845956, 46.018625],
						[5.845955, 46.018284],
						[5.846224, 46.017884]
					],
					[
						[5.850651, 46.035121],
						[5.850681, 46.033798],
						[5.850838, 46.03273],
						[5.850548, 46.030347],
						[5.850301, 46.02984],
						[5.850217, 46.029291],
						[5.850279, 46.0285],
						[5.850051, 46.026546]
					],
					[
						[5.846224, 46.017884],
						[5.845945, 46.01748],
						[5.845001, 46.016557],
						[5.844673, 46.015397],
						[5.844568, 46.014327],
						[5.844423, 46.013545],
						[5.844351, 46.012261],
						[5.844196, 46.012021],
						[5.844099, 46.011711],
						[5.843682, 46.011014],
						[5.842945, 46.0106],
						[5.842135, 46.010319]
					],
					[
						[6.119747, 46.189396],
						[6.120139, 46.189591]
					],
					[
						[6.118987, 46.190047],
						[6.119775, 46.189766],
						[6.120139, 46.189591]
					],
					[
						[6.425478, 46.355826],
						[6.42603, 46.355784]
					],
					[
						[6.427128, 46.355691],
						[6.427336, 46.355817]
					],
					[
						[5.839553, 45.895681],
						[5.839657, 45.897987],
						[5.839537, 45.899202],
						[5.839298, 45.899684],
						[5.839059, 45.900483],
						[5.838388, 45.901837]
					],
					[
						[4.819385, 45.714304],
						[4.818595, 45.717835]
					],
					[
						[4.725551, 44.19352],
						[4.725865, 44.194539],
						[4.725786, 44.195359],
						[4.725869, 44.196524],
						[4.725922, 44.196607],
						[4.726297, 44.196754],
						[4.726357, 44.196835],
						[4.725997, 44.197386],
						[4.725936, 44.197851],
						[4.726358, 44.199649],
						[4.726475, 44.199905],
						[4.72668, 44.200137]
					],
					[
						[4.72172, 44.188168],
						[4.72005, 44.189448],
						[4.719862, 44.189557],
						[4.719095, 44.189798],
						[4.718997, 44.189874],
						[4.718263, 44.190665],
						[4.718212, 44.190755],
						[4.71825, 44.190842],
						[4.718658, 44.191198],
						[4.719117, 44.191793],
						[4.720562, 44.192097],
						[4.725187, 44.193584],
						[4.725551, 44.19352]
					],
					[
						[4.818413, 44.034668],
						[4.820169, 44.031934],
						[4.820767, 44.031207],
						[4.821092, 44.030546],
						[4.821082, 44.030082],
						[4.821248, 44.029738],
						[4.821874, 44.029427],
						[4.822382, 44.029089],
						[4.822598, 44.028849],
						[4.823549, 44.026918],
						[4.823788, 44.026757],
						[4.823969, 44.026765],
						[4.825758, 44.027078],
						[4.826251, 44.025804],
						[4.826497, 44.025317],
						[4.827021, 44.024589],
						[4.827313, 44.024367],
						[4.828214, 44.023995],
						[4.82902, 44.023427],
						[4.829124, 44.023257],
						[4.829236, 44.022202],
						[4.829416, 44.022048],
						[4.830047, 44.021935],
						[4.830758, 44.021702],
						[4.831331, 44.021453],
						[4.831708, 44.021363],
						[4.833711, 44.021448],
						[4.834992, 44.021421],
						[4.835372, 44.021515],
						[4.840848, 44.023357],
						[4.84221, 44.023445],
						[4.842719, 44.023406],
						[4.843041, 44.023279],
						[4.843433, 44.022412]
					],
					[
						[5.702724, 45.724123],
						[5.702977, 45.7245],
						[5.7034, 45.7254],
						[5.703409, 45.725724],
						[5.703346, 45.725886],
						[5.703056, 45.726271]
					],
					[
						[4.826886, 45.072027],
						[4.825822, 45.072468],
						[4.824524, 45.072805],
						[4.823928, 45.072881],
						[4.823123, 45.072906],
						[4.822812, 45.072871],
						[4.822377, 45.072748]
					],
					[
						[6.40085, 46.349454],
						[6.401323, 46.349443],
						[6.402051, 46.349294],
						[6.402541, 46.349321]
					],
					[
						[6.400624, 46.349421],
						[6.400685, 46.349431]
					],
					[
						[4.774903, 44.679273],
						[4.775014, 44.679356],
						[4.775771, 44.679241],
						[4.776466, 44.67893],
						[4.776911, 44.67851],
						[4.777062, 44.678205],
						[4.777111, 44.677777],
						[4.776917, 44.676527],
						[4.776901, 44.675989],
						[4.777005, 44.675518],
						[4.777204, 44.675028],
						[4.777456, 44.674602],
						[4.779795, 44.671835],
						[4.78005, 44.671358],
						[4.781487, 44.666703],
						[4.781444, 44.665559],
						[4.779148, 44.659698],
						[4.778666, 44.658705],
						[4.777486, 44.657206],
						[4.776725, 44.655352],
						[4.776614, 44.655216]
					],
					[
						[4.776099, 44.655329],
						[4.775993, 44.654865],
						[4.77558, 44.654092],
						[4.763318, 44.639313],
						[4.762753, 44.638874],
						[4.762647, 44.63884],
						[4.76218, 44.638912],
						[4.761979, 44.639029],
						[4.761514, 44.639009],
						[4.759811, 44.639139]
					],
					[
						[4.759811, 44.639139],
						[4.757143, 44.639538]
					],
					[
						[4.757143, 44.639538],
						[4.756392, 44.639611],
						[4.755605, 44.639586],
						[4.754902, 44.639274],
						[4.754499, 44.6389],
						[4.754381, 44.638969]
					],
					[
						[4.754381, 44.638969],
						[4.750216, 44.634991],
						[4.750024, 44.634983],
						[4.748081, 44.635612],
						[4.747535, 44.634973],
						[4.747, 44.634117],
						[4.746813, 44.633927],
						[4.746769, 44.63378]
					],
					[
						[4.80637, 44.81828],
						[4.806916, 44.818346],
						[4.807203, 44.818496],
						[4.807758, 44.819372],
						[4.807788, 44.820138],
						[4.807585, 44.820735],
						[4.807849, 44.821137],
						[4.807876, 44.821518],
						[4.80812, 44.822258],
						[4.807945, 44.822296],
						[4.807911, 44.822357],
						[4.808391, 44.823436],
						[4.808319, 44.823586],
						[4.808369, 44.824]
					],
					[
						[4.854919, 44.910366],
						[4.854238, 44.909338],
						[4.854007, 44.908641],
						[4.853744, 44.907332],
						[4.85375, 44.905952]
					],
					[
						[4.851439, 44.879388],
						[4.851081, 44.879724],
						[4.850758, 44.880123],
						[4.850666, 44.88075]
					],
					[
						[4.863801, 44.916225],
						[4.863757, 44.915335]
					],
					[
						[4.853971, 44.880942],
						[4.854194, 44.881804],
						[4.854911, 44.883073],
						[4.854957, 44.883316],
						[4.854862, 44.884413],
						[4.854672, 44.885017],
						[4.854677, 44.885429]
					],
					[
						[4.863757, 44.915335],
						[4.864081, 44.914733]
					],
					[
						[4.837745, 44.861563],
						[4.837391, 44.861863]
					],
					[
						[4.852317, 44.889668],
						[4.852435, 44.889558],
						[4.85247, 44.889342],
						[4.853004, 44.888013],
						[4.853481, 44.887099]
					],
					[
						[4.869624, 44.907473],
						[4.869501, 44.907196],
						[4.869696, 44.90705],
						[4.869997, 44.906838],
						[4.870524, 44.90667],
						[4.871092, 44.906389]
					],
					[
						[4.802274, 44.820912],
						[4.802514, 44.818293],
						[4.802804, 44.81721],
						[4.802903, 44.816592]
					],
					[
						[4.810002, 44.825036],
						[4.810247, 44.825802],
						[4.810086, 44.825964]
					],
					[
						[4.184353, 43.56125],
						[4.184132, 43.560769],
						[4.183313, 43.559537]
					],
					[
						[4.707739, 44.502929],
						[4.707689, 44.502899],
						[4.70799, 44.502598],
						[4.707637, 44.502192],
						[4.70711, 44.502104],
						[4.706171, 44.501739],
						[4.705758, 44.501404],
						[4.704841, 44.501044]
					],
					[
						[4.611288, 43.692165],
						[4.61132, 43.692085]
					],
					[
						[4.50349, 43.70611],
						[4.5008, 43.705817],
						[4.49889, 43.705495],
						[4.497989, 43.705263],
						[4.495414, 43.704115],
						[4.494074, 43.70324],
						[4.493279, 43.702548],
						[4.492813, 43.702044],
						[4.492523, 43.701929],
						[4.491166, 43.701718],
						[4.489706, 43.701389],
						[4.489057, 43.701113],
						[4.487083, 43.700671],
						[4.48578, 43.700291],
						[4.48482, 43.699953]
					],
					[
						[4.503845, 43.706153],
						[4.50349, 43.70611]
					],
					[
						[4.826329, 45.080512],
						[4.826605, 45.08067],
						[4.826905, 45.081299],
						[4.826999, 45.081626],
						[4.827439, 45.082251],
						[4.828613, 45.084199],
						[4.829449, 45.085176],
						[4.8298, 45.085739],
						[4.830387, 45.087455],
						[4.830467, 45.088228],
						[4.830291, 45.089826],
						[4.830021, 45.090361],
						[4.829816, 45.091237],
						[4.829617, 45.09179],
						[4.829282, 45.092255],
						[4.828875, 45.093111],
						[4.828664, 45.093772],
						[4.828536, 45.094559],
						[4.828376, 45.094807],
						[4.827363, 45.095841],
						[4.826666, 45.096207],
						[4.826144, 45.096407]
					],
					[
						[4.82618, 45.08022],
						[4.826329, 45.080512]
					],
					[
						[6.483008, 46.383359],
						[6.482737, 46.382349],
						[6.481903, 46.38092],
						[6.48107, 46.379056]
					],
					[
						[4.806351, 45.298588],
						[4.806528, 45.298419]
					],
					[
						[4.806528, 45.298419],
						[4.807633, 45.297385],
						[4.808534, 45.296419],
						[4.809466, 45.295043],
						[4.809908, 45.294188],
						[4.810223, 45.293423],
						[4.810433, 45.293128],
						[4.810851, 45.291958],
						[4.811093, 45.290188],
						[4.811204, 45.288248],
						[4.811154, 45.287713],
						[4.811242, 45.2862],
						[4.811121, 45.285819],
						[4.811016, 45.284146],
						[4.8111, 45.283935],
						[4.811237, 45.282674],
						[4.811636, 45.280096],
						[4.811848, 45.279355],
						[4.811746, 45.27755],
						[4.811825, 45.277243],
						[4.811788, 45.275368],
						[4.811699, 45.274841],
						[4.811863, 45.271746],
						[4.811913, 45.271718]
					],
					[
						[5.299178, 45.828311],
						[5.300083, 45.827964],
						[5.30072, 45.82786]
					],
					[
						[5.303319, 45.823398],
						[5.303072, 45.823192],
						[5.301285, 45.822084],
						[5.301168, 45.821698],
						[5.300724, 45.821431],
						[5.299264, 45.819692],
						[5.299061, 45.819366],
						[5.298894, 45.818722],
						[5.29805, 45.817906],
						[5.297841, 45.81776]
					],
					[
						[4.759887, 45.457632],
						[4.759777, 45.458321]
					],
					[
						[4.822973, 45.151632],
						[4.821968, 45.150382],
						[4.821484, 45.149867]
					],
					[
						[4.520919, 43.734728],
						[4.521621, 43.733098],
						[4.52192, 43.732735],
						[4.525873, 43.729262],
						[4.526935, 43.728232]
					],
					[
						[4.528289, 43.727619],
						[4.528103, 43.727799]
					],
					[
						[4.527954, 43.727953],
						[4.527495, 43.728445]
					],
					[
						[4.548897, 43.708177],
						[4.547566, 43.708365],
						[4.547021, 43.708483],
						[4.544722, 43.7093],
						[4.543366, 43.710362],
						[4.542861, 43.71091],
						[4.538391, 43.716351],
						[4.534745, 43.720309],
						[4.533963, 43.721339],
						[4.532148, 43.724944],
						[4.531678, 43.725458],
						[4.531479, 43.725607],
						[4.530442, 43.72627],
						[4.529592, 43.726699],
						[4.528498, 43.727392],
						[4.528306, 43.727569]
					],
					[
						[4.528103, 43.727799],
						[4.527954, 43.727953]
					],
					[
						[4.583917, 43.866415],
						[4.584045, 43.86648]
					],
					[
						[4.584045, 43.86648],
						[4.585413, 43.867046],
						[4.586295, 43.867253]
					],
					[
						[4.815072, 45.487507],
						[4.815293, 45.487822],
						[4.817234, 45.489869],
						[4.817823, 45.490561],
						[4.818263, 45.491195],
						[4.818629, 45.491879],
						[4.819396, 45.492712],
						[4.819464, 45.492865]
					],
					[
						[4.80693, 45.48645],
						[4.807601, 45.48656],
						[4.809727, 45.486341],
						[4.810397, 45.486341]
					],
					[
						[4.820276, 45.493382],
						[4.821244, 45.494405],
						[4.821661, 45.495184],
						[4.821853, 45.495366]
					],
					[
						[4.822353, 45.496275],
						[4.822808, 45.496577]
					],
					[
						[4.875184, 44.961732],
						[4.876348, 44.960928],
						[4.877293, 44.960108]
					],
					[
						[4.748115, 44.741426],
						[4.746853, 44.732762],
						[4.746698, 44.731999]
					],
					[
						[4.746968, 44.731939],
						[4.747199, 44.731832],
						[4.747505, 44.731581],
						[4.749361, 44.730876],
						[4.750429, 44.730592],
						[4.751514, 44.730438],
						[4.751666, 44.730508],
						[4.75228, 44.731087],
						[4.753455, 44.731671],
						[4.753744, 44.731866],
						[4.754007, 44.732097],
						[4.75413, 44.732338],
						[4.754214, 44.732749],
						[4.756491, 44.732543]
					],
					[
						[4.743814, 44.742298],
						[4.743892, 44.742412]
					],
					[
						[4.776614, 44.655216],
						[4.776099, 44.655329]
					],
					[
						[4.743814, 44.742298],
						[4.743708, 44.742008]
					],
					[
						[4.726756, 44.594214],
						[4.728692, 44.595189],
						[4.73239, 44.598265]
					],
					[
						[4.731634, 44.599207],
						[4.731978, 44.598855]
					],
					[
						[4.737238, 44.605145],
						[4.738166, 44.606635]
					],
					[
						[4.724021, 44.59341],
						[4.726038, 44.594323],
						[4.726199, 44.594304],
						[4.726298, 44.594114],
						[4.726756, 44.594214]
					],
					[
						[4.719447, 44.592084],
						[4.720339, 44.593592],
						[4.720554, 44.594197]
					],
					[
						[4.720554, 44.594197],
						[4.721111, 44.593995],
						[4.723085, 44.59388],
						[4.723349, 44.593806]
					],
					[
						[4.696061, 44.452241],
						[4.696014, 44.452363],
						[4.695821, 44.452522]
					],
					[
						[4.661644, 44.410054],
						[4.661582, 44.409889]
					],
					[
						[4.682394, 44.439949],
						[4.682531, 44.440085],
						[4.682584, 44.440249],
						[4.682855, 44.440444],
						[4.683821, 44.440563],
						[4.683972, 44.440467]
					],
					[
						[4.68153, 44.440662],
						[4.681782, 44.440631]
					],
					[
						[4.685595, 44.44061],
						[4.686079, 44.441151],
						[4.687203, 44.441697],
						[4.687415, 44.441889],
						[4.688408, 44.442442],
						[4.689977, 44.443549],
						[4.690364, 44.443661],
						[4.690574, 44.443874],
						[4.69026, 44.444061],
						[4.690793, 44.444643],
						[4.691589, 44.446348],
						[4.692676, 44.447809],
						[4.692713, 44.448004],
						[4.692613, 44.448727],
						[4.692664, 44.448966],
						[4.692728, 44.449021],
						[4.693919, 44.449058],
						[4.694105, 44.44909],
						[4.694228, 44.449179]
					],
					[
						[4.681782, 44.440631],
						[4.681845, 44.440604],
						[4.682019, 44.440149],
						[4.682394, 44.439949]
					],
					[
						[4.659782, 44.403487],
						[4.658175, 44.402722],
						[4.657723, 44.402564],
						[4.657818, 44.402336],
						[4.657962, 44.402244],
						[4.659816, 44.401783],
						[4.659849, 44.401717],
						[4.659688, 44.400704],
						[4.659716, 44.400514],
						[4.659983, 44.400144],
						[4.659975, 44.400014],
						[4.659505, 44.39872],
						[4.659331, 44.398548],
						[4.659256, 44.398176],
						[4.659049, 44.397861],
						[4.658526, 44.3973],
						[4.658041, 44.396646],
						[4.657172, 44.395361],
						[4.657048, 44.395294],
						[4.656882, 44.395276],
						[4.654535, 44.395602],
						[4.650506, 44.396237],
						[4.650067, 44.396185]
					],
					[
						[4.680007, 44.439405],
						[4.68075, 44.439784],
						[4.681184, 44.440066],
						[4.681452, 44.440646],
						[4.68153, 44.440662]
					],
					[
						[4.647051, 44.379087],
						[4.646969, 44.379442],
						[4.647026, 44.379593],
						[4.64715, 44.379711]
					],
					[
						[4.652224, 44.368117],
						[4.656162, 44.36777],
						[4.656331, 44.367737],
						[4.656472, 44.367601]
					],
					[
						[4.647361, 44.368876],
						[4.647797, 44.370757],
						[4.647867, 44.371336],
						[4.647837, 44.371959],
						[4.647761, 44.372195],
						[4.647651, 44.374595],
						[4.647726, 44.376034],
						[4.647671, 44.3769],
						[4.647488, 44.377268],
						[4.647517, 44.377425],
						[4.647449, 44.377816],
						[4.647169, 44.379019],
						[4.647051, 44.379087]
					],
					[
						[4.656472, 44.367601],
						[4.656512, 44.367767]
					],
					[
						[4.656522, 44.367825],
						[4.651709, 44.368245],
						[4.651518, 44.36822]
					],
					[
						[4.680007, 44.439405],
						[4.679501, 44.439306],
						[4.678813, 44.439299],
						[4.678207, 44.439152],
						[4.676695, 44.43899],
						[4.676359, 44.438918],
						[4.674581, 44.438124],
						[4.672623, 44.437327],
						[4.671761, 44.436775]
					],
					[
						[3.701723, 43.408266],
						[3.70299, 43.408839]
					],
					[
						[4.819726, 45.657802],
						[4.821343, 45.659158]
					],
					[
						[4.756274, 44.756321],
						[4.756265, 44.756232],
						[4.755343, 44.756251],
						[4.755282, 44.756219],
						[4.755248, 44.75607],
						[4.75512, 44.756039],
						[4.75491, 44.756102],
						[4.754618, 44.756267]
					],
					[
						[4.754618, 44.756267],
						[4.750846, 44.755903]
					],
					[
						[4.750846, 44.755903],
						[4.750786, 44.755854],
						[4.750542, 44.755833],
						[4.750343, 44.755876],
						[4.749785, 44.755807]
					],
					[
						[6.15331, 46.203548],
						[6.15116, 46.203992],
						[6.150824, 46.204148]
					],
					[
						[4.650067, 44.396185],
						[4.649868, 44.396114]
					],
					[
						[4.649589, 44.396012],
						[4.649222, 44.395959],
						[4.648964, 44.395992]
					],
					[
						[6.081648, 46.172353],
						[6.081308, 46.172419],
						[6.080552, 46.17278]
					],
					[
						[6.082743, 46.172266],
						[6.082508, 46.172024]
					],
					[
						[5.700844, 45.714527],
						[5.700917, 45.711181],
						[5.701016, 45.711076]
					],
					[
						[6.319341, 46.364841],
						[6.318556, 46.36431]
					],
					[
						[4.731978, 44.598855],
						[4.732107, 44.598773]
					],
					[
						[4.732107, 44.598773],
						[4.73247, 44.598514],
						[4.73239, 44.598265]
					],
					[
						[4.723349, 44.593806],
						[4.723928, 44.593462]
					],
					[
						[4.723928, 44.593462],
						[4.724021, 44.59341]
					],
					[
						[4.63813, 43.805617],
						[4.638247, 43.805779]
					],
					[
						[4.813096, 45.18428],
						[4.812053, 45.184084]
					],
					[
						[4.8098, 45.183673],
						[4.809436, 45.183656]
					],
					[
						[4.617047, 43.673171],
						[4.616915, 43.672902],
						[4.616934, 43.672709],
						[4.617191, 43.672363],
						[4.617548, 43.672177]
					],
					[
						[6.532109, 46.395095],
						[6.531876, 46.395021]
					],
					[
						[6.266589, 46.316193],
						[6.266276, 46.316725]
					],
					[
						[6.266633, 46.317034],
						[6.26678, 46.317151],
						[6.266915, 46.317431],
						[6.267217, 46.317575],
						[6.267325, 46.31768]
					],
					[
						[6.274006, 46.332526],
						[6.273941, 46.332474]
					],
					[
						[4.943452, 45.798057],
						[4.944787, 45.7981],
						[4.945275, 45.798153],
						[4.945549, 45.798112]
					],
					[
						[5.980147, 46.155269],
						[5.980033, 46.155426],
						[5.98009, 46.155664]
					],
					[
						[5.98009, 46.155664],
						[5.979974, 46.155524],
						[5.979965, 46.155293]
					],
					[
						[5.960455, 46.131342],
						[5.961316, 46.132129],
						[5.961813, 46.132717],
						[5.963621, 46.134334],
						[5.964849, 46.13577],
						[5.965604, 46.136043],
						[5.965819, 46.136214],
						[5.966017, 46.136468],
						[5.966358, 46.137144],
						[5.966931, 46.137787],
						[5.96724, 46.137972],
						[5.967644, 46.138027],
						[5.967974, 46.138014]
					],
					[
						[4.133949, 43.540158],
						[4.133567, 43.540639],
						[4.131836, 43.541717],
						[4.129901, 43.543174],
						[4.126253, 43.545495],
						[4.12443, 43.546495],
						[4.124019, 43.546809]
					],
					[
						[5.965025, 46.130393],
						[5.966085, 46.13041],
						[5.966702, 46.130816],
						[5.966825, 46.130984],
						[5.966865, 46.131517],
						[5.966757, 46.132354],
						[5.966659, 46.132536],
						[5.966122, 46.133065]
					],
					[
						[5.965025, 46.130393],
						[5.964754, 46.130199]
					],
					[
						[5.127278, 45.789607],
						[5.12647, 45.791261],
						[5.1261, 45.793139],
						[5.126028, 45.793865],
						[5.126151, 45.794016]
					],
					[
						[5.411558, 45.814894],
						[5.411641, 45.815535],
						[5.411962, 45.816248]
					],
					[
						[5.412112, 45.816431],
						[5.414982, 45.817114]
					],
					[
						[5.414982, 45.817114],
						[5.415427, 45.817148],
						[5.415842, 45.817239]
					],
					[
						[5.420794, 45.825122],
						[5.420007, 45.824514],
						[5.419851, 45.824289],
						[5.419929, 45.822964]
					],
					[
						[4.696928, 44.473216],
						[4.697447, 44.473239],
						[4.698143, 44.473117]
					],
					[
						[5.627268, 45.641419],
						[5.62823, 45.641184],
						[5.629306, 45.641111]
					],
					[
						[4.754148, 45.453698],
						[4.754172, 45.453988]
					],
					[
						[4.754172, 45.453988],
						[4.754308, 45.454826],
						[4.754702, 45.45543],
						[4.755286, 45.455891],
						[4.756281, 45.456288]
					],
					[
						[4.777521, 45.470726],
						[4.777769, 45.470866]
					],
					[
						[4.727679, 44.583415],
						[4.727412, 44.582689]
					],
					[
						[5.984198, 46.168008],
						[5.984435, 46.167977]
					],
					[
						[5.987767, 46.167148],
						[5.989295, 46.167265],
						[5.991707, 46.167696],
						[5.992184, 46.167821],
						[5.993229, 46.168277],
						[5.993838, 46.168455],
						[5.995747, 46.168481]
					],
					[
						[4.769415, 45.45791],
						[4.769387, 45.457839]
					],
					[
						[4.813937, 45.184558],
						[4.813881, 45.184568]
					],
					[
						[4.801784, 45.120823],
						[4.802931, 45.120558],
						[4.803574, 45.12047],
						[4.80385, 45.120355],
						[4.804768, 45.119727],
						[4.805524, 45.119076],
						[4.806355, 45.118161],
						[4.807343, 45.116739],
						[4.808003, 45.115902],
						[4.808333, 45.115584],
						[4.809883, 45.113785],
						[4.810421, 45.113382],
						[4.810882, 45.112478],
						[4.811416, 45.111996],
						[4.811769, 45.111815]
					],
					[
						[5.202769, 45.76906],
						[5.200331, 45.769258],
						[5.199827, 45.769208]
					],
					[
						[5.313321, 45.848385],
						[5.313831, 45.848792],
						[5.314539, 45.849593],
						[5.315077, 45.850079],
						[5.315778, 45.850607],
						[5.316084, 45.850662]
					],
					[
						[5.309747, 45.84485],
						[5.31032, 45.845399],
						[5.310634, 45.845618],
						[5.312106, 45.847233],
						[5.312469, 45.847491],
						[5.313321, 45.848385]
					],
					[
						[4.86627, 45.535541],
						[4.865132, 45.53602],
						[4.863687, 45.536416],
						[4.86178, 45.537129],
						[4.861092, 45.537325],
						[4.856597, 45.538025]
					],
					[
						[4.85271, 45.014172],
						[4.854678, 45.014941]
					],
					[
						[4.839943, 45.015093],
						[4.839806, 45.01502]
					],
					[
						[4.854691, 45.01468],
						[4.854517, 45.014903]
					],
					[
						[4.748011, 44.75438],
						[4.748096, 44.754272],
						[4.748364, 44.754112]
					],
					[
						[4.714078, 44.580535],
						[4.71715, 44.581302],
						[4.717705, 44.581179],
						[4.717805, 44.581087]
					],
					[
						[4.801493, 45.605374],
						[4.800101, 45.604505],
						[4.799873, 45.604416],
						[4.799328, 45.603921],
						[4.798657, 45.603034],
						[4.798765, 45.602476],
						[4.798699, 45.602326],
						[4.798206, 45.602021],
						[4.797897, 45.601608]
					],
					[
						[4.697926, 44.4589],
						[4.698146, 44.46019],
						[4.698167, 44.460931],
						[4.697858, 44.462079],
						[4.697801, 44.46351]
					],
					[
						[6.12149, 46.196173],
						[6.121751, 46.196172]
					],
					[
						[4.718925, 44.576125],
						[4.716487, 44.576268]
					],
					[
						[4.78294, 44.710214],
						[4.782932, 44.710501],
						[4.782783, 44.710999]
					],
					[
						[4.720437, 44.575819],
						[4.719885, 44.575967],
						[4.718925, 44.576125]
					],
					[
						[4.782783, 44.710999],
						[4.782438, 44.710205]
					],
					[
						[6.102058, 46.181844],
						[6.102507, 46.182143],
						[6.102643, 46.182302]
					],
					[
						[6.107614, 46.184692],
						[6.108084, 46.184876],
						[6.108666, 46.184834],
						[6.109219, 46.184871],
						[6.109579, 46.184918],
						[6.110101, 46.185077]
					],
					[
						[4.765308, 43.951889],
						[4.764784, 43.951975],
						[4.764408, 43.951935],
						[4.76379, 43.95177],
						[4.762791, 43.951394],
						[4.76235, 43.951296],
						[4.761148, 43.951097],
						[4.759722, 43.950932]
					],
					[
						[4.7905, 43.952546],
						[4.791026, 43.954033]
					],
					[
						[6.357179, 46.34085],
						[6.357305, 46.340692]
					],
					[
						[6.11175, 46.184895],
						[6.113304, 46.18543],
						[6.114521, 46.185759],
						[6.114664, 46.185746]
					],
					[
						[6.110433, 46.185301],
						[6.110962, 46.185235],
						[6.11175, 46.184895]
					],
					[
						[4.298082, 43.638336],
						[4.29803, 43.638146]
					],
					[
						[4.298082, 43.638336],
						[4.298255, 43.638852]
					],
					[
						[5.703836, 45.738322],
						[5.703865, 45.738244],
						[5.704476, 45.737876],
						[5.704275, 45.737592],
						[5.704097, 45.737597],
						[5.703387, 45.738007]
					],
					[
						[5.952841, 46.107919],
						[5.951569, 46.107967],
						[5.950165, 46.108128],
						[5.949985, 46.108017],
						[5.949692, 46.107364]
					],
					[
						[5.823805, 45.876399],
						[5.823935, 45.875821],
						[5.823867, 45.875626],
						[5.823582, 45.875344],
						[5.823481, 45.875114],
						[5.823716, 45.874606],
						[5.82372, 45.874486],
						[5.823549, 45.874287],
						[5.822712, 45.873821],
						[5.821629, 45.873036],
						[5.821494, 45.872751],
						[5.821545, 45.872447]
					],
					[
						[5.712643, 45.69112],
						[5.712143, 45.690357],
						[5.711964, 45.689974],
						[5.711188, 45.68773],
						[5.710687, 45.686918],
						[5.710386, 45.686149],
						[5.709158, 45.684162],
						[5.708881, 45.683153],
						[5.708885, 45.682923],
						[5.708678, 45.682102],
						[5.708496, 45.681701],
						[5.707949, 45.680809],
						[5.707604, 45.680451],
						[5.707452, 45.680211],
						[5.707355, 45.679736],
						[5.706786, 45.678924],
						[5.706334, 45.67847],
						[5.705535, 45.67789]
					],
					[
						[5.700081, 45.673688],
						[5.70007, 45.673605],
						[5.698648, 45.672294],
						[5.697401, 45.671281]
					],
					[
						[5.699784, 45.673895],
						[5.700081, 45.673688]
					],
					[
						[4.689485, 43.893122],
						[4.690029, 43.89377],
						[4.691179, 43.894926],
						[4.691281, 43.895092],
						[4.690511, 43.895916]
					],
					[
						[4.648837, 43.891549],
						[4.649363, 43.891621],
						[4.650337, 43.891586],
						[4.651785, 43.891458],
						[4.652359, 43.89133],
						[4.656654, 43.891048],
						[4.657103, 43.891083],
						[4.658109, 43.891259],
						[4.659086, 43.891352],
						[4.660009, 43.891387],
						[4.660915, 43.89134],
						[4.661269, 43.891282],
						[4.662946, 43.890836],
						[4.663389, 43.890768],
						[4.665545, 43.890542],
						[4.66675, 43.890485],
						[4.668337, 43.890277],
						[4.670073, 43.890237],
						[4.672046, 43.889966]
					],
					[
						[4.675328, 43.8899],
						[4.676532, 43.889797]
					],
					[
						[4.590998, 43.878833],
						[4.591053, 43.878864]
					],
					[
						[4.590038, 43.876354],
						[4.590091, 43.876741],
						[4.590065, 43.87712],
						[4.590177, 43.877497]
					],
					[
						[4.591533, 43.875064],
						[4.591605, 43.875037],
						[4.59163, 43.874241]
					],
					[
						[4.168827, 43.551657],
						[4.16681, 43.550826],
						[4.164978, 43.550006],
						[4.162729, 43.549134],
						[4.158737, 43.547471],
						[4.155233, 43.545895],
						[4.152717, 43.544827],
						[4.151712, 43.544344],
						[4.151008, 43.544088],
						[4.145822, 43.541837],
						[4.145425, 43.541604],
						[4.143009, 43.540474]
					],
					[
						[4.182775, 43.558902],
						[4.181965, 43.558162],
						[4.181063, 43.557503],
						[4.179614, 43.55667],
						[4.175741, 43.554582],
						[4.168827, 43.551657]
					],
					[
						[6.040549, 46.19018],
						[6.03926, 46.190721],
						[6.036495, 46.193152]
					],
					[
						[6.027808, 46.192627],
						[6.029506, 46.193238]
					],
					[
						[4.520933, 43.741328],
						[4.521026, 43.741115],
						[4.521477, 43.7409],
						[4.521566, 43.740809],
						[4.52173, 43.739511],
						[4.521625, 43.738877],
						[4.520702, 43.735821],
						[4.520919, 43.734728]
					],
					[
						[3.809811, 43.50949],
						[3.808873, 43.50865]
					],
					[
						[4.641412, 43.802219],
						[4.641394, 43.80233]
					],
					[
						[4.298255, 43.638852],
						[4.298262, 43.638297]
					],
					[
						[4.134068, 43.540159],
						[4.134199, 43.540048]
					],
					[
						[4.11747, 43.551392],
						[4.116457, 43.551679],
						[4.11109, 43.553477],
						[4.10991, 43.553968],
						[4.108994, 43.554525]
					],
					[
						[4.64153, 43.803153],
						[4.641603, 43.804026],
						[4.642014, 43.804815],
						[4.642213, 43.805401]
					],
					[
						[3.918589, 43.532403],
						[3.918285, 43.53236],
						[3.918003, 43.532528],
						[3.917591, 43.533256],
						[3.917307, 43.533513],
						[3.91749, 43.533684]
					],
					[
						[3.855882, 43.538108],
						[3.856024, 43.538123],
						[3.856156, 43.538012],
						[3.85637, 43.538047],
						[3.856432, 43.53816],
						[3.856593, 43.538226]
					],
					[
						[4.108994, 43.554525],
						[4.108864, 43.554807],
						[4.108694, 43.554916],
						[4.108481, 43.554927],
						[4.108155, 43.554858]
					],
					[
						[3.91749, 43.533684],
						[3.917433, 43.533707]
					],
					[
						[3.762772, 43.435919],
						[3.762539, 43.435946],
						[3.762088, 43.436087]
					],
					[
						[4.03438, 43.556885],
						[4.046212, 43.557747],
						[4.05133, 43.558193],
						[4.052434, 43.558257],
						[4.057912, 43.558331],
						[4.058173, 43.558376]
					],
					[
						[4.936177, 45.772271],
						[4.936959, 45.772591],
						[4.937689, 45.772969]
					],
					[
						[4.937689, 45.772969],
						[4.939822, 45.774188],
						[4.940484, 45.774507],
						[4.941706, 45.774854],
						[4.942503, 45.775015],
						[4.943744, 45.775112],
						[4.944604, 45.775102],
						[4.947591, 45.774677],
						[4.948642, 45.77464],
						[4.949304, 45.774687],
						[4.94994, 45.774792],
						[4.951107, 45.775104]
					],
					[
						[5.081181, 45.806468],
						[5.081196, 45.806399],
						[5.081012, 45.806353],
						[5.080073, 45.806254],
						[5.07963, 45.806278],
						[5.079225, 45.806377]
					],
					[
						[4.794137, 45.572331],
						[4.794505, 45.572523]
					],
					[
						[4.794505, 45.572523],
						[4.794269, 45.572497],
						[4.794055, 45.5724]
					],
					[
						[6.182765, 46.224805],
						[6.179595, 46.220603]
					],
					[
						[6.173498, 46.212466],
						[6.173067, 46.212156],
						[6.172514, 46.211887]
					],
					[
						[6.197533, 46.238141],
						[6.197206, 46.237629],
						[6.196635, 46.237327],
						[6.196376, 46.237121],
						[6.196135, 46.236882],
						[6.19597, 46.236561]
					],
					[
						[6.225829, 46.266047],
						[6.225494, 46.265793],
						[6.225032, 46.265322]
					],
					[
						[4.096733, 43.561453],
						[4.096564, 43.561486],
						[4.096383, 43.561711]
					],
					[
						[4.096043, 43.562413],
						[4.095348, 43.563071],
						[4.0952, 43.563312],
						[4.095224, 43.563575]
					],
					[
						[4.095084, 43.563726],
						[4.094537, 43.563691],
						[4.093409, 43.563435]
					],
					[
						[4.095084, 43.563726],
						[4.095188, 43.563795],
						[4.09535, 43.56376],
						[4.095366, 43.563633],
						[4.095224, 43.563575]
					],
					[
						[4.092128, 43.562977],
						[4.092475, 43.562766],
						[4.092575, 43.562596]
					],
					[
						[3.723062, 43.41835],
						[3.723115, 43.418693],
						[3.722923, 43.418998]
					],
					[
						[4.808408, 44.824089],
						[4.808484, 44.824154],
						[4.808719, 44.824124],
						[4.808852, 44.824152]
					],
					[
						[4.808369, 44.824],
						[4.808408, 44.824089]
					],
					[
						[4.840648, 44.865883],
						[4.841165, 44.866635],
						[4.843541, 44.869646],
						[4.844564, 44.87084]
					],
					[
						[4.819753, 44.842556],
						[4.820069, 44.842968]
					],
					[
						[4.837964, 44.854603],
						[4.837281, 44.854697]
					],
					[
						[4.820069, 44.842968],
						[4.820729, 44.8437],
						[4.821244, 44.844439],
						[4.821405, 44.844503],
						[4.821593, 44.84448],
						[4.822059, 44.844155],
						[4.822282, 44.844157],
						[4.822596, 44.844465],
						[4.823197, 44.844824],
						[4.824779, 44.845929],
						[4.830812, 44.84967]
					],
					[
						[4.837281, 44.854697],
						[4.836499, 44.854792]
					],
					[
						[4.837933, 44.855471],
						[4.837796, 44.856195],
						[4.836502, 44.857934],
						[4.835476, 44.85944]
					],
					[
						[4.836499, 44.854792],
						[4.836278, 44.853467],
						[4.836205, 44.853271],
						[4.836122, 44.853228]
					],
					[
						[5.296111, 45.815433],
						[5.296842, 45.816051],
						[5.296952, 45.816291],
						[5.296963, 45.81665],
						[5.297057, 45.816883],
						[5.297841, 45.81776]
					],
					[
						[5.296767, 45.804754],
						[5.296654, 45.804735],
						[5.295814, 45.8042],
						[5.295235, 45.804068],
						[5.294597, 45.80402],
						[5.293244, 45.803677]
					],
					[
						[5.301285, 45.803759],
						[5.299339, 45.804283]
					],
					[
						[4.76203, 43.42966],
						[4.764826, 43.431414],
						[4.766414, 43.432342],
						[4.769383, 43.434041],
						[4.77415, 43.436555],
						[4.77612, 43.43778]
					],
					[
						[4.779397, 45.46485],
						[4.778676, 45.464938],
						[4.777112, 45.46598]
					],
					[
						[3.86997, 43.538426],
						[3.870856, 43.53853],
						[3.874426, 43.538768]
					],
					[
						[3.994311, 43.549555],
						[3.993776, 43.549411]
					],
					[
						[3.993776, 43.549411],
						[3.992424, 43.549042]
					],
					[
						[3.992424, 43.549042],
						[3.991488, 43.548791]
					],
					[
						[4.087142, 43.562019],
						[4.087768, 43.561228]
					],
					[
						[3.972894, 43.545567],
						[3.972908, 43.545419],
						[3.97279, 43.545363]
					],
					[
						[3.972549, 43.545378],
						[3.972561, 43.545383]
					],
					[
						[3.972728, 43.545438],
						[3.972707, 43.545474]
					],
					[
						[3.972075, 43.545316],
						[3.972238, 43.545364]
					],
					[
						[3.972412, 43.54538],
						[3.972095, 43.545278]
					],
					[
						[3.972707, 43.545474],
						[3.972412, 43.54538]
					],
					[
						[3.972095, 43.545278],
						[3.972075, 43.545316]
					],
					[
						[3.97279, 43.545363],
						[3.972678, 43.54539],
						[3.972561, 43.545352]
					],
					[
						[3.972237, 43.545403],
						[3.972038, 43.545331]
					],
					[
						[4.615692, 43.800038],
						[4.615427, 43.800286]
					],
					[
						[4.822385, 45.076832],
						[4.823101, 45.076341]
					],
					[
						[4.660403, 44.324785],
						[4.661677, 44.32388],
						[4.663096, 44.322978],
						[4.664747, 44.32168],
						[4.665118, 44.321492],
						[4.66577, 44.321263],
						[4.666813, 44.321027],
						[4.667143, 44.32091],
						[4.667642, 44.320634],
						[4.667921, 44.320411],
						[4.668828, 44.319359],
						[4.669139, 44.318903],
						[4.669214, 44.318366]
					],
					[
						[3.915724, 43.534346],
						[3.915353, 43.534464],
						[3.915121, 43.534616]
					],
					[
						[3.918885, 43.532831],
						[3.918784, 43.532874]
					],
					[
						[3.918152, 43.533251],
						[3.917362, 43.533694],
						[3.916767, 43.533967],
						[3.915724, 43.534346]
					],
					[
						[3.832145, 43.523609],
						[3.831946, 43.523876],
						[3.831644, 43.524479]
					],
					[
						[3.832984, 43.522923],
						[3.83747, 43.524497],
						[3.838233, 43.524808],
						[3.840245, 43.526083],
						[3.842154, 43.527382],
						[3.843367, 43.528101],
						[3.845081, 43.5289],
						[3.845832, 43.529181],
						[3.846, 43.529327],
						[3.846217, 43.529342],
						[3.846352, 43.529298],
						[3.847343, 43.529471],
						[3.848106, 43.529807],
						[3.84875, 43.530286],
						[3.850462, 43.531278],
						[3.852139, 43.532554]
					],
					[
						[4.821765, 45.732886],
						[4.821881, 45.733138]
					],
					[
						[4.821881, 45.733138],
						[4.821852, 45.733384]
					],
					[
						[5.154246, 45.794262],
						[5.153385, 45.794708],
						[5.152682, 45.794646],
						[5.151907, 45.794512],
						[5.15029, 45.794474],
						[5.149208, 45.794159],
						[5.149294, 45.793644],
						[5.149092, 45.793525],
						[5.14812, 45.793262],
						[5.146809, 45.792991]
					],
					[
						[4.780216, 45.475531],
						[4.780284, 45.475735],
						[4.780991, 45.476667],
						[4.781113, 45.476701],
						[4.781703, 45.476656],
						[4.781842, 45.476709],
						[4.78198, 45.477289],
						[4.782258, 45.477933],
						[4.782379, 45.478465],
						[4.782811, 45.47891],
						[4.782941, 45.479222],
						[4.783341, 45.479489]
					],
					[
						[4.777769, 45.470866],
						[4.777544, 45.471275],
						[4.777551, 45.471443],
						[4.77854, 45.47283],
						[4.77956, 45.474697],
						[4.779959, 45.475222],
						[4.780164, 45.475364],
						[4.780216, 45.475531]
					],
					[
						[5.897269, 46.084014],
						[5.897077, 46.084596],
						[5.897207, 46.084881],
						[5.897352, 46.085],
						[5.898197, 46.085386],
						[5.898533, 46.08566],
						[5.898749, 46.085762],
						[5.898778, 46.08586],
						[5.898762, 46.086092],
						[5.89855, 46.086779],
						[5.898564, 46.087458],
						[5.898459, 46.087713],
						[5.898242, 46.087862],
						[5.897384, 46.088169],
						[5.897022, 46.088364],
						[5.896387, 46.089071],
						[5.896259, 46.089421],
						[5.896327, 46.089958],
						[5.89651, 46.090434],
						[5.896574, 46.091305],
						[5.89681, 46.091721],
						[5.896875, 46.091967],
						[5.89681, 46.092071],
						[5.89621, 46.092413],
						[5.896188, 46.092652],
						[5.896542, 46.093611],
						[5.896424, 46.094512],
						[5.896971, 46.09597],
						[5.896879, 46.096902],
						[5.896907, 46.09719],
						[5.896703, 46.0978],
						[5.896699, 46.098301],
						[5.896338, 46.098894],
						[5.896058, 46.099229],
						[5.895464, 46.100251],
						[5.894824, 46.100824],
						[5.894132, 46.10173],
						[5.893376, 46.102927],
						[5.893145, 46.10313],
						[5.892715, 46.103372],
						[5.892306, 46.103762],
						[5.892174, 46.104327],
						[5.891938, 46.104669],
						[5.891259, 46.1054],
						[5.890962, 46.105833],
						[5.89076, 46.106255],
						[5.890845, 46.106424]
					],
					[
						[4.072565, 43.56028],
						[4.072317, 43.560638]
					],
					[
						[4.072317, 43.560638],
						[4.072173, 43.560755]
					],
					[
						[4.602167, 43.849058],
						[4.602328, 43.849035]
					],
					[
						[4.619523, 43.838321],
						[4.619532, 43.83855]
					],
					[
						[4.602328, 43.849035],
						[4.602665, 43.848994],
						[4.60349, 43.848763],
						[4.604031, 43.848548],
						[4.60472, 43.848142],
						[4.605172, 43.847776],
						[4.60567, 43.847271],
						[4.607374, 43.845379],
						[4.608157, 43.844822],
						[4.608753, 43.844563],
						[4.609277, 43.844402],
						[4.610827, 43.844107],
						[4.611427, 43.843945],
						[4.617443, 43.841711]
					],
					[
						[4.587426, 43.857877],
						[4.593087, 43.851847],
						[4.593436, 43.851502],
						[4.594108, 43.850977],
						[4.594949, 43.850485],
						[4.595458, 43.850243],
						[4.596448, 43.849875],
						[4.597115, 43.849705],
						[4.597604, 43.849612],
						[4.602167, 43.849058]
					],
					[
						[4.618998, 43.840217],
						[4.619521, 43.838888],
						[4.619532, 43.83855]
					],
					[
						[4.617443, 43.841711],
						[4.618, 43.841459],
						[4.618409, 43.841138],
						[4.618998, 43.840217]
					],
					[
						[6.370075, 46.332743],
						[6.369945, 46.332705]
					],
					[
						[5.901439, 46.083653],
						[5.900603, 46.083329],
						[5.900344, 46.083181],
						[5.900122, 46.082981],
						[5.899848, 46.082602],
						[5.899777, 46.08201]
					],
					[
						[6.50816, 46.382892],
						[6.507106, 46.382924]
					],
					[
						[4.712278, 44.493269],
						[4.712586, 44.493137]
					],
					[
						[4.712586, 44.493137],
						[4.712595, 44.493034],
						[4.712382, 44.492898],
						[4.709075, 44.488956],
						[4.708602, 44.488539],
						[4.707968, 44.488044],
						[4.703692, 44.485083],
						[4.70293, 44.484494],
						[4.702625, 44.48419],
						[4.701572, 44.483477],
						[4.701339, 44.483267],
						[4.701196, 44.483074],
						[4.701124, 44.482462],
						[4.70123, 44.482276],
						[4.701438, 44.482151],
						[4.701553, 44.481797]
					],
					[
						[4.817637, 45.733944],
						[4.817755, 45.733951],
						[4.818394, 45.733666]
					],
					[
						[4.762237, 44.714169],
						[4.76176, 44.714687],
						[4.761153, 44.715108]
					],
					[
						[4.766832, 44.709782],
						[4.766616, 44.710077]
					],
					[
						[4.983063, 45.792143],
						[4.983023, 45.792176]
					],
					[
						[4.9831, 45.79213],
						[4.983063, 45.792143]
					],
					[
						[6.327952, 46.36949],
						[6.328021, 46.369467]
					],
					[
						[6.357183, 46.334462],
						[6.35758, 46.335241],
						[6.358706, 46.337017]
					],
					[
						[5.82024, 45.864575],
						[5.822527, 45.864193],
						[5.824212, 45.864008]
					],
					[
						[4.980721, 45.793637],
						[4.980559, 45.793613],
						[4.979683, 45.793709],
						[4.979245, 45.793976],
						[4.978967, 45.794362]
					],
					[
						[4.803123, 45.244702],
						[4.803212, 45.24476],
						[4.806311, 45.244547]
					],
					[
						[5.516012, 45.691154],
						[5.51258, 45.69078]
					],
					[
						[5.470531, 45.672642],
						[5.470393, 45.672824],
						[5.470169, 45.67295],
						[5.469416, 45.67326],
						[5.468876, 45.673379],
						[5.468445, 45.673419],
						[5.466686, 45.673342],
						[5.465983, 45.673354],
						[5.465535, 45.673416],
						[5.463722, 45.673834],
						[5.463028, 45.674048],
						[5.462023, 45.674553],
						[5.46169, 45.674607],
						[5.461579, 45.674587],
						[5.461566, 45.674833]
					],
					[
						[5.424659, 45.761238],
						[5.424564, 45.762298],
						[5.424597, 45.762994],
						[5.424517, 45.76321],
						[5.424544, 45.763337],
						[5.424848, 45.763745],
						[5.424665, 45.764149],
						[5.424562, 45.764736],
						[5.425078, 45.7658],
						[5.42608, 45.767187],
						[5.426339, 45.767376],
						[5.427493, 45.76786],
						[5.427869, 45.76809],
						[5.428221, 45.768482],
						[5.429047, 45.769],
						[5.430564, 45.769401],
						[5.431459, 45.769687],
						[5.432015, 45.769956],
						[5.432333, 45.77005],
						[5.434229, 45.770515]
					],
					[
						[5.420181, 45.800903],
						[5.419421, 45.800581],
						[5.417112, 45.799883],
						[5.416893, 45.799977],
						[5.416412, 45.80048],
						[5.415978, 45.800777],
						[5.415634, 45.800903]
					],
					[
						[5.415634, 45.800903],
						[5.415625, 45.801247],
						[5.415718, 45.801434],
						[5.415925, 45.80164],
						[5.416893, 45.802126]
					],
					[
						[5.41715, 45.839257],
						[5.418473, 45.838254],
						[5.418971, 45.83797],
						[5.420341, 45.837569],
						[5.425116, 45.835926],
						[5.426267, 45.835338],
						[5.427136, 45.834761],
						[5.432075, 45.8304],
						[5.432424, 45.829953],
						[5.432816, 45.82931],
						[5.433827, 45.827303],
						[5.433826, 45.827034],
						[5.433443, 45.826579],
						[5.433044, 45.826352],
						[5.432633, 45.826249],
						[5.426971, 45.826031],
						[5.425922, 45.826048],
						[5.425401, 45.825938],
						[5.424309, 45.82601]
					],
					[
						[5.419406, 45.820749],
						[5.419527, 45.820895],
						[5.419556, 45.821132],
						[5.419782, 45.821534],
						[5.419393, 45.822042],
						[5.41987, 45.822489],
						[5.420227, 45.822625],
						[5.420258, 45.822692],
						[5.420153, 45.822904]
					],
					[
						[5.420832, 45.825477],
						[5.42106, 45.825656],
						[5.421821, 45.825805],
						[5.422033, 45.825731],
						[5.422193, 45.825529],
						[5.422296, 45.825501],
						[5.422445, 45.825549],
						[5.422522, 45.825771],
						[5.422657, 45.825911],
						[5.422816, 45.825955],
						[5.424023, 45.825963],
						[5.424309, 45.82601]
					],
					[
						[4.821199, 45.731193],
						[4.821373, 45.731516],
						[4.82161, 45.731734]
					],
					[
						[4.590177, 43.877497],
						[4.590411, 43.878088],
						[4.59066, 43.878493],
						[4.590998, 43.878833]
					],
					[
						[4.590222, 43.878087],
						[4.590124, 43.877767],
						[4.590177, 43.877497]
					],
					[
						[4.591053, 43.878864],
						[4.590941, 43.878877],
						[4.590708, 43.878761],
						[4.590222, 43.878087]
					],
					[
						[5.984435, 46.167977],
						[5.985731, 46.167788],
						[5.986835, 46.167294],
						[5.987767, 46.167148]
					],
					[
						[4.647361, 44.368876],
						[4.647353, 44.36869],
						[4.647409, 44.368657],
						[4.647372, 44.368519],
						[4.647297, 44.368503],
						[4.647199, 44.368378],
						[4.647066, 44.368388],
						[4.647088, 44.368488],
						[4.647289, 44.368546],
						[4.647305, 44.368607]
					],
					[
						[4.647305, 44.368607],
						[4.647162, 44.368804]
					],
					[
						[4.774147, 44.781281],
						[4.774333, 44.781074]
					],
					[
						[4.687493, 44.246964],
						[4.688837, 44.246749],
						[4.690913, 44.246737],
						[4.693128, 44.24651],
						[4.698664, 44.246067]
					],
					[
						[4.705696, 44.237808],
						[4.706327, 44.237991],
						[4.706502, 44.237982],
						[4.706549, 44.237922],
						[4.706546, 44.236803],
						[4.706748, 44.235214],
						[4.707012, 44.234202],
						[4.707365, 44.233253],
						[4.708132, 44.231686],
						[4.708117, 44.23154],
						[4.70784, 44.231243],
						[4.708039, 44.231093]
					],
					[
						[4.708507, 44.230515],
						[4.708637, 44.230594]
					],
					[
						[4.72668, 44.200137],
						[4.726211, 44.200449],
						[4.725768, 44.200578],
						[4.725314, 44.200596],
						[4.724114, 44.200436],
						[4.723667, 44.200425]
					],
					[
						[4.766616, 44.710077],
						[4.766273, 44.710489],
						[4.766102, 44.7106]
					],
					[
						[4.697472, 44.481223],
						[4.697446, 44.481487],
						[4.69685, 44.481849],
						[4.696583, 44.481898]
					],
					[
						[5.50707, 45.692985],
						[5.506919, 45.69288],
						[5.506565, 45.692468],
						[5.506501, 45.691082],
						[5.506335, 45.689785]
					],
					[
						[5.527494, 45.710502],
						[5.527364, 45.710296],
						[5.527132, 45.708847]
					],
					[
						[5.448229, 45.693782],
						[5.448915, 45.693407],
						[5.451196, 45.692658],
						[5.451731, 45.6924]
					],
					[
						[5.458851, 45.684234],
						[5.458856, 45.684113],
						[5.45852, 45.68368],
						[5.458332, 45.683253],
						[5.458246, 45.682803],
						[5.458092, 45.682476],
						[5.458119, 45.68209],
						[5.457994, 45.681761],
						[5.457843, 45.68164],
						[5.458042, 45.681243],
						[5.457351, 45.678592],
						[5.45762, 45.678075],
						[5.458035, 45.677651],
						[5.461566, 45.674833]
					],
					[
						[5.405245, 45.852733],
						[5.406104, 45.851909],
						[5.406665, 45.851224],
						[5.407441, 45.850602],
						[5.409104, 45.849578],
						[5.411571, 45.848272],
						[5.412816, 45.847536],
						[5.413299, 45.847213],
						[5.413873, 45.846727],
						[5.414401, 45.846169],
						[5.415089, 45.845164],
						[5.415498, 45.84413],
						[5.415962, 45.84246]
					],
					[
						[5.414718, 45.80463],
						[5.414783, 45.80461],
						[5.415015, 45.804138],
						[5.415648, 45.803843],
						[5.415409, 45.803615],
						[5.415512, 45.803381],
						[5.415826, 45.803059]
					],
					[
						[5.421382, 45.799636],
						[5.42075, 45.80036],
						[5.420675, 45.800584],
						[5.420356, 45.800961],
						[5.420303, 45.800986],
						[5.420181, 45.800903]
					],
					[
						[5.435503, 45.789451],
						[5.435269, 45.789564],
						[5.434888, 45.789605],
						[5.431979, 45.789144]
					],
					[
						[5.521044, 45.696454],
						[5.522168, 45.696278]
					],
					[
						[5.527494, 45.710502],
						[5.527663, 45.710633],
						[5.528577, 45.71178],
						[5.528671, 45.711856],
						[5.528873, 45.711883],
						[5.529492, 45.711744],
						[5.530393, 45.711613],
						[5.530653, 45.711534],
						[5.531952, 45.710806],
						[5.532915, 45.710411]
					],
					[
						[5.441866, 45.695111],
						[5.441426, 45.695536],
						[5.441311, 45.695714]
					],
					[
						[5.504749, 45.689483],
						[5.505952, 45.689609]
					],
					[
						[5.414718, 45.80463],
						[5.414304, 45.805513],
						[5.41427, 45.805671],
						[5.414335, 45.806143],
						[5.414063, 45.806592]
					],
					[
						[4.838158, 44.855409],
						[4.838195, 44.855086],
						[4.83832, 44.855003],
						[4.838495, 44.854973],
						[4.838887, 44.855057],
						[4.839568, 44.855497],
						[4.83969, 44.85551],
						[4.839718, 44.85546],
						[4.838693, 44.854357]
					],
					[
						[4.875107, 44.914597],
						[4.874985, 44.914439]
					],
					[
						[4.81522, 45.730155],
						[4.815398, 45.729806]
					],
					[
						[4.782114, 44.800113],
						[4.782751, 44.800543]
					],
					[
						[4.773914, 44.781523],
						[4.774162, 44.781587],
						[4.774255, 44.781544],
						[4.774131, 44.781403],
						[4.774147, 44.781281]
					],
					[
						[3.972018, 43.546444],
						[3.972259, 43.546203],
						[3.972823, 43.546045],
						[3.973198, 43.546135]
					],
					[
						[3.979282, 43.548304],
						[3.979481, 43.548113],
						[3.979718, 43.548063]
					],
					[
						[4.033983, 43.557198],
						[4.034045, 43.556873]
					],
					[
						[3.99552, 43.549514],
						[3.995356, 43.549516],
						[3.995313, 43.549448]
					],
					[
						[3.970928, 43.545356],
						[3.971867, 43.545065]
					],
					[
						[3.831336, 43.524906],
						[3.830945, 43.524884],
						[3.830135, 43.524666],
						[3.829816, 43.524405],
						[3.829577, 43.524082]
					],
					[
						[3.831627, 43.524511],
						[3.831469, 43.524802],
						[3.831336, 43.524906]
					],
					[
						[6.497332, 46.385298],
						[6.497612, 46.385182]
					],
					[
						[5.938978, 46.103139],
						[5.93962, 46.103242],
						[5.940203, 46.103253],
						[5.940621, 46.103362]
					],
					[
						[5.945441, 46.106064],
						[5.945847, 46.106396],
						[5.94637, 46.107075],
						[5.947334, 46.107175],
						[5.947635, 46.107404],
						[5.948107, 46.107411]
					],
					[
						[5.934745, 46.1027],
						[5.934752, 46.102883],
						[5.935061, 46.103719],
						[5.935207, 46.1038],
						[5.9383, 46.103099],
						[5.938978, 46.103139]
					],
					[
						[5.432999, 45.701256],
						[5.431436, 45.701175],
						[5.430568, 45.701305]
					],
					[
						[5.436612, 45.697197],
						[5.436792, 45.696809],
						[5.437018, 45.696635]
					],
					[
						[5.547071, 45.710465],
						[5.547472, 45.710928]
					],
					[
						[4.854674, 45.015174],
						[4.854806, 45.01529],
						[4.854582, 45.015754],
						[4.855209, 45.015368],
						[4.855186, 45.015235],
						[4.855038, 45.015078]
					],
					[
						[5.10674, 45.780333],
						[5.106496, 45.780336]
					],
					[
						[5.106496, 45.780336],
						[5.106694, 45.780224]
					],
					[
						[5.175783, 45.790417],
						[5.175804, 45.790276],
						[5.175662, 45.790053],
						[5.175116, 45.789628],
						[5.17507, 45.789476],
						[5.17511, 45.789326],
						[5.17532, 45.788943]
					],
					[
						[6.522618, 46.393078],
						[6.522252, 46.393008]
					],
					[
						[6.524078, 46.389496],
						[6.524063, 46.3892]
					],
					[
						[6.524402, 46.389775],
						[6.524047, 46.390088]
					],
					[
						[5.548499, 45.712289],
						[5.547771, 45.711338]
					],
					[
						[6.513159, 46.384208],
						[6.513238, 46.384025]
					],
					[
						[6.510675, 46.38288],
						[6.510094, 46.382839],
						[6.509096, 46.382859]
					],
					[
						[5.292068, 45.796994],
						[5.290349, 45.796216],
						[5.29001, 45.795958],
						[5.289786, 45.79569],
						[5.28952, 45.795148],
						[5.289246, 45.794874],
						[5.288861, 45.794638],
						[5.288472, 45.794494],
						[5.288025, 45.794424]
					],
					[
						[6.50554, 46.382911],
						[6.504491, 46.382733]
					],
					[
						[4.853084, 45.512044],
						[4.853173, 45.512152]
					],
					[
						[4.856203, 45.538085],
						[4.856022, 45.5381]
					],
					[
						[4.854669, 45.538406],
						[4.854695, 45.538528]
					],
					[
						[4.856022, 45.5381],
						[4.856009, 45.538186],
						[4.854669, 45.538406]
					],
					[
						[6.352098, 46.356384],
						[6.351769, 46.35647]
					],
					[
						[6.351693, 46.356536],
						[6.349012, 46.359776]
					],
					[
						[6.351769, 46.35647],
						[6.351938, 46.35625]
					],
					[
						[4.057973, 43.559727],
						[4.058043, 43.559821],
						[4.058482, 43.560075],
						[4.058715, 43.560675]
					],
					[
						[4.05857, 43.558874],
						[4.058567, 43.558903]
					],
					[
						[4.058173, 43.558376],
						[4.058454, 43.55854]
					],
					[
						[4.058454, 43.55854],
						[4.058458, 43.558773],
						[4.05857, 43.558874]
					],
					[
						[4.063002, 43.561987],
						[4.063351, 43.561987]
					],
					[
						[4.102222, 43.556086],
						[4.100857, 43.556513]
					],
					[
						[4.117383, 43.551232],
						[4.117525, 43.551144],
						[4.117667, 43.550835],
						[4.117732, 43.550808],
						[4.117813, 43.550789],
						[4.118422, 43.550877]
					],
					[
						[4.102132, 43.556017],
						[4.102639, 43.555848]
					],
					[
						[4.118422, 43.550877],
						[4.118505, 43.551033]
					],
					[
						[4.099614, 43.557119],
						[4.099862, 43.556836],
						[4.100286, 43.556604]
					],
					[
						[4.099356, 43.557081],
						[4.099614, 43.557119]
					],
					[
						[4.096419, 43.560913],
						[4.096565, 43.560715]
					],
					[
						[4.137285, 43.537676],
						[4.137507, 43.537418]
					],
					[
						[6.331884, 46.368284],
						[6.332481, 46.368149],
						[6.3368, 46.367852]
					],
					[
						[6.327952, 46.36949],
						[6.327332, 46.3696]
					],
					[
						[4.086489, 43.56277],
						[4.086583, 43.562806]
					],
					[
						[4.086816, 43.562432],
						[4.087142, 43.562019]
					],
					[
						[4.086489, 43.56277],
						[4.086742, 43.562452],
						[4.086816, 43.562432]
					],
					[
						[4.086816, 43.562432],
						[4.086834, 43.562487],
						[4.086583, 43.562806]
					],
					[
						[4.058715, 43.560675],
						[4.059075, 43.560644],
						[4.059352, 43.56055],
						[4.05975, 43.560587]
					],
					[
						[4.059844, 43.560584],
						[4.059989, 43.560579]
					],
					[
						[4.05975, 43.560587],
						[4.059844, 43.560584]
					],
					[
						[4.069059, 43.561227],
						[4.068904, 43.561109]
					],
					[
						[6.331884, 46.368284],
						[6.331791, 46.368277]
					],
					[
						[4.086489, 43.56277],
						[4.084998, 43.56216]
					],
					[
						[4.082072, 43.56098],
						[4.081743, 43.560867]
					],
					[
						[4.78326, 44.801218],
						[4.783381, 44.801101]
					],
					[
						[4.78326, 44.801218],
						[4.783197, 44.801029],
						[4.782167, 44.800239],
						[4.781818, 44.800142]
					],
					[
						[4.78194, 44.800005],
						[4.782114, 44.800113]
					],
					[
						[3.968679, 43.543881],
						[3.96879, 43.544163],
						[3.968925, 43.544318],
						[3.969854, 43.544788],
						[3.970298, 43.545071],
						[3.970736, 43.545429]
					],
					[
						[3.968414, 43.543837],
						[3.968531, 43.543894],
						[3.968679, 43.543881]
					],
					[
						[4.710174, 44.583322],
						[4.710223, 44.583291]
					],
					[
						[4.713013, 44.581298],
						[4.714078, 44.580535]
					],
					[
						[4.801981, 43.950928],
						[4.798272, 43.952002]
					],
					[
						[5.199827, 45.769208],
						[5.199705, 45.76916]
					],
					[
						[5.347549, 45.882583],
						[5.347531, 45.883417]
					],
					[
						[6.508795, 46.382869],
						[6.508511, 46.382879]
					],
					[
						[4.802497, 43.950707],
						[4.802255, 43.950896],
						[4.801981, 43.950928]
					],
					[
						[4.841321, 45.065262],
						[4.842488, 45.064965]
					],
					[
						[4.842711, 45.064907],
						[4.842488, 45.064965]
					],
					[
						[4.84037, 45.065454],
						[4.841321, 45.065262]
					],
					[
						[4.83479, 45.06775],
						[4.834628, 45.067857]
					],
					[
						[4.834531, 45.067872],
						[4.833246, 45.068537],
						[4.832778, 45.068707]
					],
					[
						[4.840058, 45.065706],
						[4.839931, 45.065647],
						[4.839706, 45.065668],
						[4.837617, 45.066486],
						[4.83479, 45.06775]
					],
					[
						[4.84037, 45.065454],
						[4.840218, 45.06557],
						[4.84018, 45.06567]
					],
					[
						[4.84018, 45.06567],
						[4.840058, 45.065706]
					],
					[
						[4.822232, 45.731743],
						[4.821682, 45.731822]
					],
					[
						[4.817212, 43.964178],
						[4.817484, 43.964305]
					],
					[
						[4.760839, 45.45877],
						[4.760481, 45.458618]
					],
					[
						[4.760481, 45.458618],
						[4.760293, 45.458538]
					],
					[
						[4.781889, 44.800058],
						[4.78194, 44.800005]
					],
					[
						[4.798105, 44.823874],
						[4.799926, 44.82479]
					],
					[
						[4.774333, 44.781074],
						[4.77436, 44.78094]
					],
					[
						[4.645478, 43.804611],
						[4.645577, 43.804623]
					],
					[
						[3.832984, 43.522923],
						[3.832145, 43.523609]
					],
					[
						[4.118422, 43.550877],
						[4.120237, 43.550391]
					],
					[
						[4.108061, 43.554673],
						[4.108205, 43.554588],
						[4.108264, 43.554428],
						[4.108432, 43.554364],
						[4.108566, 43.554412],
						[4.108823, 43.554375]
					],
					[
						[3.723229, 43.422606],
						[3.723647, 43.422678],
						[3.723886, 43.422768]
					],
					[
						[4.740242, 45.412219],
						[4.740483, 45.41227],
						[4.740574, 45.412361],
						[4.740313, 45.413844],
						[4.740183, 45.414051],
						[4.739708, 45.414192],
						[4.739068, 45.414226],
						[4.738613, 45.414196],
						[4.737563, 45.414015],
						[4.737495, 45.414044]
					],
					[
						[4.740134, 45.412206],
						[4.740242, 45.412219]
					],
					[
						[5.960713, 46.126678],
						[5.960864, 46.127188],
						[5.961201, 46.127725],
						[5.961863, 46.128148],
						[5.963227, 46.128736],
						[5.964005, 46.129701],
						[5.964381, 46.129853],
						[5.964754, 46.130199]
					],
					[
						[6.422515, 46.355782],
						[6.422004, 46.355769],
						[6.421571, 46.355511]
					],
					[
						[6.428697, 46.35815],
						[6.428697, 46.358426],
						[6.428816, 46.358528],
						[6.429628, 46.358622],
						[6.430104, 46.358476],
						[6.430841, 46.358492],
						[6.43119, 46.358587],
						[6.431775, 46.358906],
						[6.432489, 46.358944],
						[6.432795, 46.359131],
						[6.433171, 46.359509],
						[6.433836, 46.359839],
						[6.435714, 46.360298],
						[6.436796, 46.360628],
						[6.437347, 46.360684],
						[6.43824, 46.360547]
					],
					[
						[6.471148, 46.371339],
						[6.471299, 46.371294]
					],
					[
						[6.370044, 46.332562],
						[6.37017, 46.332482]
					],
					[
						[6.370204, 46.332495],
						[6.370177, 46.33262]
					],
					[
						[6.370243, 46.332301],
						[6.370694, 46.331629],
						[6.370956, 46.331384]
					],
					[
						[4.619152, 43.674927],
						[4.617154, 43.676465],
						[4.616457, 43.676924],
						[4.615784, 43.677281]
					],
					[
						[6.011067, 46.188096],
						[6.011545, 46.187549],
						[6.011702, 46.18727],
						[6.011775, 46.186992],
						[6.01155, 46.184609],
						[6.011495, 46.184297],
						[6.011424, 46.184232],
						[6.011251, 46.184226],
						[6.011141, 46.184333],
						[6.011094, 46.185022],
						[6.01103, 46.185203],
						[6.010847, 46.185428],
						[6.010466, 46.185673],
						[6.009902, 46.185843]
					],
					[
						[4.826144, 45.096407],
						[4.826103, 45.096458],
						[4.826139, 45.096688],
						[4.825634, 45.097006]
					],
					[
						[5.415842, 45.817239],
						[5.41639, 45.817694],
						[5.41689, 45.81775],
						[5.417035, 45.817847],
						[5.417106, 45.818078],
						[5.417196, 45.818118]
					],
					[
						[5.417196, 45.818118],
						[5.417923, 45.818426],
						[5.418017, 45.818475],
						[5.418003, 45.818518]
					],
					[
						[4.806662, 45.168053],
						[4.806936, 45.167613],
						[4.806983, 45.167412]
					],
					[
						[3.69619, 43.406444],
						[3.696518, 43.40534]
					],
					[
						[3.696518, 43.40534],
						[3.696704, 43.404347]
					],
					[
						[3.696704, 43.404347],
						[3.696738, 43.404159]
					],
					[
						[3.697318, 43.404425],
						[3.697265, 43.404686]
					],
					[
						[3.697265, 43.404686],
						[3.697132, 43.4053]
					],
					[
						[4.766524, 44.770751],
						[4.767568, 44.770789],
						[4.76892, 44.770764]
					],
					[
						[4.757209, 44.756276],
						[4.757099, 44.756493]
					],
					[
						[4.757099, 44.756493],
						[4.756995, 44.756413],
						[4.756957, 44.756284]
					],
					[
						[5.949648, 46.107184],
						[5.949598, 46.107065],
						[5.9495, 46.107044],
						[5.949292, 46.107221]
					],
					[
						[5.949692, 46.107364],
						[5.949648, 46.107184]
					],
					[
						[4.818466, 45.733667],
						[4.819049, 45.7335]
					],
					[
						[4.797081, 43.953237],
						[4.797059, 43.953372]
					],
					[
						[6.371873, 46.331062],
						[6.371863, 46.331112]
					],
					[
						[6.369935, 46.332694],
						[6.36978, 46.332646]
					],
					[
						[6.142427, 46.20814],
						[6.14252, 46.208058]
					],
					[
						[6.356748, 46.341956],
						[6.356615, 46.341855]
					],
					[
						[6.356782, 46.3418],
						[6.356748, 46.341956]
					],
					[
						[6.356758, 46.341419],
						[6.356885, 46.341221]
					],
					[
						[6.356577, 46.341846],
						[6.356488, 46.341746]
					],
					[
						[6.356758, 46.341419],
						[6.356738, 46.341663]
					],
					[
						[6.352369, 46.356148],
						[6.352275, 46.356276]
					],
					[
						[6.35219, 46.356165],
						[6.352307, 46.356119]
					],
					[
						[4.767549, 44.706232],
						[4.767294, 44.705721],
						[4.767305, 44.705439],
						[4.766959, 44.705103],
						[4.766876, 44.704897]
					],
					[
						[4.76764, 44.706814],
						[4.767558, 44.707125],
						[4.767591, 44.708508],
						[4.76743, 44.708947],
						[4.76743, 44.709109],
						[4.767212, 44.709228],
						[4.766997, 44.709453],
						[4.766832, 44.709782]
					],
					[
						[4.766719, 44.701735],
						[4.766877, 44.701788]
					],
					[
						[4.768565, 44.699132],
						[4.768622, 44.699164]
					],
					[
						[4.768293, 44.699046],
						[4.768565, 44.699132]
					],
					[
						[5.940621, 46.103362],
						[5.940636, 46.104269]
					],
					[
						[4.81831, 45.7188],
						[4.818371, 45.718556]
					],
					[
						[4.818252, 45.718883],
						[4.81831, 45.7188]
					],
					[
						[5.973481, 46.150032],
						[5.973278, 46.149841],
						[5.972713, 46.149499]
					],
					[
						[6.444011, 46.363836],
						[6.443289, 46.363841],
						[6.443021, 46.363765],
						[6.441658, 46.36303],
						[6.441443, 46.362857]
					],
					[
						[6.444011, 46.363836],
						[6.444094, 46.363929]
					],
					[
						[6.444094, 46.363929],
						[6.444103, 46.363961]
					],
					[
						[6.444133, 46.36409],
						[6.444247, 46.364168],
						[6.444381, 46.364191],
						[6.444967, 46.364086],
						[6.445562, 46.363639],
						[6.44573, 46.363592],
						[6.447023, 46.363979],
						[6.447474, 46.363988],
						[6.447643, 46.363961],
						[6.447621, 46.363915]
					],
					[
						[6.356877, 46.342048],
						[6.357838, 46.342942],
						[6.357968, 46.343142],
						[6.358055, 46.344506],
						[6.35796, 46.345369],
						[6.358066, 46.345509],
						[6.358061, 46.34559]
					],
					[
						[6.357905, 46.345849],
						[6.357775, 46.34582],
						[6.35762, 46.34589],
						[6.356928, 46.346869],
						[6.356205, 46.349458]
					],
					[
						[6.289156, 46.348268],
						[6.288529, 46.347802],
						[6.285927, 46.346635],
						[6.285627, 46.34643],
						[6.284148, 46.344148]
					],
					[
						[6.267881, 46.32513],
						[6.267848, 46.325071],
						[6.268715, 46.322623]
					],
					[
						[6.267325, 46.31768],
						[6.268078, 46.318437],
						[6.268986, 46.319223],
						[6.269176, 46.319477],
						[6.269418, 46.320003],
						[6.269474, 46.320402],
						[6.269414, 46.320832],
						[6.268837, 46.322445],
						[6.268715, 46.322623]
					],
					[
						[6.266377, 46.316995],
						[6.266633, 46.317034]
					],
					[
						[6.251242, 46.306333],
						[6.251566, 46.306423],
						[6.251961, 46.30644],
						[6.253334, 46.306113],
						[6.253778, 46.306098],
						[6.254627, 46.306351],
						[6.255683, 46.306797],
						[6.25618, 46.307177],
						[6.257054, 46.308182],
						[6.259617, 46.309765],
						[6.261007, 46.310827],
						[6.261505, 46.311274],
						[6.262216, 46.312065],
						[6.2624, 46.312129],
						[6.265218, 46.314793]
					],
					[
						[5.932624, 46.10321],
						[5.932727, 46.103232],
						[5.933834, 46.102833],
						[5.934322, 46.102719],
						[5.934437, 46.102734]
					],
					[
						[5.934437, 46.102734],
						[5.934537, 46.102794],
						[5.934745, 46.1027]
					],
					[
						[4.817838, 45.644701],
						[4.817805, 45.644677]
					],
					[
						[4.765111, 44.711562],
						[4.765148, 44.711519]
					],
					[
						[4.816521, 45.075241],
						[4.816504, 45.075267]
					],
					[
						[4.817267, 45.074203],
						[4.816521, 45.075241]
					],
					[
						[4.822214, 45.072671],
						[4.822161, 45.072648],
						[4.822017, 45.072697],
						[4.821945, 45.072634],
						[4.82168, 45.072595],
						[4.818318, 45.073583],
						[4.817703, 45.073813],
						[4.817267, 45.074203]
					],
					[
						[4.812542, 45.141368],
						[4.812512, 45.141157]
					],
					[
						[4.812542, 45.141368],
						[4.812777, 45.141455]
					],
					[
						[4.808831, 45.138635],
						[4.809316, 45.138861],
						[4.810819, 45.139842],
						[4.812512, 45.141157]
					],
					[
						[4.807836, 45.13833],
						[4.807362, 45.138245],
						[4.807039, 45.138083],
						[4.806478, 45.137706],
						[4.806379, 45.137576]
					],
					[
						[4.80155, 45.121281],
						[4.801784, 45.120823]
					],
					[
						[4.801485, 45.121528],
						[4.80155, 45.121281]
					],
					[
						[4.748366, 43.419939],
						[4.748457, 43.420331],
						[4.748388, 43.420424]
					],
					[
						[4.623339, 43.67213],
						[4.623184, 43.672145],
						[4.621658, 43.673495],
						[4.621397, 43.673477],
						[4.621051, 43.673722],
						[4.621014, 43.673799],
						[4.621062, 43.673876],
						[4.621388, 43.673979]
					],
					[
						[5.770531, 45.770282],
						[5.770782, 45.771322],
						[5.770858, 45.771444],
						[5.771174, 45.771593],
						[5.771633, 45.771731]
					],
					[
						[5.038929, 45.798804],
						[5.039018, 45.798758]
					],
					[
						[4.620903, 43.674022],
						[4.620626, 43.674068],
						[4.620433, 43.67416],
						[4.619349, 43.674939]
					],
					[
						[4.614915, 43.687308],
						[4.614796, 43.687355],
						[4.614572, 43.68771]
					],
					[
						[4.614572, 43.68771],
						[4.614177, 43.687507]
					],
					[
						[5.009877, 45.787447],
						[5.01066, 45.787427],
						[5.011222, 45.787364],
						[5.011774, 45.787422],
						[5.012434, 45.787356]
					],
					[
						[4.956139, 45.777211],
						[4.954193, 45.776421]
					],
					[
						[4.951107, 45.775104],
						[4.952008, 45.775466]
					],
					[
						[4.897914, 45.778483],
						[4.898566, 45.777701]
					],
					[
						[4.808253, 43.383891],
						[4.808425, 43.383946]
					],
					[
						[4.807973, 43.38373],
						[4.808253, 43.383891]
					],
					[
						[4.241785, 43.606561],
						[4.242287, 43.607],
						[4.253499, 43.615141]
					],
					[
						[4.241519, 43.606368],
						[4.241785, 43.606561]
					],
					[
						[4.209452, 43.585952],
						[4.209675, 43.585984]
					],
					[
						[3.72272, 43.42088],
						[3.722734, 43.421035]
					],
					[
						[6.012465, 46.187642],
						[6.01222, 46.187714],
						[6.011542, 46.188147],
						[6.010908, 46.188671],
						[6.010686, 46.188702],
						[6.010586, 46.188625],
						[6.010608, 46.188509],
						[6.011067, 46.188096]
					],
					[
						[6.013858, 46.189778],
						[6.01376, 46.189366],
						[6.013739, 46.188915]
					],
					[
						[5.547553, 45.711045],
						[5.547771, 45.711338]
					],
					[
						[5.547472, 45.710928],
						[5.547553, 45.711045]
					],
					[
						[5.432825, 45.774141],
						[5.433257, 45.775093],
						[5.433332, 45.775593]
					],
					[
						[5.432695, 45.773932],
						[5.432825, 45.774141]
					],
					[
						[4.754678, 44.099938],
						[4.752097, 44.10026],
						[4.751302, 44.100482],
						[4.750896, 44.100463],
						[4.750678, 44.100389],
						[4.749879, 44.099898],
						[4.74885, 44.098958]
					],
					[
						[6.00126, 46.170153],
						[6.001163, 46.169939],
						[6.001283, 46.169758]
					],
					[
						[6.005579, 46.173378],
						[6.005564, 46.173062],
						[6.005265, 46.172736],
						[6.002535, 46.171308]
					],
					[
						[6.000381, 46.175421],
						[6.000319, 46.175358],
						[6.00017, 46.175351],
						[5.998904, 46.175557]
					],
					[
						[6.006921, 46.180486],
						[6.006633, 46.179669]
					],
					[
						[6.008462, 46.184908],
						[6.007975, 46.183951]
					],
					[
						[6.005464, 46.173721],
						[6.005579, 46.173378]
					],
					[
						[6.231411, 46.279527],
						[6.234226, 46.28155]
					],
					[
						[6.227722, 46.276039],
						[6.228563, 46.277421]
					],
					[
						[6.227063, 46.275312],
						[6.227558, 46.275808],
						[6.227722, 46.276039]
					],
					[
						[6.234226, 46.28155],
						[6.234901, 46.282018]
					],
					[
						[6.226862, 46.27507],
						[6.226448, 46.274034]
					],
					[
						[4.74885, 44.098958],
						[4.748161, 44.09822],
						[4.747221, 44.097726]
					],
					[
						[4.815751, 45.729258],
						[4.81596, 45.729403]
					],
					[
						[4.843941, 45.778392],
						[4.843718, 45.778045]
					],
					[
						[4.765695, 44.710852],
						[4.765752, 44.710759],
						[4.766102, 44.7106]
					],
					[
						[4.766877, 44.701788],
						[4.766906, 44.701907],
						[4.766591, 44.702518],
						[4.76734, 44.702708],
						[4.767398, 44.702802],
						[4.767031, 44.703189],
						[4.76685, 44.703794],
						[4.766766, 44.704435],
						[4.766876, 44.704897]
					],
					[
						[4.772147, 44.680104],
						[4.772201, 44.680189],
						[4.772288, 44.681432],
						[4.772516, 44.68245],
						[4.772362, 44.684278],
						[4.772545, 44.686279],
						[4.77269, 44.686277],
						[4.772954, 44.690489],
						[4.772904, 44.691494],
						[4.772609, 44.6924],
						[4.772285, 44.693225],
						[4.772127, 44.693263],
						[4.771683, 44.693966]
					],
					[
						[4.769677, 44.697365],
						[4.769017, 44.698443],
						[4.768862, 44.698848],
						[4.768622, 44.699164]
					],
					[
						[4.768242, 44.699031],
						[4.766823, 44.701419],
						[4.766637, 44.701568]
					],
					[
						[4.771616, 44.694088],
						[4.770883, 44.695422],
						[4.769718, 44.697288]
					],
					[
						[4.771683, 44.693966],
						[4.771616, 44.694088]
					],
					[
						[4.772255, 44.679592],
						[4.772212, 44.679776]
					],
					[
						[4.76764, 44.706814],
						[4.767549, 44.706232]
					],
					[
						[4.768242, 44.699031],
						[4.768293, 44.699046]
					],
					[
						[4.769718, 44.697288],
						[4.769677, 44.697365]
					],
					[
						[4.772212, 44.679776],
						[4.772147, 44.680104]
					],
					[
						[4.772449, 44.679456],
						[4.772318, 44.679496],
						[4.772255, 44.679592]
					],
					[
						[4.766637, 44.701568],
						[4.766719, 44.701735]
					],
					[
						[4.772449, 44.679456],
						[4.773261, 44.679515],
						[4.774062, 44.679347],
						[4.774903, 44.679273]
					],
					[
						[4.756805, 44.730085],
						[4.756944, 44.730328]
					],
					[
						[4.756944, 44.730328],
						[4.757183, 44.730908]
					],
					[
						[4.757183, 44.730908],
						[4.75713, 44.731101],
						[4.756975, 44.731274],
						[4.7569, 44.731282]
					],
					[
						[4.746698, 44.731999],
						[4.746968, 44.731939]
					],
					[
						[4.759666, 44.716073],
						[4.756771, 44.717734]
					],
					[
						[4.869383, 44.906437],
						[4.871539, 44.905072]
					],
					[
						[4.870279, 44.905835],
						[4.870502, 44.906022]
					],
					[
						[4.864368, 44.9096],
						[4.869383, 44.906437]
					],
					[
						[4.869541, 44.906563],
						[4.864523, 44.909726]
					],
					[
						[5.931865, 46.103179],
						[5.931779, 46.103094],
						[5.931906, 46.103033],
						[5.931991, 46.103112],
						[5.931865, 46.103179]
					],
					[
						[5.931984, 46.103133],
						[5.932566, 46.103227]
					],
					[
						[6.304645, 46.363459],
						[6.304494, 46.363536]
					],
					[
						[6.288394, 46.349799],
						[6.288227, 46.349923]
					],
					[
						[6.37811, 46.329542],
						[6.378166, 46.329668]
					],
					[
						[6.388807, 46.330403],
						[6.389744, 46.331251]
					],
					[
						[3.975458, 43.54811],
						[3.97454, 43.547815]
					],
					[
						[4.189631, 43.568876],
						[4.189741, 43.568884]
					],
					[
						[4.189839, 43.569029],
						[4.189681, 43.569089]
					],
					[
						[5.705535, 45.67789],
						[5.705105, 45.677584],
						[5.701828, 45.675626],
						[5.699821, 45.674055],
						[5.699784, 45.673895]
					],
					[
						[4.849248, 45.041958],
						[4.847836, 45.040943],
						[4.846916, 45.04015],
						[4.845948, 45.039111],
						[4.844243, 45.03714],
						[4.84353, 45.036264],
						[4.843105, 45.035569],
						[4.842635, 45.034681],
						[4.842328, 45.033909],
						[4.842016, 45.032658],
						[4.841911, 45.031765],
						[4.841947, 45.030432],
						[4.842085, 45.029599],
						[4.842255, 45.028884],
						[4.842939, 45.027318],
						[4.843393, 45.026522],
						[4.844053, 45.025664],
						[4.84525, 45.024413],
						[4.852744, 45.016928],
						[4.853923, 45.015655],
						[4.854386, 45.015073]
					],
					[
						[4.715617, 44.128152],
						[4.715657, 44.127967],
						[4.716203, 44.127863],
						[4.716278, 44.127784],
						[4.716247, 44.127067],
						[4.716323, 44.123787],
						[4.716428, 44.122951],
						[4.716541, 44.122524],
						[4.717726, 44.119382],
						[4.717777, 44.118962],
						[4.718861, 44.116048],
						[4.7194, 44.114417],
						[4.72029, 44.112134],
						[4.720529, 44.112085],
						[4.72056, 44.112042],
						[4.720741, 44.111259],
						[4.721397, 44.11005],
						[4.721868, 44.109504],
						[4.722608, 44.108885],
						[4.726792, 44.105672],
						[4.72731, 44.105042],
						[4.727624, 44.104403],
						[4.727726, 44.103933],
						[4.727747, 44.103338],
						[4.727599, 44.102654],
						[4.727436, 44.102267],
						[4.726371, 44.100423],
						[4.726233, 44.100025],
						[4.726328, 44.099767],
						[4.72614, 44.099106],
						[4.726051, 44.098433],
						[4.726078, 44.09684]
					],
					[
						[4.739418, 43.927593],
						[4.740464, 43.928142],
						[4.742913, 43.93031],
						[4.74333, 43.930708],
						[4.743581, 43.931138],
						[4.743892, 43.931518],
						[4.744404, 43.931968],
						[4.744606, 43.932434],
						[4.744734, 43.932585],
						[4.745845, 43.933365],
						[4.746888, 43.934018],
						[4.748723, 43.935014]
					],
					[
						[4.696254, 43.89957],
						[4.696369, 43.899501]
					],
					[
						[4.686869, 43.889761],
						[4.688127, 43.891441],
						[4.689485, 43.893122]
					],
					[
						[4.630105, 43.88978],
						[4.629133, 43.890818],
						[4.628422, 43.891845],
						[4.627296, 43.893088],
						[4.627084, 43.893194],
						[4.626792, 43.893265],
						[4.625644, 43.893304],
						[4.625504, 43.893345]
					],
					[
						[4.601952, 43.867514],
						[4.602387, 43.867616],
						[4.603068, 43.868022],
						[4.603323, 43.868112]
					],
					[
						[4.591535, 43.87191],
						[4.59268, 43.871108],
						[4.592859, 43.870831],
						[4.594533, 43.869753],
						[4.595522, 43.868918],
						[4.596025, 43.868344],
						[4.596303, 43.868189],
						[4.59687, 43.867997],
						[4.598311, 43.867883],
						[4.599112, 43.867674],
						[4.600383, 43.867436],
						[4.601547, 43.867456],
						[4.601952, 43.867514]
					],
					[
						[4.591419, 43.872957],
						[4.591459, 43.872773],
						[4.591419, 43.872315],
						[4.591535, 43.87191]
					],
					[
						[4.59163, 43.874241],
						[4.591419, 43.872957]
					],
					[
						[4.591533, 43.875064],
						[4.592159, 43.875653]
					],
					[
						[4.592803, 43.878604],
						[4.592699, 43.878644]
					],
					[
						[4.603323, 43.868112],
						[4.607617, 43.871243]
					],
					[
						[4.591053, 43.878864],
						[4.592587, 43.878626],
						[4.592699, 43.878644]
					],
					[
						[4.630224, 43.889646],
						[4.630105, 43.88978]
					],
					[
						[3.797298, 43.490286],
						[3.795917, 43.490894],
						[3.795752, 43.491007],
						[3.795939, 43.491261],
						[3.796411, 43.491676],
						[3.795988, 43.492287]
					],
					[
						[3.798567, 43.489904],
						[3.798367, 43.490034],
						[3.797298, 43.490286]
					],
					[
						[4.581221, 43.864404],
						[4.581395, 43.864547],
						[4.581619, 43.8649],
						[4.58315, 43.865987],
						[4.583917, 43.866415]
					],
					[
						[4.627339, 43.822942],
						[4.62638, 43.825066]
					],
					[
						[4.648339, 43.805101],
						[4.646921, 43.805306],
						[4.646778, 43.805243]
					],
					[
						[6.508511, 46.382879],
						[6.508208, 46.382891]
					],
					[
						[6.504254, 46.382688],
						[6.50326, 46.382493]
					],
					[
						[5.298723, 45.812385],
						[5.297855, 45.81173],
						[5.2978, 45.811596],
						[5.297943, 45.811525]
					],
					[
						[5.29597, 45.815313],
						[5.295971, 45.815208],
						[5.295348, 45.814479],
						[5.295322, 45.814318],
						[5.295418, 45.81421],
						[5.296743, 45.813694],
						[5.29666, 45.813591],
						[5.29681, 45.813502],
						[5.296853, 45.813415],
						[5.296802, 45.813301],
						[5.296885, 45.813247],
						[5.296966, 45.813221],
						[5.297156, 45.813323],
						[5.297344, 45.813324],
						[5.29802, 45.813084],
						[5.298358, 45.812748],
						[5.298465, 45.812531],
						[5.298701, 45.812435],
						[5.298723, 45.812385]
					],
					[
						[4.760221, 45.458507],
						[4.759777, 45.458321]
					],
					[
						[4.779423, 45.464537],
						[4.779397, 45.46485]
					],
					[
						[4.766881, 45.458011],
						[4.767294, 45.457945]
					],
					[
						[6.31808, 46.364235],
						[6.317162, 46.364873],
						[6.316928, 46.364982],
						[6.316087, 46.365152],
						[6.31495, 46.365551],
						[6.313695, 46.365692],
						[6.313601, 46.365771],
						[6.313413, 46.366158]
					],
					[
						[5.899291, 46.092371],
						[5.900069, 46.09115],
						[5.900241, 46.090334],
						[5.900142, 46.08969],
						[5.900262, 46.08841],
						[5.899894, 46.0873],
						[5.899852, 46.086368],
						[5.900055, 46.085786],
						[5.900044, 46.085498],
						[5.900393, 46.085178],
						[5.901133, 46.084776]
					],
					[
						[3.696601, 43.401514],
						[3.696071, 43.399616],
						[3.696113, 43.399216]
					],
					[
						[3.696654, 43.401691],
						[3.696601, 43.401514]
					],
					[
						[3.696891, 43.403338],
						[3.696953, 43.403011]
					],
					[
						[4.877469, 43.356198],
						[4.87744, 43.356312]
					],
					[
						[4.879237, 43.353028],
						[4.878898, 43.353255],
						[4.878871, 43.353349],
						[4.878973, 43.353493],
						[4.878829, 43.35368],
						[4.878711, 43.353694],
						[4.878033, 43.354609],
						[4.877632, 43.355537],
						[4.877469, 43.356198]
					],
					[
						[4.092178, 43.563433],
						[4.092128, 43.562977]
					],
					[
						[4.935027, 45.771599],
						[4.935283, 45.771684]
					],
					[
						[4.935283, 45.771684],
						[4.935679, 45.772018],
						[4.936177, 45.772271]
					],
					[
						[6.581477, 46.399527],
						[6.581245, 46.399467]
					],
					[
						[6.581245, 46.399467],
						[6.58098, 46.399389]
					],
					[
						[6.64292, 46.405376],
						[6.642014, 46.405269],
						[6.639276, 46.405091],
						[6.638401, 46.405144],
						[6.636911, 46.405421],
						[6.636495, 46.40546],
						[6.635962, 46.405435],
						[6.634782, 46.405261]
					],
					[
						[6.649894, 46.405673],
						[6.648735, 46.405796],
						[6.645026, 46.405671],
						[6.64432, 46.405622],
						[6.64292, 46.405376]
					],
					[
						[4.099042, 43.557511],
						[4.099224, 43.557381],
						[4.099372, 43.557122]
					],
					[
						[5.207371, 45.768348],
						[5.206945, 45.768372],
						[5.206591, 45.76847],
						[5.206243, 45.768732],
						[5.206131, 45.768758]
					],
					[
						[5.819687, 45.851594],
						[5.816502, 45.852148]
					],
					[
						[5.472886, 45.672772],
						[5.472786, 45.672716],
						[5.471301, 45.672818],
						[5.47124, 45.672678],
						[5.470887, 45.672481],
						[5.470679, 45.672492],
						[5.470678, 45.672606],
						[5.470531, 45.672642]
					],
					[
						[5.482382, 45.673378],
						[5.482612, 45.673279]
					],
					[
						[5.425048, 45.749804],
						[5.425117, 45.749918],
						[5.425076, 45.750264],
						[5.425503, 45.753449],
						[5.425572, 45.754523],
						[5.4258, 45.755278],
						[5.426036, 45.755579],
						[5.426619, 45.755951],
						[5.427238, 45.756172]
					],
					[
						[5.427238, 45.756172],
						[5.426943, 45.756271],
						[5.426761, 45.756408],
						[5.426691, 45.756614],
						[5.426514, 45.75748],
						[5.426431, 45.75858],
						[5.426133, 45.760165],
						[5.426023, 45.760281],
						[5.425095, 45.760794],
						[5.424659, 45.761238]
					],
					[
						[4.623339, 43.67213],
						[4.623276, 43.671998]
					],
					[
						[4.620903, 43.674022],
						[4.621388, 43.673979]
					],
					[
						[4.615723, 43.68186],
						[4.615484, 43.68189]
					],
					[
						[4.615211, 43.683804],
						[4.615446, 43.683807]
					],
					[
						[4.816682, 45.07533],
						[4.818072, 45.075722]
					],
					[
						[4.058567, 43.558903],
						[4.058569, 43.558928]
					],
					[
						[4.034045, 43.556873],
						[4.03438, 43.556885]
					],
					[
						[4.007782, 43.552773],
						[4.009589, 43.553244]
					],
					[
						[4.191662, 43.570238],
						[4.192025, 43.570501]
					],
					[
						[4.618959, 43.869052],
						[4.61928, 43.868669],
						[4.620146, 43.868358]
					],
					[
						[4.618725, 43.869127],
						[4.618959, 43.869052]
					],
					[
						[5.980006, 46.155195],
						[5.979538, 46.154922],
						[5.978969, 46.154504],
						[5.977278, 46.152814],
						[5.97608, 46.151915],
						[5.976034, 46.151812]
					],
					[
						[5.932566, 46.103227],
						[5.932624, 46.10321]
					],
					[
						[6.10351, 46.182569],
						[6.103419, 46.182727]
					],
					[
						[6.103212, 46.182515],
						[6.10351, 46.182569]
					],
					[
						[6.214435, 46.25435],
						[6.215079, 46.254223]
					],
					[
						[6.188965, 46.230197],
						[6.188697, 46.230041],
						[6.188193, 46.229583],
						[6.187242, 46.228892]
					],
					[
						[4.822779, 45.700585],
						[4.822732, 45.700577]
					],
					[
						[6.392533, 46.33441],
						[6.38763, 46.333412]
					],
					[
						[6.377261, 46.328987],
						[6.377799, 46.32903]
					],
					[
						[6.372072, 46.330308],
						[6.372228, 46.330446],
						[6.372292, 46.330598]
					],
					[
						[6.371241, 46.330781],
						[6.371867, 46.330726]
					],
					[
						[6.357305, 46.340692],
						[6.359363, 46.33815]
					],
					[
						[6.283621, 46.343736],
						[6.283894, 46.343946]
					],
					[
						[6.557911, 46.393139],
						[6.55774, 46.393089]
					],
					[
						[6.531876, 46.395021],
						[6.531615, 46.39505]
					],
					[
						[6.52765, 46.394455],
						[6.527666, 46.394041]
					],
					[
						[6.527554, 46.395747],
						[6.527502, 46.395615],
						[6.52765, 46.394455]
					],
					[
						[6.480922, 46.378546],
						[6.481104, 46.378906]
					],
					[
						[6.47557, 46.373786],
						[6.474309, 46.373264]
					],
					[
						[5.338446, 45.868141],
						[5.337968, 45.867583],
						[5.337728, 45.867072]
					],
					[
						[4.822343, 45.731728],
						[4.822232, 45.731743]
					],
					[
						[4.82231, 45.73169],
						[4.822343, 45.731728]
					],
					[
						[4.821235, 45.731642],
						[4.821199, 45.731193]
					],
					[
						[4.779883, 45.580168],
						[4.779443, 45.580383],
						[4.778827, 45.580799]
					],
					[
						[4.778879, 45.580841],
						[4.778827, 45.580799]
					],
					[
						[4.781711, 45.582837],
						[4.7809, 45.58227]
					],
					[
						[4.790302, 45.594009],
						[4.790329, 45.594056]
					],
					[
						[4.796933, 45.600449],
						[4.794859, 45.597983]
					],
					[
						[4.797502, 45.600866],
						[4.797136, 45.600707],
						[4.797015, 45.600554]
					],
					[
						[4.810071, 45.611322],
						[4.810017, 45.611092]
					],
					[
						[4.808376, 45.611964],
						[4.808627, 45.612167]
					],
					[
						[4.808916, 45.615279],
						[4.808974, 45.615217]
					],
					[
						[4.814904, 45.629211],
						[4.815019, 45.629343]
					],
					[
						[4.81546, 45.630117],
						[4.815523, 45.63031]
					],
					[
						[4.816465, 45.631886],
						[4.816679, 45.632014]
					],
					[
						[4.816679, 45.632014],
						[4.816811, 45.632245]
					],
					[
						[4.825797, 45.642734],
						[4.825956, 45.642678],
						[4.826171, 45.642678]
					],
					[
						[4.850992, 45.013504],
						[4.850923, 45.013627]
					],
					[
						[4.849352, 45.017664],
						[4.85006, 45.017138],
						[4.850952, 45.01633],
						[4.85207, 45.015148],
						[4.852686, 45.014397]
					],
					[
						[4.852145, 45.014204],
						[4.852686, 45.014397]
					],
					[
						[4.802451, 43.950394],
						[4.802399, 43.950516],
						[4.802497, 43.950707]
					],
					[
						[4.6293, 43.820471],
						[4.630904, 43.819921],
						[4.633062, 43.819353],
						[4.634581, 43.818855],
						[4.637011, 43.81816],
						[4.638051, 43.818041],
						[4.638657, 43.817796]
					],
					[
						[4.784468, 44.801638],
						[4.784523, 44.80166]
					],
					[
						[4.782751, 44.800543],
						[4.782859, 44.800486],
						[4.782975, 44.800551],
						[4.784468, 44.801638]
					],
					[
						[4.794056, 44.805121],
						[4.79417, 44.805242]
					],
					[
						[4.784523, 44.80166],
						[4.784778, 44.801823],
						[4.785541, 44.802134],
						[4.787794, 44.80296],
						[4.788371, 44.803072],
						[4.789186, 44.803322],
						[4.79092, 44.803983],
						[4.791334, 44.803971],
						[4.791586, 44.804043],
						[4.792292, 44.804351],
						[4.79255, 44.804555],
						[4.79284, 44.804565],
						[4.793076, 44.804629],
						[4.793454, 44.804919],
						[4.794056, 44.805121]
					],
					[
						[4.791025, 44.055947],
						[4.791288, 44.056007]
					],
					[
						[4.79087, 44.055862],
						[4.791025, 44.055947]
					],
					[
						[5.948107, 46.107411],
						[5.948629, 46.107294],
						[5.949292, 46.107221]
					],
					[
						[4.712813, 44.58144],
						[4.712896, 44.581386]
					],
					[
						[4.710223, 44.583291],
						[4.710311, 44.583233]
					],
					[
						[4.712168, 44.585535],
						[4.712266, 44.585575]
					],
					[
						[4.705956, 44.587132],
						[4.707109, 44.586247],
						[4.708324, 44.586154],
						[4.709421, 44.586163],
						[4.70957, 44.586135],
						[4.70971, 44.586013]
					],
					[
						[4.707949, 44.503055],
						[4.707739, 44.502929]
					],
					[
						[4.708016, 44.503096],
						[4.707949, 44.503055]
					],
					[
						[4.648613, 43.804607],
						[4.648657, 43.804748]
					],
					[
						[4.648657, 43.804748],
						[4.64871, 43.804969]
					],
					[
						[6.402974, 46.349589],
						[6.402867, 46.349482]
					],
					[
						[6.403026, 46.349668],
						[6.402974, 46.349589]
					],
					[
						[6.402961, 46.349341],
						[6.403166, 46.349335]
					],
					[
						[6.402598, 46.349332],
						[6.402842, 46.349351]
					],
					[
						[6.402806, 46.349433],
						[6.402598, 46.349332]
					],
					[
						[4.788145, 45.308695],
						[4.788377, 45.308609]
					],
					[
						[4.786103, 45.310327],
						[4.785984, 45.310167],
						[4.786032, 45.310081],
						[4.787915, 45.308798],
						[4.788145, 45.308695]
					],
					[
						[4.767294, 45.457945],
						[4.768167, 45.457804],
						[4.768358, 45.457829]
					],
					[
						[4.810726, 45.486473],
						[4.811524, 45.486868]
					],
					[
						[4.819464, 45.492865],
						[4.81993, 45.493062]
					],
					[
						[4.783341, 45.479489],
						[4.78358, 45.479577],
						[4.783939, 45.479576]
					],
					[
						[4.793507, 45.57177],
						[4.793408, 45.571673]
					],
					[
						[4.794071, 45.572027],
						[4.794371, 45.572127]
					],
					[
						[4.854733, 45.538685],
						[4.854841, 45.539162],
						[4.854805, 45.539219],
						[4.854572, 45.539284],
						[4.853463, 45.53945],
						[4.845747, 45.540303],
						[4.843689, 45.540627],
						[4.840049, 45.541406]
					],
					[
						[4.855866, 45.514073],
						[4.856517, 45.514465],
						[4.857322, 45.515078],
						[4.860331, 45.517482]
					],
					[
						[4.838933, 45.501488],
						[4.839851, 45.50195],
						[4.840337, 45.502254]
					],
					[
						[4.768358, 45.457829],
						[4.768385, 45.457834]
					],
					[
						[4.889871, 44.936303],
						[4.88987, 44.936997]
					],
					[
						[6.14143, 46.208467],
						[6.142286, 46.208259]
					],
					[
						[6.14252, 46.208058],
						[6.142555, 46.208204]
					],
					[
						[6.142555, 46.208204],
						[6.1426, 46.208349]
					],
					[
						[6.14208, 46.207104],
						[6.141994, 46.207088]
					],
					[
						[4.816312, 45.732013],
						[4.815143, 45.730624]
					],
					[
						[4.815143, 45.730624],
						[4.815086, 45.73055]
					],
					[
						[4.910072, 45.768858],
						[4.910422, 45.768845]
					],
					[
						[6.013739, 46.188915],
						[6.013674, 46.188506]
					],
					[
						[6.377853, 46.329166],
						[6.37796, 46.329346]
					],
					[
						[6.358271, 46.333083],
						[6.359322, 46.33266],
						[6.360656, 46.332661]
					],
					[
						[6.361443, 46.332437],
						[6.362691, 46.331913],
						[6.363803, 46.331617],
						[6.364347, 46.3314],
						[6.365264, 46.331451],
						[6.366512, 46.3317]
					],
					[
						[6.357003, 46.341072],
						[6.357113, 46.340933]
					],
					[
						[6.349012, 46.359776],
						[6.34857, 46.360526],
						[6.347375, 46.363601]
					],
					[
						[6.295829, 46.356894],
						[6.297095, 46.357807],
						[6.298135, 46.358697],
						[6.299011, 46.359136],
						[6.300112, 46.360049],
						[6.300899, 46.360563],
						[6.302281, 46.361579],
						[6.302914, 46.362485],
						[6.303809, 46.363092],
						[6.304097, 46.363448],
						[6.304278, 46.363545]
					],
					[
						[6.283279, 46.343497],
						[6.282036, 46.342514]
					],
					[
						[6.282036, 46.342514],
						[6.280373, 46.341188]
					],
					[
						[6.280373, 46.341188],
						[6.279285, 46.340323],
						[6.278779, 46.339807],
						[6.277021, 46.336649]
					],
					[
						[6.274006, 46.332526],
						[6.274483, 46.332878]
					],
					[
						[6.270833, 46.330341],
						[6.270612, 46.330131]
					],
					[
						[6.270194, 46.329658],
						[6.26975, 46.329151]
					],
					[
						[6.269573, 46.328949],
						[6.26937, 46.32873]
					],
					[
						[6.26937, 46.32873],
						[6.268948, 46.328416],
						[6.268343, 46.328117]
					],
					[
						[6.267859, 46.327545],
						[6.267518, 46.327091],
						[6.267514, 46.326993]
					],
					[
						[6.267836, 46.325286],
						[6.267881, 46.32513]
					],
					[
						[6.558331, 46.393271],
						[6.557911, 46.393139]
					],
					[
						[6.544758, 46.393503],
						[6.54461, 46.393533]
					],
					[
						[6.480846, 46.378126],
						[6.480668, 46.377773],
						[6.480438, 46.377508],
						[6.479709, 46.377164]
					],
					[
						[6.475997, 46.373988],
						[6.475761, 46.373873]
					],
					[
						[6.477281, 46.374615],
						[6.475997, 46.373988]
					],
					[
						[6.42901, 46.35719],
						[6.428845, 46.357423],
						[6.428759, 46.357798]
					],
					[
						[5.970564, 46.144872],
						[5.970972, 46.144417]
					],
					[
						[5.969953, 46.146344],
						[5.970241, 46.145987],
						[5.970345, 46.14549],
						[5.970564, 46.144872]
					],
					[
						[5.871173, 46.061681],
						[5.867501, 46.061485]
					],
					[
						[5.88504, 46.062444],
						[5.879912, 46.062161]
					],
					[
						[5.888101, 46.062618],
						[5.886182, 46.062507]
					],
					[
						[5.893189, 46.063752],
						[5.891651, 46.063366]
					],
					[
						[5.893242, 46.063767],
						[5.893189, 46.063752]
					],
					[
						[5.897416, 46.068458],
						[5.897449, 46.06807]
					],
					[
						[5.886182, 46.062507],
						[5.88504, 46.062444]
					],
					[
						[5.897449, 46.06807],
						[5.897516, 46.067774],
						[5.89782, 46.06724],
						[5.8979, 46.066985],
						[5.897586, 46.065469],
						[5.897386, 46.065277],
						[5.896438, 46.064656],
						[5.896102, 46.064512],
						[5.895261, 46.064278]
					],
					[
						[5.901644, 46.077285],
						[5.901253, 46.076603]
					],
					[
						[5.901572, 46.08009],
						[5.901496, 46.079545]
					],
					[
						[5.901687, 46.080396],
						[5.901572, 46.08009]
					],
					[
						[5.901794, 46.080663],
						[5.901687, 46.080396]
					],
					[
						[5.901496, 46.079545],
						[5.901735, 46.077772],
						[5.901644, 46.077285]
					],
					[
						[5.901133, 46.084776],
						[5.901592, 46.084498],
						[5.901718, 46.08427],
						[5.901705, 46.08401],
						[5.901439, 46.083653]
					],
					[
						[5.898534, 46.094981],
						[5.898524, 46.094322],
						[5.89899, 46.09346],
						[5.89905, 46.092826],
						[5.899291, 46.092371]
					],
					[
						[5.894541, 46.103157],
						[5.894913, 46.102775],
						[5.895332, 46.102503],
						[5.89548, 46.102349],
						[5.896041, 46.101466],
						[5.896562, 46.100928],
						[5.896832, 46.100402],
						[5.897979, 46.098731],
						[5.898078, 46.098466],
						[5.898134, 46.097747],
						[5.898469, 46.097063],
						[5.898649, 46.096387],
						[5.898534, 46.094981]
					],
					[
						[5.891936, 46.105483],
						[5.893158, 46.104374]
					],
					[
						[5.893158, 46.104374],
						[5.89356, 46.103977],
						[5.894081, 46.10363],
						[5.894541, 46.103157]
					],
					[
						[5.890357, 46.108048],
						[5.890224, 46.107397],
						[5.890287, 46.107063],
						[5.890845, 46.106424],
						[5.891936, 46.105483]
					],
					[
						[5.891633, 46.11138],
						[5.891512, 46.110812],
						[5.890825, 46.109159],
						[5.890485, 46.10857],
						[5.890357, 46.108048]
					],
					[
						[5.893165, 46.116041],
						[5.892982, 46.114669],
						[5.892253, 46.11367],
						[5.892172, 46.112852],
						[5.891802, 46.11211],
						[5.891633, 46.11138]
					],
					[
						[5.911842, 46.110363],
						[5.911525, 46.110415]
					],
					[
						[5.912111, 46.110313],
						[5.911842, 46.110363]
					],
					[
						[5.893764, 46.117141],
						[5.893275, 46.116437],
						[5.893165, 46.116041]
					],
					[
						[5.913145, 46.110124],
						[5.912541, 46.110232]
					],
					[
						[5.914038, 46.109955],
						[5.913145, 46.110124]
					],
					[
						[5.914203, 46.109914],
						[5.914038, 46.109955]
					],
					[
						[5.914683, 46.109744],
						[5.914203, 46.109914]
					],
					[
						[5.916582, 46.108739],
						[5.914683, 46.109744]
					],
					[
						[5.917113, 46.10843],
						[5.916582, 46.108739]
					],
					[
						[5.922971, 46.104586],
						[5.922428, 46.104941]
					],
					[
						[5.925613, 46.102844],
						[5.922971, 46.104586]
					],
					[
						[5.918297, 46.107662],
						[5.917113, 46.10843]
					],
					[
						[5.931122, 46.101483],
						[5.93079, 46.101432]
					],
					[
						[5.927408, 46.101919],
						[5.926609, 46.102175]
					],
					[
						[5.928105, 46.101757],
						[5.927729, 46.10184]
					],
					[
						[5.929066, 46.101567],
						[5.928105, 46.101757]
					],
					[
						[5.929398, 46.101537],
						[5.929066, 46.101567]
					],
					[
						[5.964061, 46.112673],
						[5.96421, 46.11251],
						[5.964687, 46.111609]
					],
					[
						[5.963895, 46.111129],
						[5.964569, 46.111527]
					],
					[
						[5.964569, 46.111527],
						[5.964687, 46.111609]
					],
					[
						[4.622553, 43.671059],
						[4.622445, 43.671041],
						[4.622221, 43.670661],
						[4.622105, 43.670579]
					],
					[
						[4.763567, 43.427795],
						[4.763936, 43.427521],
						[4.764258, 43.427407],
						[4.764418, 43.427447],
						[4.764763, 43.427645],
						[4.765085, 43.427668],
						[4.76528, 43.427624],
						[4.765506, 43.427496],
						[4.765634, 43.42731],
						[4.765645, 43.427127],
						[4.765544, 43.426927],
						[4.76529, 43.426734],
						[4.763725, 43.425954],
						[4.757093, 43.42272],
						[4.755038, 43.421888],
						[4.753469, 43.421454],
						[4.75231, 43.421237],
						[4.749424, 43.42096],
						[4.748839, 43.420768]
					],
					[
						[6.134213, 46.203286],
						[6.135427, 46.203788],
						[6.135611, 46.203808]
					],
					[
						[6.131166, 46.202651],
						[6.131215, 46.202678]
					],
					[
						[6.118758, 46.190061],
						[6.118503, 46.19013]
					],
					[
						[6.118831, 46.190053],
						[6.118758, 46.190061]
					],
					[
						[6.481104, 46.378906],
						[6.481279, 46.378935],
						[6.482253, 46.381083],
						[6.48294, 46.382228],
						[6.483219, 46.383199]
					],
					[
						[6.441199, 46.361952],
						[6.441049, 46.361846],
						[6.441008, 46.361656],
						[6.440064, 46.360967],
						[6.439253, 46.360505],
						[6.438955, 46.360454]
					],
					[
						[3.729966, 43.424234],
						[3.729832, 43.424138],
						[3.72912, 43.423988],
						[3.728846, 43.42371]
					],
					[
						[4.842048, 45.017315],
						[4.841253, 45.016493],
						[4.840947, 45.016261]
					],
					[
						[4.842621, 45.021623],
						[4.842911, 45.020919],
						[4.843022, 45.020226],
						[4.843013, 45.019726],
						[4.842928, 45.019141],
						[4.842766, 45.018563],
						[4.842369, 45.017752],
						[4.842048, 45.017315]
					],
					[
						[4.844875, 45.064548],
						[4.846291, 45.06431],
						[4.846868, 45.064173],
						[4.849893, 45.063393],
						[4.850648, 45.063123]
					],
					[
						[5.821545, 45.872447],
						[5.821624, 45.872392]
					],
					[
						[4.808852, 44.824152],
						[4.809109, 44.824272],
						[4.809423, 44.824599],
						[4.810002, 44.825036]
					],
					[
						[4.70646, 44.49982],
						[4.708848, 44.498107]
					],
					[
						[4.336387, 43.605405],
						[4.33645, 43.605275]
					],
					[
						[4.336372, 43.60544],
						[4.336387, 43.605405]
					],
					[
						[4.335299, 43.606791],
						[4.336142, 43.606049],
						[4.336372, 43.60544]
					],
					[
						[4.335248, 43.606834],
						[4.335299, 43.606791]
					],
					[
						[4.683972, 44.440467],
						[4.684247, 44.440349],
						[4.684585, 44.440307],
						[4.685401, 44.440475],
						[4.685595, 44.44061]
					],
					[
						[4.695821, 44.452522],
						[4.696035, 44.452748]
					],
					[
						[4.696367, 44.472885],
						[4.696385, 44.472962],
						[4.696551, 44.473006],
						[4.696784, 44.473185],
						[4.696928, 44.473216]
					],
					[
						[4.696583, 44.481898],
						[4.6967, 44.481367]
					],
					[
						[4.697776, 44.463616],
						[4.697717, 44.464462],
						[4.69753, 44.465729],
						[4.696613, 44.46836],
						[4.696425, 44.470989],
						[4.696484, 44.471366],
						[4.696367, 44.472885]
					],
					[
						[4.698143, 44.473117],
						[4.698238, 44.475338],
						[4.697953, 44.476716],
						[4.697688, 44.478943],
						[4.697735, 44.479333],
						[4.697453, 44.480824],
						[4.697472, 44.481223]
					],
					[
						[5.78085, 45.807403],
						[5.781062, 45.807309],
						[5.781131, 45.807324],
						[5.781796, 45.807687],
						[5.781869, 45.808065],
						[5.781641, 45.808321],
						[5.781593, 45.808542],
						[5.781776, 45.808596],
						[5.782078, 45.808563]
					],
					[
						[5.788023, 45.811804],
						[5.787785, 45.810478]
					],
					[
						[5.787733, 45.809665],
						[5.788357, 45.809733],
						[5.788952, 45.809723]
					],
					[
						[5.789776, 45.80944],
						[5.790419, 45.809229]
					],
					[
						[4.751468, 43.416866],
						[4.75115, 43.41691],
						[4.751045, 43.416969],
						[4.748583, 43.419628],
						[4.748366, 43.419939]
					],
					[
						[4.81393, 45.627334],
						[4.81401, 45.627373],
						[4.814383, 45.628087],
						[4.814862, 45.629022],
						[4.814904, 45.629211]
					],
					[
						[4.794175, 45.598263],
						[4.794028, 45.598328]
					],
					[
						[4.794717, 45.598038],
						[4.794175, 45.598263]
					],
					[
						[4.822377, 45.072748],
						[4.822214, 45.072671]
					],
					[
						[4.209703, 43.587171],
						[4.209523, 43.58663],
						[4.209452, 43.585952]
					],
					[
						[4.209703, 43.587171],
						[4.209841, 43.587363],
						[4.209952, 43.587397],
						[4.210252, 43.587378],
						[4.210636, 43.587246],
						[4.210979, 43.587243],
						[4.212599, 43.587472],
						[4.214501, 43.587995],
						[4.216666, 43.588695],
						[4.216847, 43.588677],
						[4.216889, 43.588579],
						[4.216844, 43.588497],
						[4.216016, 43.587834]
					],
					[
						[4.781446, 45.582402],
						[4.781724, 45.582764],
						[4.781711, 45.582837]
					],
					[
						[4.789328, 45.594101],
						[4.790302, 45.594009]
					],
					[
						[4.785277, 45.592222],
						[4.785425, 45.592272]
					],
					[
						[4.785425, 45.592272],
						[4.788765, 45.593976],
						[4.788945, 45.594149],
						[4.789328, 45.594101]
					],
					[
						[4.866309, 45.535523],
						[4.86627, 45.535541]
					],
					[
						[4.866878, 45.535269],
						[4.866309, 45.535523]
					],
					[
						[4.866985, 45.535222],
						[4.866878, 45.535269]
					],
					[
						[4.868363, 45.534479],
						[4.867811, 45.53484],
						[4.866985, 45.535222]
					],
					[
						[4.868421, 45.534439],
						[4.868363, 45.534479]
					],
					[
						[4.871151, 45.532026],
						[4.870024, 45.533288],
						[4.868421, 45.534439]
					],
					[
						[4.871342, 45.531794],
						[4.871192, 45.531976]
					],
					[
						[4.871192, 45.531976],
						[4.871151, 45.532026]
					],
					[
						[4.870688, 45.527716],
						[4.871365, 45.528879],
						[4.871546, 45.52989],
						[4.871706, 45.530441],
						[4.871667, 45.531231],
						[4.871342, 45.531794]
					],
					[
						[5.0901, 45.79129],
						[5.088492, 45.791888],
						[5.087822, 45.792229],
						[5.08754, 45.792538],
						[5.087267, 45.792707],
						[5.085951, 45.793353],
						[5.085194, 45.793976],
						[5.084962, 45.794106],
						[5.084387, 45.794811],
						[5.084208, 45.794922]
					],
					[
						[4.768298, 45.319532],
						[4.768352, 45.319386]
					],
					[
						[5.700738, 45.720622],
						[5.700654, 45.720476],
						[5.700737, 45.715741],
						[5.700629, 45.714818],
						[5.700782, 45.714575]
					],
					[
						[5.653556, 45.636222],
						[5.653539, 45.636264],
						[5.653635, 45.636333]
					],
					[
						[5.622091, 45.636955],
						[5.622047, 45.637471]
					],
					[
						[5.622412, 45.636613],
						[5.622199, 45.636693],
						[5.622091, 45.636955]
					],
					[
						[5.63178, 45.640709],
						[5.632952, 45.640641]
					],
					[
						[5.633059, 45.640594],
						[5.633359, 45.640509],
						[5.634166, 45.640468]
					],
					[
						[5.640992, 45.635996],
						[5.641131, 45.636718],
						[5.641623, 45.637493]
					],
					[
						[5.643067, 45.638648],
						[5.643027, 45.638777],
						[5.642436, 45.639054],
						[5.642182, 45.63912],
						[5.641995, 45.639069]
					],
					[
						[5.503894, 45.687907],
						[5.503513, 45.68768],
						[5.5034, 45.687528],
						[5.503352, 45.687241]
					],
					[
						[5.504686, 45.689207],
						[5.504599, 45.688725],
						[5.503894, 45.687907]
					],
					[
						[5.505952, 45.689609],
						[5.506146, 45.689639],
						[5.506221, 45.689691],
						[5.506222, 45.689782]
					],
					[
						[5.506335, 45.689785],
						[5.506222, 45.689782]
					],
					[
						[5.533172, 45.711017],
						[5.533648, 45.711818],
						[5.534141, 45.712832]
					],
					[
						[5.547326, 45.711153],
						[5.547314, 45.710926],
						[5.547058, 45.710577],
						[5.547071, 45.710465]
					],
					[
						[5.552974, 45.710575],
						[5.553058, 45.710354],
						[5.553205, 45.710204],
						[5.553628, 45.709912]
					],
					[
						[5.478406, 45.674567],
						[5.477822, 45.673435],
						[5.477744, 45.673112],
						[5.477446, 45.672642]
					],
					[
						[5.482382, 45.673378],
						[5.48234, 45.673435],
						[5.481876, 45.673587],
						[5.479576, 45.674252],
						[5.478452, 45.674646]
					],
					[
						[4.802412, 43.950284],
						[4.802451, 43.950394]
					],
					[
						[5.434229, 45.770515],
						[5.434113, 45.770831],
						[5.433969, 45.770952],
						[5.433269, 45.770882],
						[5.43264, 45.770924],
						[5.432495, 45.770981],
						[5.431532, 45.771951],
						[5.430992, 45.771716],
						[5.430504, 45.772118]
					],
					[
						[5.415962, 45.84246],
						[5.416142, 45.841959],
						[5.416196, 45.840938]
					],
					[
						[5.416196, 45.840938],
						[5.416217, 45.840644],
						[5.416389, 45.8401],
						[5.416611, 45.839744],
						[5.41715, 45.839257]
					],
					[
						[5.433466, 45.775612],
						[5.433332, 45.775593]
					],
					[
						[5.352827, 45.885662],
						[5.353824, 45.885267]
					],
					[
						[5.35913, 45.881856],
						[5.359376, 45.881774]
					],
					[
						[5.366445, 45.877934],
						[5.367304, 45.877473],
						[5.368224, 45.877108],
						[5.369387, 45.876749],
						[5.370181, 45.876595],
						[5.370866, 45.876305]
					],
					[
						[5.391555, 45.863883],
						[5.392768, 45.863288],
						[5.393496, 45.862998],
						[5.39474, 45.862604],
						[5.395591, 45.862243],
						[5.395929, 45.862198]
					],
					[
						[5.395929, 45.862198],
						[5.396413, 45.861911],
						[5.397392, 45.861547],
						[5.398918, 45.860894]
					],
					[
						[5.398918, 45.860894],
						[5.400641, 45.860165],
						[5.401426, 45.859744],
						[5.404534, 45.857635],
						[5.407194, 45.855746]
					],
					[
						[5.407194, 45.855746],
						[5.407781, 45.85532],
						[5.408591, 45.854507]
					],
					[
						[5.410606, 45.853527],
						[5.41273, 45.852971],
						[5.413678, 45.852668],
						[5.414303, 45.852414],
						[5.41477, 45.852019],
						[5.416083, 45.850214],
						[5.416344, 45.84964],
						[5.416389, 45.849417],
						[5.416734, 45.848866],
						[5.417728, 45.847778],
						[5.418373, 45.846688],
						[5.418976, 45.846012],
						[5.419022, 45.845868]
					],
					[
						[5.405239, 45.85285],
						[5.405245, 45.852733]
					],
					[
						[5.405239, 45.85285],
						[5.40544, 45.852978]
					],
					[
						[5.224402, 45.763895],
						[5.224992, 45.764791],
						[5.225534, 45.765423],
						[5.226588, 45.766329]
					],
					[
						[5.080858, 45.803772],
						[5.08065, 45.804268],
						[5.080268, 45.804911],
						[5.07946, 45.80585],
						[5.079165, 45.806346],
						[5.079225, 45.806377]
					],
					[
						[5.079274, 45.806447],
						[5.079056, 45.806519],
						[5.078643, 45.806911]
					],
					[
						[6.622012, 46.403852],
						[6.619301, 46.403362]
					],
					[
						[6.622333, 46.4039],
						[6.622012, 46.403852]
					],
					[
						[4.903906, 45.771213],
						[4.904284, 45.770532]
					],
					[
						[4.871092, 44.906389],
						[4.871213, 44.906279],
						[4.871378, 44.906236],
						[4.872566, 44.906095]
					],
					[
						[5.106694, 45.780224],
						[5.10674, 45.780333]
					],
					[
						[5.797992, 45.830169],
						[5.798426, 45.829934]
					],
					[
						[5.798179, 45.830369],
						[5.798062, 45.830285]
					],
					[
						[5.852871, 45.99131],
						[5.851065, 45.989338],
						[5.850488, 45.988917],
						[5.849528, 45.988408],
						[5.848911, 45.988022],
						[5.848637, 45.987827],
						[5.84849, 45.987626],
						[5.848382, 45.987363],
						[5.848318, 45.986962],
						[5.848158, 45.984573]
					],
					[
						[5.705016, 45.709711],
						[5.703078, 45.709479],
						[5.702772, 45.7094],
						[5.702591, 45.70929],
						[5.702504, 45.709046],
						[5.702648, 45.708103]
					],
					[
						[5.408659, 45.854433],
						[5.409118, 45.854063]
					],
					[
						[5.408591, 45.854507],
						[5.408659, 45.854433]
					],
					[
						[4.813928, 45.62714],
						[4.81393, 45.627334]
					],
					[
						[4.808417, 45.611425],
						[4.808772, 45.611735]
					],
					[
						[5.299097, 45.828453],
						[5.299233, 45.828704]
					],
					[
						[5.299054, 45.828356],
						[5.299178, 45.828311]
					],
					[
						[5.299054, 45.828356],
						[5.299097, 45.828453]
					],
					[
						[5.299233, 45.828704],
						[5.300101, 45.830253],
						[5.300985, 45.832402],
						[5.305194, 45.839758],
						[5.305667, 45.840543],
						[5.306107, 45.841103],
						[5.306976, 45.841888],
						[5.307222, 45.842202],
						[5.307493, 45.842699]
					],
					[
						[5.309329, 45.844434],
						[5.309747, 45.84485]
					],
					[
						[5.307493, 45.842699],
						[5.307721, 45.84308],
						[5.308076, 45.843408],
						[5.308876, 45.843971],
						[5.309329, 45.844434]
					],
					[
						[5.207669, 45.768331],
						[5.207371, 45.768348]
					],
					[
						[5.295125, 45.797616],
						[5.295204, 45.797687]
					],
					[
						[5.295204, 45.797687],
						[5.295178, 45.797824]
					],
					[
						[5.2929, 45.797034],
						[5.293157, 45.797074]
					],
					[
						[4.823659, 45.644003],
						[4.823482, 45.644076]
					],
					[
						[5.789117, 45.809702],
						[5.789194, 45.809685]
					],
					[
						[5.789023, 45.809716],
						[5.789085, 45.809709]
					],
					[
						[4.889569, 44.935326],
						[4.889642, 44.935459]
					],
					[
						[4.357975, 43.605241],
						[4.358077, 43.605233]
					],
					[
						[4.358077, 43.605233],
						[4.359994, 43.604739],
						[4.360643, 43.604739],
						[4.361618, 43.604903],
						[4.367095, 43.604925],
						[4.369325, 43.60481],
						[4.370804, 43.60489],
						[4.3766, 43.605676],
						[4.378984, 43.605582],
						[4.382285, 43.605558],
						[4.382728, 43.605664],
						[4.385084, 43.606457],
						[4.389011, 43.608499],
						[4.389166, 43.608634]
					],
					[
						[4.700749, 44.245512],
						[4.700881, 44.245459]
					],
					[
						[4.700749, 44.245512],
						[4.700647, 44.245326]
					],
					[
						[4.664597, 44.255926],
						[4.666493, 44.252145]
					],
					[
						[4.662661, 44.25575],
						[4.664597, 44.255926]
					],
					[
						[4.446048, 43.669187],
						[4.445768, 43.669171],
						[4.445582, 43.669303],
						[4.445342, 43.669345],
						[4.443945, 43.669938],
						[4.443862, 43.669889]
					],
					[
						[6.046411, 46.188017],
						[6.046462, 46.187915]
					],
					[
						[6.076285, 46.177042],
						[6.076388, 46.177022],
						[6.076478, 46.177088]
					],
					[
						[6.07627, 46.177145],
						[6.076285, 46.177042]
					],
					[
						[6.04622, 46.188113],
						[6.046125, 46.188189]
					],
					[
						[6.046092, 46.18799],
						[6.046163, 46.188009]
					],
					[
						[6.045966, 46.188164],
						[6.045929, 46.188068]
					],
					[
						[4.620695, 43.656264],
						[4.620861, 43.656487],
						[4.620869, 43.65803],
						[4.620804, 43.658304],
						[4.620844, 43.658714]
					],
					[
						[4.210323, 43.589344],
						[4.210331, 43.589451]
					],
					[
						[4.143009, 43.540474],
						[4.142752, 43.540305],
						[4.142666, 43.540313]
					],
					[
						[3.758339, 43.443894],
						[3.758335, 43.44399]
					],
					[
						[3.758339, 43.443894],
						[3.758725, 43.44406]
					],
					[
						[3.698413, 43.406745],
						[3.697804, 43.406455]
					],
					[
						[3.695061, 43.395755],
						[3.695004, 43.395673]
					],
					[
						[4.184724, 43.563993],
						[4.185025, 43.563705],
						[4.185109, 43.563493],
						[4.184519, 43.561621],
						[4.184353, 43.56125]
					],
					[
						[6.20639, 46.245345],
						[6.206309, 46.245445]
					],
					[
						[4.522007, 43.745063],
						[4.522329, 43.745339],
						[4.522912, 43.745616],
						[4.526991, 43.748243],
						[4.527706, 43.748765],
						[4.528589, 43.749266],
						[4.540122, 43.756604],
						[4.541511, 43.757437],
						[4.543262, 43.75858],
						[4.554291, 43.765496],
						[4.557856, 43.767816],
						[4.562172, 43.770525],
						[4.572747, 43.776478],
						[4.573401, 43.776763],
						[4.574142, 43.777242],
						[4.576296, 43.778451],
						[4.615039, 43.800064],
						[4.615359, 43.800351]
					],
					[
						[4.637991, 43.805673],
						[4.638033, 43.806233]
					],
					[
						[4.638033, 43.806233],
						[4.638053, 43.806372]
					],
					[
						[4.638053, 43.806372],
						[4.638059, 43.806414]
					],
					[
						[6.12789, 46.199168],
						[6.127223, 46.199531],
						[6.126727, 46.199708],
						[6.125496, 46.199913]
					],
					[
						[6.127859, 46.199142],
						[6.12789, 46.199168]
					],
					[
						[6.076366, 46.17718],
						[6.07627, 46.177145]
					],
					[
						[6.704438, 46.407552],
						[6.703529, 46.407556],
						[6.699153, 46.407765],
						[6.69743, 46.407981],
						[6.696969, 46.408002],
						[6.6881, 46.407506],
						[6.687299, 46.407349],
						[6.685338, 46.406751],
						[6.684234, 46.406588],
						[6.683232, 46.406601],
						[6.679256, 46.406966],
						[6.67818, 46.406981],
						[6.67717, 46.406792],
						[6.671704, 46.405119]
					],
					[
						[6.352275, 46.356276],
						[6.352228, 46.356348],
						[6.352098, 46.356384]
					],
					[
						[6.351938, 46.35625],
						[6.352013, 46.356169]
					],
					[
						[6.352094, 46.35615],
						[6.35219, 46.356165]
					],
					[
						[6.352341, 46.356146],
						[6.352317, 46.356128]
					],
					[
						[6.371867, 46.330726],
						[6.372079, 46.330663]
					],
					[
						[6.1426, 46.208349],
						[6.14263, 46.208484]
					],
					[
						[6.124175, 46.200195],
						[6.124146, 46.200101]
					],
					[
						[5.980147, 46.155269],
						[5.980006, 46.155195]
					],
					[
						[6.478034, 46.374995],
						[6.477281, 46.374615]
					],
					[
						[4.826104, 45.665082],
						[4.826181, 45.665017]
					],
					[
						[4.811978, 45.647857],
						[4.812031, 45.648096]
					],
					[
						[4.702553, 44.244841],
						[4.70459, 44.24409]
					],
					[
						[4.680189, 43.889463],
						[4.680215, 43.889215]
					],
					[
						[4.225522, 43.59472],
						[4.225744, 43.59488]
					],
					[
						[6.789928, 46.39269],
						[6.789764, 46.392521],
						[6.788863, 46.392938],
						[6.787453, 46.393423],
						[6.787169, 46.393489],
						[6.786634, 46.393535],
						[6.786244, 46.393658],
						[6.785893, 46.393663],
						[6.785465, 46.393784]
					],
					[
						[6.774281, 46.396884],
						[6.773567, 46.396851]
					],
					[
						[6.773567, 46.396851],
						[6.773072, 46.396852],
						[6.772566, 46.396762],
						[6.772037, 46.396895],
						[6.771474, 46.39696],
						[6.770486, 46.397262],
						[6.769285, 46.397852]
					],
					[
						[4.100758, 43.55645],
						[4.102132, 43.556017]
					],
					[
						[6.155872, 46.204721],
						[6.161816, 46.207558]
					],
					[
						[6.161816, 46.207558],
						[6.162314, 46.207732]
					],
					[
						[6.162314, 46.207732],
						[6.164113, 46.208217],
						[6.164889, 46.208511]
					],
					[
						[3.881473, 43.539083],
						[3.881288, 43.539075]
					],
					[
						[3.881288, 43.539075],
						[3.880139, 43.538932],
						[3.879217, 43.538896]
					],
					[
						[4.813622, 45.184489],
						[4.813836, 45.184584]
					],
					[
						[3.874592, 43.538774],
						[3.874426, 43.538768]
					],
					[
						[6.149033, 46.204221],
						[6.148597, 46.204309]
					],
					[
						[3.758891, 43.444111],
						[3.759154, 43.444176]
					],
					[
						[3.758725, 43.44406],
						[3.758891, 43.444111]
					],
					[
						[4.852365, 44.880072],
						[4.852385, 44.879635],
						[4.85231, 44.879527],
						[4.852152, 44.879432],
						[4.851933, 44.879376],
						[4.851439, 44.879388]
					],
					[
						[4.852368, 44.880077],
						[4.852365, 44.880072]
					],
					[
						[4.789667, 44.650166],
						[4.789936, 44.650171],
						[4.792683, 44.649691]
					],
					[
						[4.781957, 44.794331],
						[4.781523, 44.793611]
					],
					[
						[4.73846, 44.606525],
						[4.738624, 44.606518],
						[4.738802, 44.606575],
						[4.739002, 44.606714],
						[4.73924, 44.607022],
						[4.748867, 44.622208],
						[4.750331, 44.624427],
						[4.750859, 44.625114],
						[4.750832, 44.625376],
						[4.750739, 44.625426],
						[4.750136, 44.625448],
						[4.749166, 44.625637],
						[4.748999, 44.625747],
						[4.748987, 44.625819],
						[4.749408, 44.626679],
						[4.749341, 44.626802],
						[4.744633, 44.627776],
						[4.744168, 44.629464],
						[4.744709, 44.630928],
						[4.745502, 44.632764],
						[4.745741, 44.633051],
						[4.746076, 44.633247],
						[4.746645, 44.633446],
						[4.746639, 44.633614],
						[4.746769, 44.63378]
					],
					[
						[5.038376, 45.798418],
						[5.038929, 45.798804]
					],
					[
						[5.022052, 45.788715],
						[5.022964, 45.789575],
						[5.023703, 45.790177],
						[5.024328, 45.790856]
					],
					[
						[5.012434, 45.787356],
						[5.013467, 45.787146],
						[5.014941, 45.786723],
						[5.015971, 45.786549],
						[5.016566, 45.786505],
						[5.017319, 45.786513],
						[5.017977, 45.786601],
						[5.018766, 45.786743],
						[5.019389, 45.786943],
						[5.020446, 45.787425],
						[5.021043, 45.787833],
						[5.022052, 45.788715]
					],
					[
						[3.971867, 43.545065],
						[3.972038, 43.545331]
					],
					[
						[3.972257, 43.545371],
						[3.972237, 43.545403]
					],
					[
						[3.972561, 43.545352],
						[3.972549, 43.545378]
					],
					[
						[3.973198, 43.546135],
						[3.973387, 43.545802]
					],
					[
						[3.97454, 43.547815],
						[3.973926, 43.54761]
					],
					[
						[4.714747, 44.576245],
						[4.714861, 44.576585]
					],
					[
						[6.142286, 46.208259],
						[6.142427, 46.20814]
					],
					[
						[4.659594, 44.403757],
						[4.659782, 44.403487]
					],
					[
						[4.661582, 44.409889],
						[4.661488, 44.409682],
						[4.661593, 44.409471],
						[4.661581, 44.409378],
						[4.6612, 44.408901],
						[4.661115, 44.408556],
						[4.661734, 44.406485],
						[4.661983, 44.405072],
						[4.661819, 44.404912],
						[4.661556, 44.404818],
						[4.661304, 44.404824],
						[4.661108, 44.40475],
						[4.660773, 44.404346],
						[4.660537, 44.404189],
						[4.659578, 44.403797],
						[4.659594, 44.403757]
					],
					[
						[4.67465, 44.316817],
						[4.679679, 44.310637]
					],
					[
						[4.659281, 44.325729],
						[4.659517, 44.325441],
						[4.660403, 44.324785]
					],
					[
						[4.659094, 44.326692],
						[4.659281, 44.325729]
					],
					[
						[4.666485, 44.269743],
						[4.666617, 44.269916]
					],
					[
						[4.664421, 44.26348],
						[4.664196, 44.264222],
						[4.664185, 44.264959],
						[4.664029, 44.266668],
						[4.664084, 44.267193],
						[4.66424, 44.267498],
						[4.664567, 44.267901],
						[4.665089, 44.268709],
						[4.665444, 44.269029],
						[4.666414, 44.269656],
						[4.666485, 44.269743]
					],
					[
						[5.9695, 46.14713],
						[5.969474, 46.146917],
						[5.969737, 46.14659]
					],
					[
						[5.999149, 46.168999],
						[5.998746, 46.168901],
						[5.997604, 46.168731],
						[5.996823, 46.168481]
					],
					[
						[5.997895, 46.175129],
						[6.004854, 46.17384],
						[6.005292, 46.173821]
					],
					[
						[4.722028, 44.150216],
						[4.722059, 44.150111]
					],
					[
						[4.723667, 44.200425],
						[4.724616, 44.202522],
						[4.724561, 44.202861],
						[4.724088, 44.204057],
						[4.723803, 44.205176],
						[4.723729, 44.205896],
						[4.723797, 44.209182]
					],
					[
						[5.632952, 45.640641],
						[5.633059, 45.640594]
					],
					[
						[4.059869, 43.561275],
						[4.059837, 43.56108],
						[4.059989, 43.560579]
					],
					[
						[5.721533, 45.762201],
						[5.721859, 45.762152],
						[5.72269, 45.761893],
						[5.723022, 45.761842],
						[5.723635, 45.761954],
						[5.724546, 45.76203],
						[5.724618, 45.762103],
						[5.726439, 45.762061],
						[5.726768, 45.762003],
						[5.72755, 45.761711],
						[5.728558, 45.761529],
						[5.730093, 45.761137],
						[5.731086, 45.761082],
						[5.732859, 45.760588],
						[5.734445, 45.759999],
						[5.735807, 45.759705],
						[5.737137, 45.759595],
						[5.737598, 45.759604],
						[5.73947, 45.75987]
					],
					[
						[4.672046, 43.889966],
						[4.673094, 43.889829],
						[4.675197, 43.889865],
						[4.675328, 43.8899]
					],
					[
						[6.805408, 46.394066],
						[6.805145, 46.394317],
						[6.805009, 46.394296]
					],
					[
						[6.320753, 46.3672],
						[6.320684, 46.366809],
						[6.320513, 46.366386],
						[6.32023, 46.366166],
						[6.320206, 46.365925],
						[6.320041, 46.365656],
						[6.319341, 46.364841]
					],
					[
						[4.627692, 43.822031],
						[4.627661, 43.822159]
					],
					[
						[4.628215, 43.820333],
						[4.628098, 43.820434],
						[4.627692, 43.822031]
					],
					[
						[5.116743, 45.778204],
						[5.116738, 45.778714],
						[5.116844, 45.779322]
					],
					[
						[6.000966, 46.177797],
						[6.00128, 46.177866],
						[6.002865, 46.177884]
					],
					[
						[5.278478, 45.797065],
						[5.278418, 45.796937]
					],
					[
						[4.526024, 43.709377],
						[4.525638, 43.708997],
						[4.524723, 43.708391]
					],
					[
						[6.008548, 46.185327],
						[6.008325, 46.185107]
					],
					[
						[6.008325, 46.185107],
						[6.008442, 46.185022],
						[6.008462, 46.184908]
					],
					[
						[6.005292, 46.173821],
						[6.005346, 46.173745],
						[6.005439, 46.17372],
						[6.00556, 46.173756],
						[6.005597, 46.173828],
						[6.005534, 46.173911],
						[6.005426, 46.173931],
						[6.005329, 46.173894],
						[6.005292, 46.173821]
					],
					[
						[5.996279, 46.168304],
						[5.996371, 46.16835]
					],
					[
						[5.996142, 46.168352],
						[5.996279, 46.168304]
					],
					[
						[5.995747, 46.168481],
						[5.995951, 46.168425]
					],
					[
						[5.996188, 46.168466],
						[5.995747, 46.168481]
					],
					[
						[5.996371, 46.16835],
						[5.996823, 46.168481]
					],
					[
						[5.996823, 46.168481],
						[5.996335, 46.168462]
					],
					[
						[3.994311, 43.549555],
						[3.994484, 43.549225]
					],
					[
						[5.835704, 45.96242],
						[5.835689, 45.962477]
					],
					[
						[5.836171, 45.960913],
						[5.836047, 45.960989],
						[5.835704, 45.96242]
					],
					[
						[6.346004, 46.365078],
						[6.345617, 46.365218],
						[6.345477, 46.365472],
						[6.34467, 46.365816],
						[6.344111, 46.366147],
						[6.343944, 46.366207],
						[6.343649, 46.366217],
						[6.343012, 46.366546],
						[6.342067, 46.36736],
						[6.341695, 46.367959]
					],
					[
						[5.996335, 46.168462],
						[5.996188, 46.168466]
					],
					[
						[4.79454, 43.95321],
						[4.792194, 43.954109]
					],
					[
						[5.422081, 45.718408],
						[5.422021, 45.71881],
						[5.422056, 45.719096],
						[5.422176, 45.719248]
					],
					[
						[5.422136, 45.718215],
						[5.422081, 45.718408]
					],
					[
						[6.491184, 46.38661],
						[6.490774, 46.386673]
					],
					[
						[5.865092, 46.061262],
						[5.865245, 46.061238]
					],
					[
						[5.864331, 46.061307],
						[5.864404, 46.061318]
					],
					[
						[6.150285, 46.203927],
						[6.150024, 46.203981]
					],
					[
						[4.991017, 45.794595],
						[4.990954, 45.794787]
					],
					[
						[6.121467, 46.196063],
						[6.121357, 46.195796]
					],
					[
						[4.828061, 45.666984],
						[4.828331, 45.667573],
						[4.828434, 45.667955]
					],
					[
						[5.411555, 45.814764],
						[5.411558, 45.814894]
					],
					[
						[5.410905, 45.814198],
						[5.411551, 45.814612]
					],
					[
						[5.86538, 46.061294],
						[5.865423, 46.061371]
					],
					[
						[4.100857, 43.556513],
						[4.100346, 43.556679]
					],
					[
						[4.097801, 43.560137],
						[4.096733, 43.561453]
					],
					[
						[4.096383, 43.561711],
						[4.09633, 43.561771],
						[4.096515, 43.561844],
						[4.096043, 43.562413]
					],
					[
						[4.093409, 43.563435],
						[4.093123, 43.563338],
						[4.092178, 43.563433]
					],
					[
						[4.092575, 43.562596],
						[4.092438, 43.562552]
					],
					[
						[4.092438, 43.562552],
						[4.092793, 43.562517],
						[4.093941, 43.562726],
						[4.094399, 43.562708],
						[4.094939, 43.562539],
						[4.095639, 43.561857],
						[4.095822, 43.561513],
						[4.096257, 43.560941],
						[4.096419, 43.560913]
					],
					[
						[4.069059, 43.561227],
						[4.069218, 43.561182],
						[4.070535, 43.560259],
						[4.070812, 43.560207]
					],
					[
						[4.063351, 43.561987],
						[4.06799, 43.561668],
						[4.068095, 43.561608]
					],
					[
						[4.063002, 43.561987],
						[4.061395, 43.562124],
						[4.060949, 43.561744],
						[4.060333, 43.561554],
						[4.059869, 43.561275]
					],
					[
						[4.646585, 43.805329],
						[4.646516, 43.805342]
					],
					[
						[4.581221, 43.864404],
						[4.586501, 43.858829]
					],
					[
						[4.586501, 43.858829],
						[4.587191, 43.858944],
						[4.58747, 43.858865],
						[4.587669, 43.858269],
						[4.58766, 43.858175],
						[4.587426, 43.857877]
					],
					[
						[4.627661, 43.822159],
						[4.627547, 43.822514]
					],
					[
						[4.627547, 43.822514],
						[4.627347, 43.822557],
						[4.627289, 43.822621]
					],
					[
						[4.854664, 45.786106],
						[4.856161, 45.786268],
						[4.857348, 45.786313],
						[4.862109, 45.786019]
					],
					[
						[4.607268, 43.723664],
						[4.607332, 43.72358],
						[4.607304, 43.723254],
						[4.607399, 43.722809],
						[4.607023, 43.721211],
						[4.606834, 43.719877],
						[4.606823, 43.719358],
						[4.606986, 43.718643],
						[4.607111, 43.718394],
						[4.607608, 43.717855],
						[4.607878, 43.717327],
						[4.608181, 43.716543],
						[4.608383, 43.715679],
						[4.608431, 43.714577],
						[4.608338, 43.713749],
						[4.608196, 43.713196],
						[4.607864, 43.712769],
						[4.607854, 43.712688],
						[4.607894, 43.711619],
						[4.608351, 43.709323],
						[4.608224, 43.707755],
						[4.608154, 43.707515],
						[4.608295, 43.706282],
						[4.608785, 43.705346],
						[4.609009, 43.704649],
						[4.609419, 43.704175],
						[4.610126, 43.703746],
						[4.610443, 43.703457],
						[4.611344, 43.701924],
						[4.611712, 43.701593],
						[4.611824, 43.701195],
						[4.612639, 43.700098],
						[4.612953, 43.699561],
						[4.61312, 43.698339],
						[4.612823, 43.697424],
						[4.612841, 43.6956],
						[4.612916, 43.695338],
						[4.61338, 43.695011],
						[4.613647, 43.694651],
						[4.613664, 43.694271],
						[4.613452, 43.693951]
					],
					[
						[6.187011, 46.228735],
						[6.187087, 46.228777]
					],
					[
						[6.187242, 46.228892],
						[6.18715, 46.228876]
					],
					[
						[6.325949, 46.369585],
						[6.325854, 46.369672],
						[6.325027, 46.370012]
					],
					[
						[6.206339, 46.245263],
						[6.206754, 46.245004]
					],
					[
						[4.808459, 45.21893],
						[4.808162, 45.219334],
						[4.807833, 45.22042],
						[4.806487, 45.223236],
						[4.805308, 45.225464],
						[4.804977, 45.22599],
						[4.804131, 45.228328],
						[4.804043, 45.229155],
						[4.80409, 45.230241],
						[4.804263, 45.230636],
						[4.804205, 45.230806],
						[4.804298, 45.231237],
						[4.804358, 45.232624],
						[4.80424, 45.232906],
						[4.804219, 45.233215],
						[4.804913, 45.236172],
						[4.805198, 45.237018],
						[4.805482, 45.237488],
						[4.806368, 45.238391],
						[4.806593, 45.238525]
					],
					[
						[4.80844, 45.218829],
						[4.808459, 45.21893]
					],
					[
						[4.615784, 43.677281],
						[4.615703, 43.677328],
						[4.61571, 43.677489],
						[4.61565, 43.677576],
						[4.614754, 43.677966],
						[4.614663, 43.678051],
						[4.614762, 43.678103]
					],
					[
						[4.619349, 43.674939],
						[4.619152, 43.674927]
					],
					[
						[5.419929, 45.822964],
						[5.420153, 45.822904]
					],
					[
						[5.83762, 45.974854],
						[5.837572, 45.974429],
						[5.837608, 45.973623],
						[5.83755, 45.973283],
						[5.837346, 45.972915],
						[5.836948, 45.97253]
					],
					[
						[5.848158, 45.984573],
						[5.848091, 45.984109],
						[5.84772, 45.983461],
						[5.847426, 45.98317],
						[5.847047, 45.982932],
						[5.846499, 45.98269]
					],
					[
						[4.649868, 44.396114],
						[4.649589, 44.396012]
					],
					[
						[4.817805, 45.644677],
						[4.818193, 45.644412],
						[4.818417, 45.644326],
						[4.818809, 45.644241],
						[4.819341, 45.64419],
						[4.821776, 45.64446],
						[4.822345, 45.64443],
						[4.822912, 45.644255],
						[4.822935, 45.644296]
					],
					[
						[4.817838, 45.644701],
						[4.817632, 45.644847]
					],
					[
						[4.808831, 45.138635],
						[4.808076, 45.138361],
						[4.807836, 45.13833]
					],
					[
						[5.185731, 45.766212],
						[5.188398, 45.766305],
						[5.191166, 45.766808],
						[5.191855, 45.766826],
						[5.192599, 45.766763]
					],
					[
						[5.182938, 45.7664],
						[5.182912, 45.766322]
					],
					[
						[5.182347, 45.768555],
						[5.182609, 45.767807],
						[5.182923, 45.767348],
						[5.183006, 45.766856],
						[5.182938, 45.7664]
					],
					[
						[6.577562, 46.398869],
						[6.577836, 46.398907]
					],
					[
						[6.577233, 46.398771],
						[6.577389, 46.398817]
					],
					[
						[6.506994, 46.382928],
						[6.505967, 46.382942]
					],
					[
						[6.505656, 46.382923],
						[6.50554, 46.382911]
					],
					[
						[6.082319, 46.172237],
						[6.081648, 46.172353]
					],
					[
						[6.082765, 46.172283],
						[6.082743, 46.172266]
					],
					[
						[4.646778, 43.805243],
						[4.646585, 43.805329]
					],
					[
						[4.64871, 43.804969],
						[4.648705, 43.805053]
					],
					[
						[4.797897, 45.601608],
						[4.797666, 45.601283],
						[4.797502, 45.600866]
					],
					[
						[4.626229, 43.825328],
						[4.625707, 43.825931],
						[4.625374, 43.826188],
						[4.624941, 43.826422],
						[4.624204, 43.826707],
						[4.622352, 43.827193],
						[4.621404, 43.827609],
						[4.6211, 43.827814],
						[4.620642, 43.828258],
						[4.619704, 43.829392],
						[4.619401, 43.829613]
					],
					[
						[4.62638, 43.825066],
						[4.626229, 43.825328]
					],
					[
						[4.617699, 43.831056],
						[4.617365, 43.831811],
						[4.617298, 43.832311],
						[4.617995, 43.83558],
						[4.618209, 43.836098],
						[4.619299, 43.837556],
						[4.619478, 43.838031],
						[4.619523, 43.838321]
					],
					[
						[6.521971, 46.392844],
						[6.522179, 46.392741]
					],
					[
						[6.522179, 46.392741],
						[6.522115, 46.392898]
					],
					[
						[6.584982, 46.401138],
						[6.585758, 46.401491],
						[6.586259, 46.401647]
					],
					[
						[6.531615, 46.39505],
						[6.531219, 46.395012]
					],
					[
						[6.534208, 46.395302],
						[6.533965, 46.395267]
					],
					[
						[6.596288, 46.401609],
						[6.595998, 46.40162],
						[6.595809, 46.401568]
					],
					[
						[6.664879, 46.404364],
						[6.663856, 46.404381]
					],
					[
						[6.663856, 46.404381],
						[6.662588, 46.404357],
						[6.660954, 46.404433]
					],
					[
						[6.671704, 46.405119],
						[6.670468, 46.404802],
						[6.667332, 46.404289],
						[6.666697, 46.40426],
						[6.664879, 46.404364]
					],
					[
						[6.612918, 46.40292],
						[6.6115, 46.402917],
						[6.610588, 46.402758]
					],
					[
						[6.613623, 46.402935],
						[6.614126, 46.402986]
					],
					[
						[6.5807, 46.39931],
						[6.580977, 46.39932]
					],
					[
						[6.625394, 46.404095],
						[6.623334, 46.403999],
						[6.622333, 46.4039]
					],
					[
						[6.625567, 46.404103],
						[6.625394, 46.404095]
					],
					[
						[6.576895, 46.398596],
						[6.577058, 46.398642],
						[6.577211, 46.398758]
					],
					[
						[6.577, 46.3988],
						[6.576993, 46.398682],
						[6.576895, 46.398596]
					],
					[
						[6.132809, 46.202912],
						[6.134026, 46.203167],
						[6.134138, 46.203231]
					],
					[
						[4.810586, 45.182971],
						[4.811168, 45.183033]
					],
					[
						[6.545121, 46.394604],
						[6.544491, 46.394657],
						[6.5426, 46.394999],
						[6.542212, 46.395035]
					],
					[
						[4.763092, 43.428278],
						[4.763567, 43.427795]
					],
					[
						[4.76203, 43.42966],
						[4.762227, 43.429237],
						[4.762651, 43.428834]
					],
					[
						[3.972561, 43.545383],
						[3.972728, 43.545438]
					],
					[
						[3.972238, 43.545364],
						[3.972257, 43.545371]
					],
					[
						[4.817637, 45.733944],
						[4.817617, 45.733827],
						[4.816899, 45.73293],
						[4.816312, 45.732013]
					],
					[
						[4.868994, 45.525317],
						[4.869362, 45.525814]
					],
					[
						[4.809159, 45.183414],
						[4.809866, 45.183089],
						[4.810203, 45.182994],
						[4.810586, 45.182971]
					],
					[
						[4.836862, 45.01111],
						[4.837084, 45.010993]
					],
					[
						[4.837084, 45.010993],
						[4.837585, 45.010742]
					],
					[
						[4.851683, 45.013976],
						[4.852145, 45.014204]
					],
					[
						[4.854691, 45.01468],
						[4.855519, 45.013509],
						[4.856038, 45.012631],
						[4.867045, 44.993199]
					],
					[
						[4.749785, 44.755807],
						[4.749654, 44.755295],
						[4.74886, 44.755252],
						[4.748801, 44.755199],
						[4.748595, 44.755213],
						[4.748392, 44.755163]
					],
					[
						[4.768922, 44.770789],
						[4.76904, 44.772495]
					],
					[
						[4.747725, 44.753256],
						[4.747291, 44.751052]
					],
					[
						[4.747825, 44.753554],
						[4.748002, 44.75415],
						[4.747984, 44.75433]
					],
					[
						[4.747291, 44.751052],
						[4.747217, 44.750616]
					],
					[
						[4.747566, 44.753332],
						[4.747725, 44.753256]
					],
					[
						[4.747725, 44.753256],
						[4.747794, 44.753281],
						[4.747825, 44.753554]
					],
					[
						[4.835642, 45.069392],
						[4.83464, 45.067874]
					],
					[
						[4.757232, 44.756222],
						[4.757209, 44.756276]
					],
					[
						[4.757095, 44.756228],
						[4.757232, 44.756222]
					],
					[
						[4.756788, 44.756474],
						[4.756939, 44.75653],
						[4.757099, 44.756493]
					],
					[
						[4.83464, 45.067874],
						[4.834628, 45.067857]
					],
					[
						[4.66077, 44.260931],
						[4.662615, 44.261269],
						[4.662748, 44.26133],
						[4.662833, 44.261471]
					],
					[
						[4.143258, 43.540029],
						[4.143127, 43.540112]
					],
					[
						[4.142734, 43.540388],
						[4.142927, 43.540183]
					],
					[
						[4.143127, 43.540112],
						[4.143026, 43.540221]
					],
					[
						[4.143102, 43.539935],
						[4.14296, 43.539775],
						[4.142173, 43.539478]
					],
					[
						[4.141914, 43.541217],
						[4.142698, 43.540425]
					],
					[
						[4.143838, 43.540293],
						[4.143803, 43.54022],
						[4.143579, 43.540074],
						[4.143258, 43.540029]
					],
					[
						[4.142173, 43.539478],
						[4.142112, 43.539508]
					],
					[
						[4.143036, 43.540069],
						[4.143102, 43.539935]
					],
					[
						[4.143026, 43.540221],
						[4.142831, 43.54043]
					],
					[
						[4.142112, 43.539508],
						[4.141898, 43.539395]
					],
					[
						[4.142927, 43.540183],
						[4.143036, 43.540069]
					],
					[
						[4.142831, 43.54043],
						[4.142042, 43.541292]
					],
					[
						[4.137523, 43.537399],
						[4.137796, 43.537403],
						[4.138056, 43.537525],
						[4.138031, 43.537559],
						[4.141349, 43.539133]
					],
					[
						[4.100346, 43.556679],
						[4.10037, 43.556708]
					],
					[
						[4.099372, 43.557122],
						[4.099356, 43.557081]
					],
					[
						[4.100286, 43.556604],
						[4.100758, 43.55645]
					],
					[
						[4.096565, 43.560715],
						[4.096757, 43.560572],
						[4.097025, 43.560071],
						[4.097689, 43.559224],
						[4.097808, 43.559233],
						[4.098782, 43.558056],
						[4.098811, 43.557855],
						[4.099042, 43.557511]
					],
					[
						[4.087768, 43.561228],
						[4.088069, 43.56085]
					],
					[
						[4.10037, 43.556708],
						[4.099948, 43.557069]
					],
					[
						[3.977082, 43.548633],
						[3.975458, 43.54811]
					],
					[
						[4.068904, 43.561109],
						[4.068289, 43.561535],
						[4.068095, 43.561608]
					],
					[
						[3.924541, 43.531456],
						[3.924898, 43.531631],
						[3.925257, 43.53159],
						[3.925621, 43.531911],
						[3.926051, 43.531985],
						[3.926185, 43.53208]
					],
					[
						[4.081743, 43.560867],
						[4.081209, 43.560641]
					],
					[
						[5.291168, 45.802371],
						[5.291046, 45.802612]
					],
					[
						[5.292477, 45.80084],
						[5.292347, 45.800941],
						[5.292243, 45.801528],
						[5.292115, 45.801724],
						[5.291491, 45.802107],
						[5.291168, 45.802371]
					],
					[
						[3.900037, 43.5383],
						[3.903299, 43.536201],
						[3.905443, 43.534751],
						[3.906289, 43.534367],
						[3.906868, 43.534256],
						[3.907192, 43.534241],
						[3.91104, 43.534644],
						[3.912507, 43.534687],
						[3.913703, 43.534548],
						[3.913913, 43.534492],
						[3.914327, 43.534273],
						[3.914691, 43.534407],
						[3.915624, 43.534211]
					],
					[
						[3.759062, 43.441302],
						[3.759432, 43.440407],
						[3.759475, 43.440156]
					],
					[
						[3.748703, 43.441178],
						[3.748828, 43.44114],
						[3.748876, 43.441233],
						[3.748768, 43.44127],
						[3.748703, 43.441178]
					],
					[
						[3.915121, 43.534616],
						[3.914308, 43.534844],
						[3.914236, 43.534932],
						[3.914252, 43.535051]
					],
					[
						[3.918784, 43.532874],
						[3.918152, 43.533251]
					],
					[
						[3.831644, 43.524479],
						[3.831627, 43.524511]
					],
					[
						[3.852838, 43.532966],
						[3.852886, 43.53388],
						[3.852966, 43.533967],
						[3.852907, 43.53483],
						[3.855228, 43.536857],
						[3.855406, 43.537181],
						[3.855514, 43.537771],
						[3.855882, 43.538108]
					],
					[
						[3.731714, 43.425555],
						[3.73233, 43.425533],
						[3.732813, 43.425582],
						[3.733403, 43.42576],
						[3.736768, 43.427162],
						[3.737014, 43.427342],
						[3.737274, 43.42764]
					],
					[
						[3.759475, 43.440156],
						[3.759769, 43.439508]
					],
					[
						[3.759684, 43.439487],
						[3.759618, 43.439469],
						[3.760124, 43.438162],
						[3.760537, 43.437691],
						[3.760449, 43.437418],
						[3.760591, 43.437357]
					],
					[
						[3.729655, 43.424687],
						[3.729671, 43.424593]
					],
					[
						[3.914252, 43.535051],
						[3.91381, 43.535107],
						[3.912868, 43.53511],
						[3.908222, 43.534604]
					],
					[
						[3.90148, 43.537952],
						[3.899783, 43.539029]
					],
					[
						[3.704747, 43.409464],
						[3.704687, 43.409542],
						[3.703968, 43.409234],
						[3.703797, 43.40911],
						[3.703569, 43.409082]
					],
					[
						[3.755198, 43.442778],
						[3.75568, 43.443497],
						[3.755924, 43.443606]
					],
					[
						[3.753043, 43.442117],
						[3.752951, 43.442111],
						[3.751438, 43.441184],
						[3.750382, 43.440257],
						[3.750161, 43.440095],
						[3.750029, 43.44007]
					],
					[
						[3.729655, 43.424687],
						[3.729713, 43.424771],
						[3.729598, 43.424814],
						[3.729543, 43.424721],
						[3.729655, 43.424687]
					],
					[
						[4.614695, 43.686713],
						[4.614557, 43.687121]
					],
					[
						[4.615015, 43.684968],
						[4.615065, 43.68442]
					],
					[
						[4.614973, 43.685494],
						[4.615015, 43.684968]
					],
					[
						[4.615101, 43.684165],
						[4.615211, 43.683804]
					],
					[
						[4.61492, 43.684923],
						[4.614874, 43.68486],
						[4.6149, 43.68454],
						[4.615065, 43.68442]
					],
					[
						[4.615065, 43.68442],
						[4.615101, 43.684165]
					],
					[
						[4.869025, 44.995168],
						[4.868893, 44.995232]
					],
					[
						[4.521273, 43.744724],
						[4.5213, 43.744681]
					],
					[
						[6.478109, 46.375032],
						[6.478034, 46.374995]
					],
					[
						[4.990858, 45.795542],
						[4.99085, 45.795664]
					],
					[
						[4.698664, 44.246067],
						[4.698922, 44.246003],
						[4.699207, 44.246106],
						[4.699654, 44.245799],
						[4.700647, 44.245326]
					],
					[
						[4.647228, 44.368882],
						[4.647361, 44.368876]
					],
					[
						[4.647162, 44.368804],
						[4.647228, 44.368882]
					],
					[
						[4.773772, 43.949063],
						[4.774889, 43.948887],
						[4.776143, 43.948792],
						[4.77652, 43.948704],
						[4.776979, 43.948498],
						[4.77717, 43.948476],
						[4.778512, 43.948501],
						[4.778811, 43.948567],
						[4.779892, 43.949119]
					],
					[
						[6.142018, 46.209469],
						[6.142111, 46.209398]
					],
					[
						[6.577836, 46.398907],
						[6.578376, 46.398983]
					],
					[
						[6.596462, 46.401585],
						[6.596288, 46.401609]
					],
					[
						[5.793397, 45.820501],
						[5.792769, 45.819886],
						[5.792349, 45.819378],
						[5.792722, 45.818796],
						[5.792984, 45.818149],
						[5.793056, 45.818055],
						[5.793331, 45.817904],
						[5.793606, 45.817329],
						[5.793656, 45.817126],
						[5.793523, 45.816558],
						[5.793543, 45.816336],
						[5.794184, 45.815006],
						[5.793921, 45.81476],
						[5.79376, 45.814456],
						[5.793337, 45.814059],
						[5.79327, 45.813909]
					],
					[
						[5.697401, 45.671281],
						[5.695662, 45.670123],
						[5.694289, 45.66935],
						[5.689602, 45.666932],
						[5.688499, 45.666174],
						[5.687575, 45.665229],
						[5.687096, 45.664465],
						[5.686998, 45.664151],
						[5.687108, 45.663843],
						[5.688662, 45.662404],
						[5.689135, 45.661863],
						[5.689128, 45.661771],
						[5.689084, 45.661712],
						[5.688895, 45.66167],
						[5.68649, 45.661451],
						[5.686315, 45.661368],
						[5.690134, 45.651821],
						[5.690434, 45.651447],
						[5.690849, 45.651391],
						[5.690932, 45.651331],
						[5.691172, 45.650405],
						[5.691343, 45.649392],
						[5.691469, 45.649066],
						[5.692587, 45.647906],
						[5.693025, 45.647213],
						[5.693068, 45.64677],
						[5.692838, 45.646324],
						[5.692721, 45.645897],
						[5.692728, 45.645804],
						[5.693085, 45.645453],
						[5.693218, 45.644831],
						[5.693137, 45.644537],
						[5.692793, 45.64418],
						[5.692425, 45.643917],
						[5.691514, 45.643451],
						[5.691405, 45.643349],
						[5.691191, 45.642891],
						[5.690835, 45.642336],
						[5.690258, 45.641573],
						[5.689415, 45.640738],
						[5.688842, 45.640243],
						[5.687029, 45.639104],
						[5.685727, 45.638534],
						[5.685222, 45.638399],
						[5.684258, 45.638288],
						[5.683429, 45.638265],
						[5.68336, 45.63829],
						[5.683309, 45.638448],
						[5.682859, 45.638482],
						[5.682123, 45.63845],
						[5.681489, 45.638337],
						[5.677757, 45.637233],
						[5.677073, 45.637079],
						[5.676679, 45.636896],
						[5.67662, 45.636804],
						[5.676611, 45.636562]
					],
					[
						[6.142804, 46.209182],
						[6.142687, 46.209198]
					],
					[
						[4.807072, 43.38348],
						[4.806429, 43.383551],
						[4.806057, 43.38369],
						[4.803844, 43.385019],
						[4.803677, 43.385177]
					],
					[
						[4.798924, 43.38886],
						[4.798711, 43.388658]
					],
					[
						[6.135512, 46.204082],
						[6.135348, 46.204313]
					],
					[
						[4.811769, 45.111815],
						[4.812208, 45.111598],
						[4.812567, 45.110215],
						[4.813094, 45.109622],
						[4.813501, 45.109343],
						[4.814337, 45.10897],
						[4.816522, 45.107836],
						[4.817044, 45.107455],
						[4.818085, 45.106384],
						[4.818658, 45.105846],
						[4.819117, 45.105506],
						[4.820289, 45.104205],
						[4.821096, 45.103523]
					],
					[
						[4.802404, 43.950235],
						[4.802412, 43.950284]
					],
					[
						[4.818024, 45.720044],
						[4.818232, 45.719216],
						[4.818245, 45.71895]
					],
					[
						[4.816109, 45.727293],
						[4.816148, 45.727632],
						[4.815866, 45.728504]
					],
					[
						[4.894294, 45.783962],
						[4.894794, 45.784101],
						[4.895438, 45.784399],
						[4.895442, 45.784438]
					],
					[
						[6.154727, 46.204171],
						[6.155872, 46.204721]
					],
					[
						[6.15331, 46.203548],
						[6.153643, 46.20365],
						[6.154727, 46.204171]
					],
					[
						[4.803282, 43.957196],
						[4.802187, 43.956819]
					],
					[
						[6.14211, 46.209553],
						[6.142018, 46.209469]
					],
					[
						[6.141885, 46.207014],
						[6.141733, 46.206913]
					],
					[
						[6.141943, 46.20705],
						[6.141885, 46.207014]
					],
					[
						[6.141994, 46.207088],
						[6.141943, 46.20705]
					],
					[
						[4.644432, 43.805677],
						[4.638791, 43.806458]
					],
					[
						[5.603274, 45.653892],
						[5.602789, 45.653731]
					],
					[
						[5.604747, 45.654344],
						[5.603274, 45.653892]
					],
					[
						[4.646516, 43.805342],
						[4.646482, 43.805346]
					],
					[
						[6.098941, 46.179594],
						[6.098983, 46.179737]
					],
					[
						[6.478855, 46.375642],
						[6.478642, 46.375313],
						[6.478109, 46.375032]
					],
					[
						[6.478957, 46.375896],
						[6.478901, 46.375727]
					],
					[
						[6.479459, 46.376978],
						[6.478957, 46.375896]
					],
					[
						[6.069381, 46.176812],
						[6.069, 46.177011]
					],
					[
						[6.490774, 46.386673],
						[6.48977, 46.386843],
						[6.485385, 46.387062],
						[6.484924, 46.387045],
						[6.484495, 46.386938]
					],
					[
						[6.497346, 46.385337],
						[6.495432, 46.385684],
						[6.492995, 46.386056],
						[6.491251, 46.386502],
						[6.49123, 46.386546]
					],
					[
						[6.483219, 46.383199],
						[6.483219, 46.383315],
						[6.483008, 46.383359]
					],
					[
						[6.382955, 46.330395],
						[6.383587, 46.329864],
						[6.384468, 46.329423]
					],
					[
						[6.387738, 46.333063],
						[6.388032, 46.332718],
						[6.388284, 46.332514]
					],
					[
						[6.389723, 46.331471],
						[6.389862, 46.331374]
					],
					[
						[6.389744, 46.331251],
						[6.389862, 46.331374]
					],
					[
						[6.388307, 46.330132],
						[6.388807, 46.330403]
					],
					[
						[6.386765, 46.329292],
						[6.386863, 46.329348]
					],
					[
						[6.473711, 46.373024],
						[6.473279, 46.372804]
					],
					[
						[6.474309, 46.373264],
						[6.473711, 46.373024]
					],
					[
						[6.472852, 46.3725],
						[6.472123, 46.371972]
					],
					[
						[6.473279, 46.372804],
						[6.472852, 46.3725]
					],
					[
						[6.134138, 46.203231],
						[6.134213, 46.203286]
					],
					[
						[4.756957, 44.756284],
						[4.757095, 44.756228]
					],
					[
						[5.703056, 45.726271],
						[5.702653, 45.726902],
						[5.702118, 45.728061],
						[5.702101, 45.728376],
						[5.70225, 45.72866],
						[5.703609, 45.730027],
						[5.704352, 45.731409],
						[5.704632, 45.731745]
					],
					[
						[6.265584, 46.315034],
						[6.265291, 46.314759]
					],
					[
						[4.713988, 44.186803],
						[4.713923, 44.186701],
						[4.713959, 44.186588],
						[4.715305, 44.184256],
						[4.71612, 44.182961],
						[4.718746, 44.1797],
						[4.719135, 44.179153],
						[4.720205, 44.17737],
						[4.721088, 44.175241],
						[4.721542, 44.173462],
						[4.721777, 44.171381],
						[4.721734, 44.16965],
						[4.720822, 44.162564],
						[4.720755, 44.160789],
						[4.720793, 44.160396],
						[4.720691, 44.160368],
						[4.720682, 44.160141],
						[4.720758, 44.158977],
						[4.721017, 44.157054],
						[4.720821, 44.156931],
						[4.720454, 44.156958],
						[4.72016, 44.157293],
						[4.720073, 44.157323],
						[4.720014, 44.157281],
						[4.720278, 44.156083],
						[4.72037, 44.15603],
						[4.722047, 44.150496],
						[4.722028, 44.150216]
					],
					[
						[6.797777, 46.393498],
						[6.796689, 46.39328],
						[6.795611, 46.39289]
					],
					[
						[4.816104, 45.729518],
						[4.81564, 45.730329]
					],
					[
						[4.815682, 45.729019],
						[4.815646, 45.729102]
					],
					[
						[4.829293, 45.070849],
						[4.830847, 45.06959],
						[4.832248, 45.068881],
						[4.832778, 45.068707]
					],
					[
						[5.333188, 45.856938],
						[5.334374, 45.856538],
						[5.334174, 45.856186],
						[5.334566, 45.856051],
						[5.33461, 45.855976],
						[5.335757, 45.855599],
						[5.335394, 45.855041],
						[5.335106, 45.855049],
						[5.334718, 45.854205],
						[5.334772, 45.853983],
						[5.333955, 45.852824],
						[5.333821, 45.852743]
					],
					[
						[6.013674, 46.188506],
						[6.01363, 46.18826]
					],
					[
						[4.638247, 43.805779],
						[4.638351, 43.805849]
					],
					[
						[5.260876, 45.785515],
						[5.261075, 45.785541],
						[5.261491, 45.785423],
						[5.261824, 45.785446],
						[5.262373, 45.785621],
						[5.264146, 45.785964],
						[5.264554, 45.786063],
						[5.265455, 45.786388],
						[5.266029, 45.786422],
						[5.269536, 45.78758]
					],
					[
						[5.269536, 45.78758],
						[5.269783, 45.78779],
						[5.275247, 45.791324]
					],
					[
						[5.27553, 45.794351],
						[5.275581, 45.79213],
						[5.275451, 45.791608],
						[5.275247, 45.791324]
					],
					[
						[5.299339, 45.804283],
						[5.297322, 45.804624],
						[5.296767, 45.804754]
					],
					[
						[5.335564, 45.861038],
						[5.335784, 45.862293],
						[5.336144, 45.863275]
					],
					[
						[5.336144, 45.863275],
						[5.336683, 45.865282],
						[5.337728, 45.867072]
					],
					[
						[5.342907, 45.871168],
						[5.343369, 45.872056],
						[5.346804, 45.876883],
						[5.347213, 45.877538],
						[5.347447, 45.878252],
						[5.347527, 45.878953]
					],
					[
						[5.347783, 45.879185],
						[5.347695, 45.879471],
						[5.347624, 45.881892],
						[5.347569, 45.881937]
					],
					[
						[5.347569, 45.881937],
						[5.347524, 45.88189],
						[5.347509, 45.879094]
					],
					[
						[5.342907, 45.871168],
						[5.340744, 45.869575],
						[5.338446, 45.868141]
					],
					[
						[5.351372, 45.885432],
						[5.352698, 45.885806]
					],
					[
						[5.278418, 45.796937],
						[5.277696, 45.796013]
					],
					[
						[5.276568, 45.796558],
						[5.276383, 45.796397],
						[5.276152, 45.796056],
						[5.276243, 45.795259]
					],
					[
						[6.393326, 46.334573],
						[6.393191, 46.334546]
					],
					[
						[4.797701, 45.566038],
						[4.799235, 45.565799],
						[4.799472, 45.565836]
					],
					[
						[4.797665, 45.566017],
						[4.797707, 45.566082],
						[4.797614, 45.566114],
						[4.797568, 45.566045],
						[4.797665, 45.566017]
					],
					[
						[4.795715, 45.568694],
						[4.796347, 45.56782]
					],
					[
						[6.502908, 46.382427],
						[6.502678, 46.382376]
					],
					[
						[6.497346, 46.385337],
						[6.497332, 46.385298]
					],
					[
						[6.447621, 46.363915],
						[6.447808, 46.363877]
					],
					[
						[6.634782, 46.405261],
						[6.629301, 46.404424]
					],
					[
						[6.660954, 46.404433],
						[6.658848, 46.404533]
					],
					[
						[6.65592, 46.404779],
						[6.653073, 46.405049],
						[6.649894, 46.405673]
					],
					[
						[6.59093, 46.402028],
						[6.589736, 46.40213],
						[6.588922, 46.402128],
						[6.588288, 46.402082],
						[6.58725, 46.401925]
					],
					[
						[6.591278, 46.401982],
						[6.59093, 46.402028]
					],
					[
						[6.519946, 46.387259],
						[6.520223, 46.387341]
					],
					[
						[6.520223, 46.387341],
						[6.519934, 46.387363]
					],
					[
						[6.519712, 46.387282],
						[6.519583, 46.387147]
					],
					[
						[6.519583, 46.387147],
						[6.519814, 46.387217]
					],
					[
						[6.523129, 46.388295],
						[6.522776, 46.388041],
						[6.522361, 46.387865],
						[6.520223, 46.387341]
					],
					[
						[6.519907, 46.38738],
						[6.519734, 46.38736]
					],
					[
						[6.516927, 46.385961],
						[6.516555, 46.385819],
						[6.516114, 46.385826]
					],
					[
						[6.519583, 46.387147],
						[6.516927, 46.385961]
					],
					[
						[6.513359, 46.384427],
						[6.513117, 46.384314],
						[6.513159, 46.384208]
					],
					[
						[6.512356, 46.383408],
						[6.512984, 46.383751],
						[6.513208, 46.383922],
						[6.513238, 46.384025]
					],
					[
						[6.510675, 46.38288],
						[6.510995, 46.382912]
					],
					[
						[6.512089, 46.383367],
						[6.511495, 46.383106]
					],
					[
						[6.511273, 46.382975],
						[6.511514, 46.383053]
					],
					[
						[6.534208, 46.395302],
						[6.53439, 46.395345]
					],
					[
						[6.533965, 46.395267],
						[6.533847, 46.395256]
					],
					[
						[6.415224, 46.354901],
						[6.415663, 46.354996]
					],
					[
						[6.413926, 46.354518],
						[6.415058, 46.354861]
					],
					[
						[6.413281, 46.354176],
						[6.413773, 46.354455]
					],
					[
						[6.411639, 46.353192],
						[6.41316, 46.354104]
					],
					[
						[6.409498, 46.351726],
						[6.409836, 46.351963]
					],
					[
						[6.409034, 46.3514],
						[6.4091, 46.351446]
					],
					[
						[6.409413, 46.351666],
						[6.409498, 46.351726]
					],
					[
						[6.409277, 46.351571],
						[6.409413, 46.351666]
					],
					[
						[6.4091, 46.351446],
						[6.409277, 46.351571]
					],
					[
						[6.404969, 46.35103],
						[6.404874, 46.351068]
					],
					[
						[6.441443, 46.362857],
						[6.441354, 46.362675],
						[6.441199, 46.361952]
					],
					[
						[6.070717, 46.176014],
						[6.0695, 46.176746]
					],
					[
						[3.829526, 43.524028],
						[3.829261, 43.523967]
					],
					[
						[3.828115, 43.522226],
						[3.827774, 43.521872],
						[3.827577, 43.521779],
						[3.826596, 43.521664],
						[3.826153, 43.521708],
						[3.825113, 43.521692],
						[3.824282, 43.521345],
						[3.823918, 43.521135],
						[3.823143, 43.520876],
						[3.821078, 43.519588],
						[3.820048, 43.518873],
						[3.818144, 43.517905],
						[3.817355, 43.517601],
						[3.81585, 43.516459],
						[3.814742, 43.515706],
						[3.813693, 43.515326]
					],
					[
						[6.585283, 46.401351],
						[6.584961, 46.4012]
					],
					[
						[5.642991, 45.640045],
						[5.643244, 45.640344],
						[5.643398, 45.640437],
						[5.643745, 45.640543]
					],
					[
						[6.480806, 46.378408],
						[6.480846, 46.378126]
					],
					[
						[6.480846, 46.378126],
						[6.480935, 46.378408]
					],
					[
						[6.58098, 46.399389],
						[6.5807, 46.39931]
					],
					[
						[6.581477, 46.399527],
						[6.58242, 46.399969]
					],
					[
						[6.42164, 46.355463],
						[6.421571, 46.355511]
					],
					[
						[6.42164, 46.355463],
						[6.422027, 46.355698],
						[6.422527, 46.355736]
					],
					[
						[6.422785, 46.35579],
						[6.422515, 46.355782]
					],
					[
						[6.406456, 46.350322],
						[6.4063, 46.350449]
					],
					[
						[5.829953, 45.925975],
						[5.831497, 45.926086],
						[5.831574, 45.925972],
						[5.831447, 45.925652],
						[5.83146, 45.925422]
					],
					[
						[6.359108, 46.337425],
						[6.359541, 46.337983]
					],
					[
						[6.357075, 46.334171],
						[6.357183, 46.334462]
					],
					[
						[6.313413, 46.366158],
						[6.313304, 46.366264]
					],
					[
						[5.960713, 46.126678],
						[5.960415, 46.125846],
						[5.960021, 46.125292],
						[5.959864, 46.124237],
						[5.959933, 46.124057],
						[5.960592, 46.123239],
						[5.960796, 46.122794],
						[5.962128, 46.120832],
						[5.962262, 46.120465],
						[5.962319, 46.120128],
						[5.96229, 46.119561],
						[5.961814, 46.118583],
						[5.961776, 46.118358],
						[5.962235, 46.116828]
					],
					[
						[6.283568, 46.343767],
						[6.283279, 46.343497]
					],
					[
						[6.283279, 46.343497],
						[6.283621, 46.343736]
					],
					[
						[6.289186, 46.348424],
						[6.289129, 46.348287]
					],
					[
						[6.289129, 46.348287],
						[6.289302, 46.348345]
					],
					[
						[6.268242, 46.328044],
						[6.267859, 46.327545]
					],
					[
						[6.26975, 46.329151],
						[6.269573, 46.328949]
					],
					[
						[6.270465, 46.329966],
						[6.270194, 46.329658]
					],
					[
						[6.270612, 46.330131],
						[6.270465, 46.329966]
					],
					[
						[6.270947, 46.330474],
						[6.270833, 46.330341]
					],
					[
						[6.27118, 46.330786],
						[6.270947, 46.330474]
					],
					[
						[6.271293, 46.330911],
						[6.27118, 46.330786]
					],
					[
						[6.271533, 46.331181],
						[6.271293, 46.330911]
					],
					[
						[6.276272, 46.335235],
						[6.276471, 46.335586]
					],
					[
						[6.276471, 46.335586],
						[6.276801, 46.33624]
					],
					[
						[6.274483, 46.332878],
						[6.275091, 46.333448]
					],
					[
						[6.275946, 46.334679],
						[6.275516, 46.333929],
						[6.275091, 46.333448]
					],
					[
						[6.277021, 46.336649],
						[6.276801, 46.33624]
					],
					[
						[6.266645, 46.315817],
						[6.265856, 46.315276]
					],
					[
						[6.267785, 46.325491],
						[6.267836, 46.325286]
					],
					[
						[6.248303, 46.30391],
						[6.247748, 46.303077]
					],
					[
						[6.265856, 46.315276],
						[6.265584, 46.315034]
					],
					[
						[6.371836, 46.331206],
						[6.371326, 46.331294],
						[6.371027, 46.331481],
						[6.370844, 46.331652],
						[6.370331, 46.332403]
					],
					[
						[6.371868, 46.330844],
						[6.371958, 46.330977]
					],
					[
						[6.371851, 46.331153],
						[6.371836, 46.331206]
					],
					[
						[6.371863, 46.331112],
						[6.371851, 46.331153]
					],
					[
						[6.371912, 46.331023],
						[6.371873, 46.331062]
					],
					[
						[6.371958, 46.330977],
						[6.371912, 46.331023]
					],
					[
						[6.372079, 46.330663],
						[6.371868, 46.330844]
					],
					[
						[6.371151, 46.331161],
						[6.3711, 46.330993]
					],
					[
						[6.371226, 46.330807],
						[6.371241, 46.330781]
					],
					[
						[6.371205, 46.330842],
						[6.371226, 46.330807]
					],
					[
						[6.371138, 46.330951],
						[6.371173, 46.330912]
					],
					[
						[6.3711, 46.330993],
						[6.371138, 46.330951]
					],
					[
						[6.371173, 46.330912],
						[6.371205, 46.330842]
					],
					[
						[6.38771, 46.329883],
						[6.388174, 46.330079]
					],
					[
						[6.387001, 46.329435],
						[6.38771, 46.329883]
					],
					[
						[6.370182, 46.332631],
						[6.37014, 46.332722]
					],
					[
						[6.369943, 46.332602],
						[6.370044, 46.332562]
					],
					[
						[6.37014, 46.332722],
						[6.370075, 46.332743]
					],
					[
						[6.37017, 46.332482],
						[6.370243, 46.332301]
					],
					[
						[6.369786, 46.332628],
						[6.369943, 46.332602]
					],
					[
						[6.370331, 46.332403],
						[6.370204, 46.332495]
					],
					[
						[6.426785, 46.355605],
						[6.426684, 46.355632]
					],
					[
						[6.426855, 46.355608],
						[6.426901, 46.355612]
					],
					[
						[6.426785, 46.355605],
						[6.426828, 46.355606]
					],
					[
						[6.426901, 46.355612],
						[6.427128, 46.355691]
					],
					[
						[6.426684, 46.355632],
						[6.426698, 46.355557],
						[6.426785, 46.355605]
					],
					[
						[6.289286, 46.348569],
						[6.289191, 46.348503],
						[6.289186, 46.348424]
					],
					[
						[6.304278, 46.363545],
						[6.304383, 46.363499],
						[6.304494, 46.363536]
					],
					[
						[6.356738, 46.341663],
						[6.356782, 46.3418]
					],
					[
						[6.391116, 46.339914],
						[6.391056, 46.340027]
					],
					[
						[6.402867, 46.349482],
						[6.402806, 46.349433]
					],
					[
						[6.387412, 46.333369],
						[6.387738, 46.333063]
					],
					[
						[6.388768, 46.332119],
						[6.388891, 46.33203]
					],
					[
						[6.389362, 46.331734],
						[6.389723, 46.331471]
					],
					[
						[6.388891, 46.33203],
						[6.389199, 46.331815]
					],
					[
						[6.388174, 46.330079],
						[6.388307, 46.330132]
					],
					[
						[6.386734, 46.329279],
						[6.386765, 46.329292]
					],
					[
						[6.386863, 46.329348],
						[6.387001, 46.329435]
					],
					[
						[4.815299, 45.72959],
						[4.81534, 45.729486]
					],
					[
						[4.815429, 45.729755],
						[4.815289, 45.729616]
					],
					[
						[4.81534, 45.729486],
						[4.815278, 45.72941],
						[4.815367, 45.729157]
					],
					[
						[4.815393, 45.729157],
						[4.815477, 45.729154]
					],
					[
						[4.815289, 45.729616],
						[4.815299, 45.72959]
					],
					[
						[4.994982, 45.794781],
						[4.995152, 45.794688]
					],
					[
						[4.970957, 45.796803],
						[4.970724, 45.796843],
						[4.9703, 45.796993],
						[4.970186, 45.797076],
						[4.970135, 45.797253],
						[4.970214, 45.797623],
						[4.970121, 45.797768]
					],
					[
						[4.933869, 45.803185],
						[4.934036, 45.803131],
						[4.934187, 45.803168]
					],
					[
						[6.377126, 46.328978],
						[6.376669, 46.328911],
						[6.376534, 46.328936],
						[6.375514, 46.329596],
						[6.375184, 46.32993]
					],
					[
						[6.372928, 46.33025],
						[6.372663, 46.330256]
					],
					[
						[6.373896, 46.330061],
						[6.372928, 46.33025]
					],
					[
						[6.375184, 46.32993],
						[6.373896, 46.330061]
					],
					[
						[6.378177, 46.329759],
						[6.378202, 46.330116]
					],
					[
						[6.377261, 46.328987],
						[6.377126, 46.328978]
					],
					[
						[6.378166, 46.329668],
						[6.378177, 46.329759]
					],
					[
						[6.378011, 46.32941],
						[6.37811, 46.329542]
					],
					[
						[6.378202, 46.330116],
						[6.378192, 46.330806]
					],
					[
						[6.37796, 46.329346],
						[6.378011, 46.32941]
					],
					[
						[6.393191, 46.334546],
						[6.392533, 46.33441]
					],
					[
						[6.393144, 46.334745],
						[6.393191, 46.334546]
					],
					[
						[6.393326, 46.334573],
						[6.393144, 46.334745]
					],
					[
						[6.390972, 46.339576],
						[6.390967, 46.339866]
					],
					[
						[6.400685, 46.349431],
						[6.400737, 46.34944]
					],
					[
						[6.400737, 46.34944],
						[6.400786, 46.349447]
					],
					[
						[6.391056, 46.340027],
						[6.392124, 46.340757],
						[6.393026, 46.341587]
					],
					[
						[6.369728, 46.332631],
						[6.369786, 46.332628]
					],
					[
						[6.36978, 46.332646],
						[6.369728, 46.332631]
					],
					[
						[6.366957, 46.331815],
						[6.367081, 46.331851]
					],
					[
						[6.366512, 46.3317],
						[6.366957, 46.331815]
					],
					[
						[6.369219, 46.332509],
						[6.369728, 46.332631]
					],
					[
						[6.360656, 46.332661],
						[6.360989, 46.3326],
						[6.361443, 46.332437]
					],
					[
						[6.358194, 46.333101],
						[6.358271, 46.333083]
					],
					[
						[6.358706, 46.337017],
						[6.359108, 46.337425]
					],
					[
						[6.357104, 46.334006],
						[6.357075, 46.334171]
					],
					[
						[6.357143, 46.333936],
						[6.357104, 46.334006]
					],
					[
						[6.356885, 46.341221],
						[6.357003, 46.341072]
					],
					[
						[6.356488, 46.341746],
						[6.3565, 46.341708]
					],
					[
						[6.356615, 46.341855],
						[6.356577, 46.341846]
					],
					[
						[6.3565, 46.341708],
						[6.356602, 46.341645]
					],
					[
						[6.357113, 46.340933],
						[6.357179, 46.34085]
					],
					[
						[6.359363, 46.33815],
						[6.359541, 46.337983]
					],
					[
						[4.960523, 45.798512],
						[4.960901, 45.798527]
					],
					[
						[3.792752, 43.496371],
						[3.792659, 43.496209]
					],
					[
						[6.118865, 46.19005],
						[6.118831, 46.190053]
					],
					[
						[6.142218, 46.209503],
						[6.14211, 46.209553]
					],
					[
						[4.821358, 45.70839],
						[4.821372, 45.708048],
						[4.82127, 45.707538]
					],
					[
						[4.821146, 45.709009],
						[4.821291, 45.70874],
						[4.821358, 45.70839]
					],
					[
						[4.819342, 45.7141],
						[4.819898, 45.711681],
						[4.819866, 45.711645]
					],
					[
						[4.8184, 45.718422],
						[4.818512, 45.717902],
						[4.818595, 45.717835]
					],
					[
						[6.391056, 46.340027],
						[6.390886, 46.339984],
						[6.390887, 46.339912],
						[6.390967, 46.339866]
					],
					[
						[6.393026, 46.341587],
						[6.393189, 46.341757]
					],
					[
						[6.393189, 46.341757],
						[6.39358, 46.342123]
					],
					[
						[6.391103, 46.339152],
						[6.390972, 46.339576]
					],
					[
						[6.37101, 46.331339],
						[6.371151, 46.331161]
					],
					[
						[6.370956, 46.331384],
						[6.37101, 46.331339]
					],
					[
						[6.01363, 46.18826],
						[6.013562, 46.18807]
					],
					[
						[6.012932, 46.18765],
						[6.012465, 46.187642]
					],
					[
						[4.773892, 44.78198],
						[4.773647, 44.781671]
					],
					[
						[4.773647, 44.781671],
						[4.773726, 44.781549],
						[4.773914, 44.781523]
					],
					[
						[6.352395, 46.35615],
						[6.352369, 46.356148]
					],
					[
						[6.352369, 46.356148],
						[6.352341, 46.356146]
					],
					[
						[6.352317, 46.356128],
						[6.352307, 46.356119]
					],
					[
						[6.354422, 46.354817],
						[6.354408, 46.354828]
					],
					[
						[6.354541, 46.354728],
						[6.354518, 46.354746]
					],
					[
						[6.354408, 46.354828],
						[6.353991, 46.355244],
						[6.353556, 46.355569],
						[6.353111, 46.355793],
						[6.352967, 46.355912],
						[6.352694, 46.355978],
						[6.352395, 46.35615]
					],
					[
						[6.354518, 46.354746],
						[6.354422, 46.354817]
					],
					[
						[6.35557, 46.353196],
						[6.355537, 46.353271]
					],
					[
						[6.356326, 46.350582],
						[6.356566, 46.351129],
						[6.356555, 46.351512],
						[6.35557, 46.353196]
					],
					[
						[6.356299, 46.350513],
						[6.356326, 46.350582]
					],
					[
						[6.356167, 46.350156],
						[6.356299, 46.350513]
					],
					[
						[6.35613, 46.350024],
						[6.356167, 46.350156]
					],
					[
						[6.356179, 46.349558],
						[6.35613, 46.350024]
					],
					[
						[6.355537, 46.353271],
						[6.35506, 46.354117],
						[6.354755, 46.354537],
						[6.354541, 46.354728]
					],
					[
						[6.356205, 46.349458],
						[6.356179, 46.349558]
					],
					[
						[6.356793, 46.342036],
						[6.356748, 46.341956]
					],
					[
						[6.356793, 46.342036],
						[6.356877, 46.342048]
					],
					[
						[6.357917, 46.345839],
						[6.357905, 46.345849]
					],
					[
						[6.35794, 46.34582],
						[6.357917, 46.345839]
					],
					[
						[6.358036, 46.345676],
						[6.357966, 46.345798]
					],
					[
						[6.358061, 46.34559],
						[6.358036, 46.345676]
					],
					[
						[6.352013, 46.356169],
						[6.352094, 46.35615]
					],
					[
						[6.351769, 46.35647],
						[6.351693, 46.356536]
					],
					[
						[4.802903, 44.816592],
						[4.80297, 44.81518],
						[4.802796, 44.81331]
					],
					[
						[4.619313, 43.829677],
						[4.618046, 43.830641]
					],
					[
						[4.619401, 43.829613],
						[4.619313, 43.829677]
					],
					[
						[4.819049, 45.7335],
						[4.819504, 45.733356],
						[4.820304, 45.732721]
					],
					[
						[4.820304, 45.732721],
						[4.821142, 45.732055]
					],
					[
						[4.8798, 44.926341],
						[4.882093, 44.92908]
					],
					[
						[4.882093, 44.92908],
						[4.8826, 44.929628]
					],
					[
						[6.172514, 46.211887],
						[6.170912, 46.211191]
					],
					[
						[5.8346, 45.95689],
						[5.834264, 45.956796],
						[5.834002, 45.956809]
					],
					[
						[3.898113, 43.539478],
						[3.898373, 43.539375],
						[3.8988, 43.539067]
					],
					[
						[3.8988, 43.539067],
						[3.899358, 43.538625],
						[3.900037, 43.5383]
					],
					[
						[3.795988, 43.492287],
						[3.795345, 43.493229],
						[3.795302, 43.493397]
					],
					[
						[3.814922, 43.512578],
						[3.816177, 43.513482]
					],
					[
						[4.189528, 43.568999],
						[4.189524, 43.568976]
					],
					[
						[4.189994, 43.568917],
						[4.189839, 43.569029]
					],
					[
						[4.191592, 43.568844],
						[4.191498, 43.568827],
						[4.191223, 43.568584]
					],
					[
						[5.641995, 45.639069],
						[5.641858, 45.63856],
						[5.641927, 45.638512]
					],
					[
						[5.645932, 45.63394],
						[5.645448, 45.633955],
						[5.644976, 45.634064],
						[5.643952, 45.634399],
						[5.642156, 45.634694],
						[5.641854, 45.634859],
						[5.641399, 45.635286]
					],
					[
						[4.70971, 44.586013],
						[4.711091, 44.58484],
						[4.711212, 44.584811],
						[4.711327, 44.584858]
					],
					[
						[4.783011, 44.070621],
						[4.78316, 44.070575]
					],
					[
						[4.823583, 45.736797],
						[4.823779, 45.737116],
						[4.824514, 45.737981]
					],
					[
						[6.43871, 46.360468],
						[6.43885, 46.36039]
					],
					[
						[6.438955, 46.360454],
						[6.438934, 46.360441]
					],
					[
						[5.472977, 45.672761],
						[5.472886, 45.672772]
					],
					[
						[5.477375, 45.672542],
						[5.475488, 45.672554],
						[5.473286, 45.672684],
						[5.472977, 45.672761]
					],
					[
						[5.478441, 45.674628],
						[5.478406, 45.674567]
					],
					[
						[5.478452, 45.674646],
						[5.478441, 45.674628]
					],
					[
						[5.477446, 45.672642],
						[5.477375, 45.672542]
					],
					[
						[5.772568, 45.781835],
						[5.773478, 45.782953],
						[5.773921, 45.783583],
						[5.774758, 45.785216],
						[5.774984, 45.785856],
						[5.77651, 45.793053],
						[5.776937, 45.793965],
						[5.777397, 45.795978],
						[5.779426, 45.805675],
						[5.779589, 45.806196],
						[5.780037, 45.807084],
						[5.780721, 45.807405],
						[5.78085, 45.807403]
					],
					[
						[6.438934, 46.360441],
						[6.438919, 46.360432]
					],
					[
						[6.43824, 46.360547],
						[6.438496, 46.360504]
					],
					[
						[6.438652, 46.360477],
						[6.43871, 46.360468]
					],
					[
						[6.438496, 46.360504],
						[6.438652, 46.360477]
					],
					[
						[6.438867, 46.3604],
						[6.43885, 46.36039]
					],
					[
						[6.438919, 46.360432],
						[6.438867, 46.3604]
					],
					[
						[6.438934, 46.360441],
						[6.43871, 46.360468]
					],
					[
						[6.427167, 46.356223],
						[6.427139, 46.356292]
					],
					[
						[4.818413, 44.034668],
						[4.817686, 44.034909],
						[4.817174, 44.035228],
						[4.816974, 44.035413],
						[4.813932, 44.038581],
						[4.812739, 44.040278],
						[4.811804, 44.041152],
						[4.810549, 44.042166],
						[4.809564, 44.042858],
						[4.800847, 44.048471]
					],
					[
						[4.809002, 45.25434],
						[4.808904, 45.25372],
						[4.809193, 45.253572],
						[4.80945, 45.253306],
						[4.809651, 45.252547]
					],
					[
						[4.809005, 45.254424],
						[4.809002, 45.25434]
					],
					[
						[4.812183, 45.267828],
						[4.812293, 45.267302],
						[4.812731, 45.266363]
					],
					[
						[4.812731, 45.266363],
						[4.812733, 45.266282]
					],
					[
						[4.771731, 44.076124],
						[4.771666, 44.076336],
						[4.770954, 44.076738],
						[4.769957, 44.076959],
						[4.769652, 44.076547],
						[4.769233, 44.075797],
						[4.76909, 44.075418],
						[4.768796, 44.075032],
						[4.768632, 44.074933],
						[4.7683, 44.074853],
						[4.767851, 44.074861],
						[4.7675, 44.074956],
						[4.767012, 44.075169],
						[4.766125, 44.075656],
						[4.76452, 44.076797],
						[4.76351, 44.07772],
						[4.761587, 44.079816],
						[4.761416, 44.080204],
						[4.761056, 44.081375],
						[4.76106, 44.082391],
						[4.761276, 44.083355],
						[4.76238, 44.086087],
						[4.762646, 44.086922],
						[4.76256, 44.088824],
						[4.762745, 44.090047],
						[4.762752, 44.090989],
						[4.762459, 44.092078],
						[4.762135, 44.094217],
						[4.761919, 44.095129],
						[4.761613, 44.095776],
						[4.76085, 44.096941],
						[4.760894, 44.096986]
					],
					[
						[6.422527, 46.355736],
						[6.422785, 46.35579]
					],
					[
						[4.791288, 44.056007],
						[4.791335, 44.056074],
						[4.791277, 44.056576],
						[4.79194, 44.059249],
						[4.792234, 44.060764],
						[4.792268, 44.061641],
						[4.792209, 44.062512],
						[4.791946, 44.063661],
						[4.791995, 44.063873],
						[4.791949, 44.06391]
					],
					[
						[4.771727, 44.072728],
						[4.771466, 44.072998],
						[4.769984, 44.073361],
						[4.769938, 44.073467],
						[4.770044, 44.073638]
					],
					[
						[4.875548, 45.787811],
						[4.876671, 45.787929]
					],
					[
						[4.81442, 45.647018],
						[4.814324, 45.647081]
					],
					[
						[4.825797, 45.642734],
						[4.825878, 45.642851],
						[4.825454, 45.642992]
					],
					[
						[4.885201, 44.944161],
						[4.885502, 44.943675],
						[4.886299, 44.943251]
					],
					[
						[4.886299, 44.943251],
						[4.886662, 44.942995],
						[4.886807, 44.942791],
						[4.886847, 44.942521],
						[4.886768, 44.942082],
						[4.886664, 44.941881]
					],
					[
						[5.703769, 45.71155],
						[5.704733, 45.712031],
						[5.704924, 45.711984],
						[5.705008, 45.711579]
					],
					[
						[5.705008, 45.711579],
						[5.705198, 45.709829]
					],
					[
						[5.705198, 45.709829],
						[5.705016, 45.709711]
					],
					[
						[4.889903, 44.937159],
						[4.889502, 44.937382],
						[4.889696, 44.937938],
						[4.889954, 44.93951],
						[4.889891, 44.939623]
					],
					[
						[4.694158, 43.898481],
						[4.693298, 43.898061],
						[4.691845, 43.897494]
					],
					[
						[4.867045, 44.993199],
						[4.867192, 44.993155],
						[4.867375, 44.993217]
					],
					[
						[4.867375, 44.993217],
						[4.867629, 44.993266]
					],
					[
						[4.836491, 45.751774],
						[4.836173, 45.751253]
					],
					[
						[5.405412, 45.853013],
						[5.40517, 45.852937]
					],
					[
						[4.82161, 45.731734],
						[4.821806, 45.731751],
						[4.82231, 45.73169]
					],
					[
						[6.0695, 46.176746],
						[6.069381, 46.176812]
					],
					[
						[6.224431, 46.265433],
						[6.224175, 46.265495]
					],
					[
						[5.644335, 45.640145],
						[5.644488, 45.640416]
					],
					[
						[4.790781, 44.055798],
						[4.79087, 44.055862]
					],
					[
						[4.796771, 43.392307],
						[4.797336, 43.391813]
					],
					[
						[4.796594, 43.392813],
						[4.796771, 43.392307]
					],
					[
						[4.798711, 43.388658],
						[4.798968, 43.38844],
						[4.799035, 43.388255],
						[4.799368, 43.388065],
						[4.800624, 43.387155],
						[4.801106, 43.387162]
					],
					[
						[4.787663, 43.400153],
						[4.787822, 43.40018],
						[4.788054, 43.399947],
						[4.78961, 43.397329],
						[4.789764, 43.397163],
						[4.791184, 43.396414],
						[4.791531, 43.396112],
						[4.795969, 43.393752],
						[4.796256, 43.393493],
						[4.796594, 43.392813]
					],
					[
						[4.751842, 43.416151],
						[4.751713, 43.416165],
						[4.751482, 43.416466],
						[4.751468, 43.416866]
					],
					[
						[4.74888, 43.420711],
						[4.748527, 43.420574],
						[4.748388, 43.420424]
					],
					[
						[4.74888, 43.420711],
						[4.748839, 43.420768]
					],
					[
						[4.799585, 43.389872],
						[4.799601, 43.389738],
						[4.799328, 43.389505],
						[4.79935, 43.389208],
						[4.798924, 43.38886]
					],
					[
						[4.622367, 43.671257],
						[4.622335, 43.671291]
					],
					[
						[4.622553, 43.671059],
						[4.622367, 43.671257]
					],
					[
						[4.622105, 43.670579],
						[4.62211, 43.670522]
					],
					[
						[4.620922, 43.66954],
						[4.62071, 43.669316],
						[4.620644, 43.669339]
					],
					[
						[4.620991, 43.669609],
						[4.620922, 43.66954]
					],
					[
						[4.620563, 43.669485],
						[4.620673, 43.669406],
						[4.620644, 43.669339]
					],
					[
						[4.620416, 43.669674],
						[4.620563, 43.669485]
					],
					[
						[4.617924, 43.672146],
						[4.61782, 43.672294]
					],
					[
						[4.618049, 43.67197],
						[4.617924, 43.672146]
					],
					[
						[4.617644, 43.674345],
						[4.61756, 43.674327]
					],
					[
						[4.619078, 43.675231],
						[4.620703, 43.674115],
						[4.620903, 43.674022]
					],
					[
						[4.61756, 43.674327],
						[4.616702, 43.673527],
						[4.616674, 43.673388]
					],
					[
						[5.787785, 45.810478],
						[5.787861, 45.810382],
						[5.787786, 45.809991],
						[5.787645, 45.809823],
						[5.787642, 45.809694],
						[5.787733, 45.809665]
					],
					[
						[4.61132, 43.692085],
						[4.611401, 43.69217],
						[4.611652, 43.692231],
						[4.612599, 43.693327]
					],
					[
						[4.645775, 43.890744],
						[4.645809, 43.890794],
						[4.646839, 43.891004],
						[4.648837, 43.891549]
					],
					[
						[4.7703, 44.073976],
						[4.77062, 44.074554],
						[4.770627, 44.074739],
						[4.770876, 44.075168],
						[4.771183, 44.075545],
						[4.771562, 44.075863],
						[4.77184, 44.075987]
					],
					[
						[4.825229, 45.642993],
						[4.825454, 45.642992]
					],
					[
						[4.705369, 44.240923],
						[4.705537, 44.241061]
					],
					[
						[4.705347, 44.241285],
						[4.705181, 44.24196],
						[4.705324, 44.243384],
						[4.705171, 44.24372],
						[4.704955, 44.243883]
					],
					[
						[4.704955, 44.243883],
						[4.70501, 44.243955],
						[4.70459, 44.24409]
					],
					[
						[4.70459, 44.24409],
						[4.704955, 44.243883]
					],
					[
						[4.705361, 44.240987],
						[4.705369, 44.240923]
					],
					[
						[4.651518, 44.36822],
						[4.651684, 44.368162],
						[4.652224, 44.368117]
					],
					[
						[4.764945, 44.711699],
						[4.764948, 44.71179],
						[4.76474, 44.712085],
						[4.764448, 44.712408],
						[4.764272, 44.712464]
					],
					[
						[4.76308, 44.713805],
						[4.76266, 44.714306],
						[4.762536, 44.714309],
						[4.762237, 44.714169]
					],
					[
						[4.764945, 44.711699],
						[4.765111, 44.711562]
					],
					[
						[4.638059, 43.806414],
						[4.638111, 43.806413]
					],
					[
						[4.63813, 43.805617],
						[4.637991, 43.805673]
					],
					[
						[4.637991, 43.805673],
						[4.637758, 43.805379]
					],
					[
						[4.63813, 43.805617],
						[4.637758, 43.805379]
					],
					[
						[4.786796, 43.950059],
						[4.78683, 43.950003],
						[4.78692, 43.950026],
						[4.786886, 43.95009],
						[4.786796, 43.950059]
					],
					[
						[4.784119, 43.949825],
						[4.784703, 43.950068],
						[4.785312, 43.950243],
						[4.785458, 43.950255],
						[4.786806, 43.950074]
					],
					[
						[4.818394, 45.733666],
						[4.818466, 45.733667]
					],
					[
						[4.808517, 45.613962],
						[4.808507, 45.614052]
					],
					[
						[4.815394, 45.653728],
						[4.815479, 45.653811]
					],
					[
						[4.826293, 45.665009],
						[4.826391, 45.665073],
						[4.826379, 45.665166]
					],
					[
						[4.826297, 45.665212],
						[4.826219, 45.665215]
					],
					[
						[4.81194, 45.647721],
						[4.81189, 45.647618]
					],
					[
						[4.812159, 45.649917],
						[4.812241, 45.649956],
						[4.81225, 45.65003]
					],
					[
						[5.85346, 46.048753],
						[5.853712, 46.049058]
					],
					[
						[5.852766, 46.047876],
						[5.85346, 46.048753]
					],
					[
						[5.8527, 46.047674],
						[5.852766, 46.047876]
					],
					[
						[5.85545, 46.05183],
						[5.855867, 46.052862]
					],
					[
						[5.855364, 46.051549],
						[5.85545, 46.05183]
					],
					[
						[5.838056, 45.850616],
						[5.83787, 45.850575]
					],
					[
						[5.83787, 45.850575],
						[5.838054, 45.850518]
					],
					[
						[5.838287, 45.850685],
						[5.83828, 45.851045]
					],
					[
						[5.83828, 45.851045],
						[5.838148, 45.850682]
					],
					[
						[5.842848, 45.869373],
						[5.842838, 45.867145],
						[5.842057, 45.864773],
						[5.842034, 45.86431],
						[5.842162, 45.863818]
					],
					[
						[5.839649, 45.854807],
						[5.838516, 45.851946]
					],
					[
						[5.843173, 45.871522],
						[5.842873, 45.870497],
						[5.842848, 45.869373]
					],
					[
						[5.844307, 45.877113],
						[5.843592, 45.873003],
						[5.843173, 45.871522]
					],
					[
						[5.844179, 45.880076],
						[5.844157, 45.880193]
					],
					[
						[5.8441, 45.880173],
						[5.844179, 45.880076]
					],
					[
						[5.844086, 45.880289],
						[5.844001, 45.880332]
					],
					[
						[5.844001, 45.880332],
						[5.84403, 45.880269]
					],
					[
						[4.421111, 43.622833],
						[4.421531, 43.623198],
						[4.421994, 43.623964],
						[4.422217, 43.624149],
						[4.424577, 43.624801],
						[4.424813, 43.624995],
						[4.425156, 43.62573],
						[4.425957, 43.628879],
						[4.425919, 43.629056],
						[4.425618, 43.629289],
						[4.425491, 43.629459]
					],
					[
						[4.794311, 45.572183],
						[4.794071, 45.572027]
					],
					[
						[4.761153, 44.715108],
						[4.760213, 44.715726]
					],
					[
						[4.760213, 44.715726],
						[4.759666, 44.716073]
					],
					[
						[5.347509, 45.879094],
						[5.347527, 45.878953]
					],
					[
						[5.347527, 45.878953],
						[5.347773, 45.878888]
					],
					[
						[5.347773, 45.878888],
						[5.347835, 45.87893],
						[5.347783, 45.879185]
					],
					[
						[6.289379, 46.348576],
						[6.289286, 46.348569]
					],
					[
						[4.124019, 43.546809],
						[4.123476, 43.547344],
						[4.122313, 43.549155],
						[4.121679, 43.54971],
						[4.120866, 43.550151]
					],
					[
						[6.369945, 46.332705],
						[6.369935, 46.332694]
					],
					[
						[6.289513, 46.348497],
						[6.289379, 46.348576]
					],
					[
						[5.276243, 45.795259],
						[5.276215, 45.795162]
					],
					[
						[5.255589, 45.783492],
						[5.255894, 45.783588],
						[5.256593, 45.78363],
						[5.256729, 45.783709],
						[5.256848, 45.783922],
						[5.256926, 45.783966],
						[5.257712, 45.784194],
						[5.260876, 45.785515]
					],
					[
						[5.252013, 45.781973],
						[5.253651, 45.782601],
						[5.254426, 45.782982],
						[5.255016, 45.783149],
						[5.255358, 45.783394],
						[5.255589, 45.783492]
					],
					[
						[5.24158, 45.77669],
						[5.242965, 45.77755],
						[5.245245, 45.778816],
						[5.245706, 45.779159],
						[5.24597, 45.779492]
					],
					[
						[5.205838, 45.768826],
						[5.205682, 45.768966],
						[5.205422, 45.768982],
						[5.205263, 45.768899],
						[5.205209, 45.768735],
						[5.205331, 45.768592],
						[5.205608, 45.768553],
						[5.205794, 45.768645],
						[5.205838, 45.768826]
					],
					[
						[4.711327, 44.584858],
						[4.711606, 44.584937],
						[4.712168, 44.585535]
					],
					[
						[6.794037, 46.392398],
						[6.794045, 46.392435]
					],
					[
						[6.794496, 46.392505],
						[6.794943, 46.39261],
						[6.795539, 46.3929]
					],
					[
						[6.325027, 46.370012],
						[6.324074, 46.369597],
						[6.32393, 46.369579],
						[6.323094, 46.369133],
						[6.32294, 46.369113],
						[6.322228, 46.368775]
					],
					[
						[4.828141, 45.693265],
						[4.828012, 45.693422]
					],
					[
						[4.810071, 45.611322],
						[4.810129, 45.611567]
					],
					[
						[4.809977, 45.61157],
						[4.810071, 45.611322]
					],
					[
						[6.125994, 46.201955],
						[6.126035, 46.202323]
					],
					[
						[6.125837, 46.200918],
						[6.125926, 46.201103]
					],
					[
						[6.125926, 46.201103],
						[6.125957, 46.201169]
					],
					[
						[6.804686, 46.394235],
						[6.804684, 46.394219]
					],
					[
						[6.804684, 46.394219],
						[6.804068, 46.394247]
					],
					[
						[6.141929, 46.205672],
						[6.141918, 46.205602]
					],
					[
						[6.141918, 46.205602],
						[6.142526, 46.205582]
					],
					[
						[6.142535, 46.205687],
						[6.142411, 46.205688]
					],
					[
						[6.216603, 46.255383],
						[6.217606, 46.256157],
						[6.21857, 46.257118]
					],
					[
						[6.142535, 46.205687],
						[6.142526, 46.205582]
					],
					[
						[4.705347, 44.241285],
						[4.705357, 44.241115]
					],
					[
						[4.705357, 44.241115],
						[4.705361, 44.240987]
					],
					[
						[4.726118, 44.096842],
						[4.726078, 44.09684]
					],
					[
						[4.7275, 44.096887],
						[4.726118, 44.096842]
					],
					[
						[4.452138, 43.671128],
						[4.452929, 43.671455]
					],
					[
						[4.659856, 44.259572],
						[4.659693, 44.260362],
						[4.659287, 44.260979],
						[4.659375, 44.261063],
						[4.659563, 44.261006]
					],
					[
						[6.243848, 46.301256],
						[6.244615, 46.30105]
					],
					[
						[6.751815, 46.403036],
						[6.749443, 46.403641],
						[6.74856, 46.403782],
						[6.747822, 46.403811],
						[6.745363, 46.40379],
						[6.744249, 46.403958],
						[6.743758, 46.403897]
					],
					[
						[4.798272, 43.952002],
						[4.797011, 43.952419]
					],
					[
						[4.816741, 43.964148],
						[4.817046, 43.964158]
					],
					[
						[6.304494, 46.363536],
						[6.304508, 46.363619],
						[6.304436, 46.363669]
					],
					[
						[6.318556, 46.36431],
						[6.318281, 46.364238],
						[6.31808, 46.364235]
					],
					[
						[5.800784, 45.828308],
						[5.800555, 45.828043],
						[5.800488, 45.827608],
						[5.800391, 45.827393],
						[5.799937, 45.826848],
						[5.799747, 45.826157],
						[5.799478, 45.825685],
						[5.799276, 45.825126],
						[5.798594, 45.824533],
						[5.798599, 45.82411]
					],
					[
						[5.798062, 45.830285],
						[5.797992, 45.830169]
					],
					[
						[5.833772, 45.880738],
						[5.833603, 45.880522],
						[5.833486, 45.878703]
					],
					[
						[5.832919, 45.850804],
						[5.831886, 45.850899],
						[5.830583, 45.850901]
					],
					[
						[5.798426, 45.829934],
						[5.799296, 45.829398]
					],
					[
						[4.278051, 43.631779],
						[4.285644, 43.634977],
						[4.288488, 43.636226]
					],
					[
						[4.617663, 43.672281],
						[4.61782, 43.672294]
					],
					[
						[5.089395, 45.784265],
						[5.089193, 45.784518]
					],
					[
						[5.089193, 45.784518],
						[5.088906, 45.786639],
						[5.088759, 45.787028],
						[5.088826, 45.787281],
						[5.089241, 45.787584],
						[5.089786, 45.787801],
						[5.090217, 45.788148],
						[5.091098, 45.789155],
						[5.090515, 45.790587]
					],
					[
						[5.115555, 45.778399],
						[5.116743, 45.778204]
					],
					[
						[5.162403, 45.792926],
						[5.162007, 45.7936]
					],
					[
						[5.174892, 45.79133],
						[5.175212, 45.791371],
						[5.175443, 45.79125],
						[5.175783, 45.790417]
					],
					[
						[5.146809, 45.792991],
						[5.146002, 45.792841],
						[5.145623, 45.792841],
						[5.144721, 45.793034],
						[5.144311, 45.793188],
						[5.142842, 45.79337],
						[5.142167, 45.793555],
						[5.140859, 45.793599],
						[5.139697, 45.793939],
						[5.137576, 45.794388],
						[5.137077, 45.79453],
						[5.136782, 45.794581],
						[5.13611, 45.7946]
					],
					[
						[5.175218, 45.770943],
						[5.174798, 45.771073],
						[5.174361, 45.771272],
						[5.172124, 45.772514]
					],
					[
						[5.223832, 45.764056],
						[5.224402, 45.763895]
					],
					[
						[5.221134, 45.765848],
						[5.221806, 45.765859],
						[5.222112, 45.765807]
					],
					[
						[5.227794, 45.767186],
						[5.228561, 45.767846]
					],
					[
						[5.226588, 45.766329],
						[5.227794, 45.767186]
					],
					[
						[5.299606, 45.826202],
						[5.300172, 45.825868],
						[5.302468, 45.824197],
						[5.303319, 45.823398]
					],
					[
						[5.29597, 45.815313],
						[5.296111, 45.815433]
					],
					[
						[5.301746, 45.809284],
						[5.301827, 45.809158],
						[5.301982, 45.809055],
						[5.302653, 45.808788]
					],
					[
						[4.628562, 43.768309],
						[4.627986, 43.76818],
						[4.627429, 43.768308],
						[4.626709, 43.768272],
						[4.6264, 43.768144],
						[4.624829, 43.7671],
						[4.623457, 43.765473],
						[4.622584, 43.764808],
						[4.622181, 43.764411],
						[4.620969, 43.763619],
						[4.620673, 43.763005],
						[4.620126, 43.762445],
						[4.620005, 43.762073],
						[4.619942, 43.761553],
						[4.619863, 43.761424],
						[4.618263, 43.759945],
						[4.617333, 43.759157],
						[4.616383, 43.758116],
						[4.615659, 43.756965],
						[4.614434, 43.753494],
						[4.614448, 43.752719],
						[4.614155, 43.75117],
						[4.614232, 43.750543],
						[4.613971, 43.748156],
						[4.613988, 43.745791],
						[4.613698, 43.739291],
						[4.610949, 43.732946],
						[4.609172, 43.72785],
						[4.608359, 43.726257],
						[4.60806, 43.725505],
						[4.607708, 43.725082]
					],
					[
						[4.856977, 45.063961],
						[4.856922, 45.063994]
					],
					[
						[5.424838, 45.749773],
						[5.425048, 45.749804]
					],
					[
						[6.402842, 46.349351],
						[6.402961, 46.349341]
					],
					[
						[6.321111, 46.367866],
						[6.320753, 46.3672]
					],
					[
						[6.340592, 46.367776],
						[6.341695, 46.367959]
					],
					[
						[6.328021, 46.369467],
						[6.328098, 46.369442]
					],
					[
						[5.702339, 45.723893],
						[5.702138, 45.723812],
						[5.701872, 45.723461],
						[5.701743, 45.723136],
						[5.701815, 45.722857],
						[5.701494, 45.722335],
						[5.701198, 45.721613],
						[5.700768, 45.720809]
					],
					[
						[5.702724, 45.724123],
						[5.702339, 45.723893]
					],
					[
						[5.748064, 45.764221],
						[5.749249, 45.764196],
						[5.749461, 45.764049],
						[5.74968, 45.764027],
						[5.750856, 45.764267],
						[5.752299, 45.764632],
						[5.752743, 45.764796],
						[5.753407, 45.764897],
						[5.753648, 45.765036],
						[5.753958, 45.765308],
						[5.75449, 45.765326],
						[5.754725, 45.765476],
						[5.754407, 45.766167],
						[5.754366, 45.766584],
						[5.754059, 45.765754],
						[5.754124, 45.765659],
						[5.754371, 45.765499]
					],
					[
						[5.707021, 45.7551],
						[5.707128, 45.755081],
						[5.707289, 45.754871],
						[5.707437, 45.754803],
						[5.707606, 45.754832],
						[5.70794, 45.755056]
					],
					[
						[6.524295, 46.389395],
						[6.524388, 46.389469]
					],
					[
						[6.524063, 46.3892],
						[6.523795, 46.388874],
						[6.523203, 46.388357]
					],
					[
						[6.528476, 46.395503],
						[6.527554, 46.395747]
					],
					[
						[6.529604, 46.394829],
						[6.52858, 46.394667],
						[6.527721, 46.394473]
					],
					[
						[4.678018, 43.890806],
						[4.676532, 43.889797]
					],
					[
						[4.186086, 43.567094],
						[4.18654, 43.566876]
					],
					[
						[4.190115, 43.568835],
						[4.189994, 43.568917]
					],
					[
						[4.298005, 43.63806],
						[4.29803, 43.638146]
					],
					[
						[4.141349, 43.539133],
						[4.141898, 43.539395]
					],
					[
						[4.142698, 43.540425],
						[4.142734, 43.540388]
					],
					[
						[4.142666, 43.540313],
						[4.142634, 43.540344]
					],
					[
						[4.741629, 44.588685],
						[4.741992, 44.588978]
					],
					[
						[4.741487, 44.58856],
						[4.741629, 44.588685]
					],
					[
						[4.970121, 45.797768],
						[4.969946, 45.797813]
					],
					[
						[6.007018, 46.180762],
						[6.006921, 46.180486]
					],
					[
						[6.007975, 46.183951],
						[6.007817, 46.183344]
					],
					[
						[6.007817, 46.183344],
						[6.007801, 46.18326]
					],
					[
						[6.002865, 46.177884],
						[6.003212, 46.17789]
					],
					[
						[6.003212, 46.17789],
						[6.00346, 46.177893]
					],
					[
						[6.001283, 46.169758],
						[6.001379, 46.169624]
					],
					[
						[6.001379, 46.169624],
						[6.001176, 46.16955]
					],
					[
						[6.006457, 46.179143],
						[6.006487, 46.179041]
					],
					[
						[6.006487, 46.179041],
						[6.006515, 46.178968]
					],
					[
						[6.289302, 46.348345],
						[6.289326, 46.348342]
					],
					[
						[6.289497, 46.348397],
						[6.289513, 46.348497]
					],
					[
						[5.130504, 45.794651],
						[5.130415, 45.794643]
					],
					[
						[6.026345, 46.192606],
						[6.026832, 46.192517],
						[6.027277, 46.192494],
						[6.027487, 46.192517],
						[6.027808, 46.192627]
					],
					[
						[6.029506, 46.193238],
						[6.030646, 46.193646],
						[6.031178, 46.193743]
					],
					[
						[6.009902, 46.185843],
						[6.009648, 46.185819],
						[6.009388, 46.185738]
					],
					[
						[4.781818, 44.800142],
						[4.781882, 44.80008]
					],
					[
						[4.801482, 44.816755],
						[4.801463, 44.817414],
						[4.801014, 44.820804],
						[4.800826, 44.821378],
						[4.800496, 44.821865],
						[4.799971, 44.82214],
						[4.799639, 44.822633],
						[4.799567, 44.822883],
						[4.799224, 44.82323],
						[4.798858, 44.823472],
						[4.798226, 44.82372],
						[4.798072, 44.82385],
						[4.798105, 44.823874]
					],
					[
						[4.889039, 44.934329],
						[4.889094, 44.934558]
					],
					[
						[4.796347, 45.56782],
						[4.796515, 45.567507]
					],
					[
						[4.826109, 45.665151],
						[4.826104, 45.665082]
					],
					[
						[4.826219, 45.665215],
						[4.826109, 45.665151]
					],
					[
						[5.183205, 45.766216],
						[5.183157, 45.766206]
					],
					[
						[5.090515, 45.790587],
						[5.090276, 45.790889],
						[5.0901, 45.79129]
					],
					[
						[5.08461, 45.799803],
						[5.084307, 45.80083]
					],
					[
						[4.643382, 43.805243],
						[4.645169, 43.805],
						[4.645307, 43.804707],
						[4.645478, 43.804611]
					],
					[
						[4.642856, 43.805316],
						[4.643382, 43.805243]
					],
					[
						[4.797011, 43.952419],
						[4.796966, 43.952493]
					],
					[
						[4.796449, 43.952651],
						[4.796236, 43.952638],
						[4.795689, 43.952791]
					],
					[
						[4.615802, 43.799932],
						[4.61637, 43.800422],
						[4.620671, 43.802838],
						[4.624918, 43.8052],
						[4.626034, 43.805773],
						[4.627101, 43.806253]
					],
					[
						[4.627101, 43.806253],
						[4.627437, 43.806374]
					],
					[
						[4.615802, 43.799932],
						[4.615692, 43.800038]
					],
					[
						[4.615427, 43.800286],
						[4.615359, 43.800351]
					],
					[
						[4.792123, 43.954008],
						[4.791799, 43.953798],
						[4.79164, 43.953769],
						[4.791524, 43.953852],
						[4.791585, 43.954061]
					],
					[
						[4.792082, 43.954169],
						[4.792031, 43.954265]
					],
					[
						[4.792031, 43.954265],
						[4.791948, 43.954442],
						[4.792015, 43.954501],
						[4.792423, 43.954318]
					],
					[
						[4.79111, 43.954006],
						[4.791227, 43.954039]
					],
					[
						[4.841, 45.762708],
						[4.840934, 45.762871]
					],
					[
						[4.826886, 45.072027],
						[4.82694, 45.072034],
						[4.827267, 45.071846],
						[4.82766, 45.071582],
						[4.828148, 45.071186],
						[4.828687, 45.070649],
						[4.82879, 45.070655],
						[4.829089, 45.070841],
						[4.829293, 45.070849]
					],
					[
						[5.17564, 45.78711],
						[5.175688, 45.787709],
						[5.175572, 45.78832],
						[5.17532, 45.788943]
					],
					[
						[5.172055, 45.77966],
						[5.171933, 45.779632],
						[5.171242, 45.779927],
						[5.170967, 45.779985],
						[5.170886, 45.779984],
						[5.170793, 45.779882]
					],
					[
						[6.345923, 46.364971],
						[6.346004, 46.365078]
					],
					[
						[6.347375, 46.363601],
						[6.347176, 46.364085],
						[6.346953, 46.364378],
						[6.346583, 46.364649],
						[6.345923, 46.364971]
					],
					[
						[6.391385, 46.337515],
						[6.391359, 46.338175],
						[6.39117, 46.338921]
					],
					[
						[6.404681, 46.351146],
						[6.404592, 46.351152]
					],
					[
						[6.444103, 46.363961],
						[6.444133, 46.36409]
					],
					[
						[4.813665, 45.18429],
						[4.813718, 45.184246]
					],
					[
						[4.81361, 45.184309],
						[4.813665, 45.18429]
					],
					[
						[4.813683, 45.184407],
						[4.813618, 45.184391]
					],
					[
						[4.813718, 45.184246],
						[4.813851, 45.184228]
					],
					[
						[4.813851, 45.184228],
						[4.813969, 45.184312],
						[4.813924, 45.184421]
					],
					[
						[5.169748, 45.777153],
						[5.17019, 45.776988],
						[5.171018, 45.7769]
					],
					[
						[5.12635, 45.794084],
						[5.126151, 45.794016]
					],
					[
						[5.130415, 45.794643],
						[5.130323, 45.794604],
						[5.128211, 45.794465],
						[5.1263, 45.794163]
					],
					[
						[5.1263, 45.794163],
						[5.126009, 45.794145]
					],
					[
						[5.126009, 45.794145],
						[5.125966, 45.794061]
					],
					[
						[5.125966, 45.794061],
						[5.126151, 45.794016]
					],
					[
						[5.12635, 45.794084],
						[5.1263, 45.794163]
					],
					[
						[5.157077, 45.793805],
						[5.156599, 45.793838],
						[5.154776, 45.794271],
						[5.154246, 45.794262]
					],
					[
						[5.163163, 45.791883],
						[5.162403, 45.792926]
					],
					[
						[5.169597, 45.790511],
						[5.169523, 45.790454],
						[5.169582, 45.790384]
					],
					[
						[5.192599, 45.766763],
						[5.192672, 45.767165],
						[5.192753, 45.767222]
					],
					[
						[5.194525, 45.768649],
						[5.195595, 45.767877]
					],
					[
						[6.778702, 46.395731],
						[6.777396, 46.396283],
						[6.777132, 46.396286],
						[6.776923, 46.396465],
						[6.776192, 46.39672],
						[6.775227, 46.396887],
						[6.774281, 46.396884]
					],
					[
						[6.780193, 46.395169],
						[6.780064, 46.395212]
					],
					[
						[6.761, 46.399682],
						[6.759458, 46.399936],
						[6.758299, 46.400396],
						[6.757168, 46.401392],
						[6.756691, 46.401646],
						[6.756676, 46.401734],
						[6.756918, 46.402038]
					],
					[
						[6.765606, 46.398722],
						[6.765388, 46.398782]
					],
					[
						[4.838023, 44.855341],
						[4.837933, 44.855471]
					],
					[
						[4.637991, 43.805673],
						[4.637834, 43.805633]
					],
					[
						[4.548871, 43.70804],
						[4.548897, 43.708177]
					],
					[
						[4.528306, 43.727569],
						[4.528289, 43.727619]
					],
					[
						[4.527495, 43.728445],
						[4.526935, 43.728232]
					],
					[
						[4.79076, 44.663482],
						[4.790376, 44.663527]
					],
					[
						[4.790376, 44.663527],
						[4.79069, 44.663349]
					],
					[
						[4.79076, 44.663482],
						[4.79069, 44.663349]
					],
					[
						[4.789412, 44.660874],
						[4.789609, 44.661234]
					],
					[
						[4.751994, 44.593666],
						[4.751914, 44.593666]
					],
					[
						[4.74861, 44.592905],
						[4.749457, 44.593187],
						[4.750143, 44.593331],
						[4.750425, 44.593489]
					],
					[
						[4.730521, 44.584219],
						[4.729847, 44.584085],
						[4.72783, 44.583549],
						[4.727679, 44.583415]
					],
					[
						[4.750425, 44.593489],
						[4.751917, 44.593567]
					],
					[
						[4.771438, 44.600238],
						[4.771677, 44.6003],
						[4.772756, 44.600859],
						[4.773098, 44.600984],
						[4.77381, 44.601023],
						[4.774578, 44.600859]
					],
					[
						[4.774578, 44.600859],
						[4.775724, 44.600604],
						[4.777181, 44.60059]
					],
					[
						[4.788666, 44.605347],
						[4.787777, 44.604659],
						[4.787224, 44.603939],
						[4.786744, 44.603624],
						[4.785591, 44.602274],
						[4.782923, 44.600638]
					],
					[
						[4.815645, 45.729149],
						[4.815751, 45.729258]
					],
					[
						[4.81596, 45.729403],
						[4.816001, 45.729463]
					],
					[
						[4.816036, 45.729522],
						[4.816093, 45.729534]
					],
					[
						[4.816001, 45.729463],
						[4.816046, 45.729503]
					],
					[
						[4.815866, 45.728504],
						[4.815682, 45.729019]
					],
					[
						[4.816649, 45.731882],
						[4.816803, 45.732027]
					],
					[
						[4.816803, 45.732027],
						[4.817398, 45.732579],
						[4.817449, 45.732702]
					],
					[
						[4.817976, 45.73329],
						[4.818128, 45.733353],
						[4.818466, 45.733667]
					],
					[
						[4.817449, 45.732702],
						[4.817976, 45.73329]
					],
					[
						[6.409836, 46.351963],
						[6.41083, 46.352665]
					],
					[
						[6.417564, 46.355402],
						[6.417852, 46.355465]
					],
					[
						[6.415827, 46.355027],
						[6.416764, 46.355193],
						[6.417564, 46.355402]
					],
					[
						[6.421451, 46.355593],
						[6.421571, 46.355511]
					],
					[
						[4.690511, 43.895916],
						[4.690522, 43.896061]
					],
					[
						[4.69937, 44.481601],
						[4.69705, 44.481396]
					],
					[
						[6.404225, 46.350935],
						[6.403772, 46.350655],
						[6.403462, 46.350523]
					],
					[
						[6.403462, 46.350523],
						[6.403268, 46.350463]
					],
					[
						[6.404592, 46.351152],
						[6.404225, 46.350935]
					],
					[
						[6.403238, 46.34996],
						[6.403211, 46.349846],
						[6.403026, 46.349668]
					],
					[
						[6.400786, 46.349447],
						[6.40085, 46.349454]
					],
					[
						[6.402541, 46.349321],
						[6.402598, 46.349332]
					],
					[
						[6.404724, 46.351128],
						[6.404681, 46.351146]
					],
					[
						[6.404874, 46.351068],
						[6.404724, 46.351128]
					],
					[
						[6.4063, 46.350449],
						[6.406158, 46.350563]
					],
					[
						[6.41083, 46.352665],
						[6.411639, 46.353192]
					],
					[
						[6.413773, 46.354455],
						[6.413926, 46.354518]
					],
					[
						[6.41316, 46.354104],
						[6.413281, 46.354176]
					],
					[
						[6.415663, 46.354996],
						[6.415827, 46.355027]
					],
					[
						[6.415058, 46.354861],
						[6.415224, 46.354901]
					],
					[
						[6.418171, 46.355509],
						[6.418479, 46.355528]
					],
					[
						[6.417852, 46.355465],
						[6.418171, 46.355509]
					],
					[
						[6.424558, 46.355837],
						[6.424928, 46.355833]
					],
					[
						[6.422785, 46.35579],
						[6.423133, 46.355824]
					],
					[
						[6.426118, 46.355769],
						[6.426646, 46.355654]
					],
					[
						[6.42603, 46.355784],
						[6.426118, 46.355769]
					],
					[
						[6.425409, 46.355827],
						[6.425478, 46.355826]
					],
					[
						[6.424994, 46.355832],
						[6.425409, 46.355827]
					],
					[
						[6.424928, 46.355833],
						[6.424994, 46.355832]
					],
					[
						[6.423133, 46.355824],
						[6.423263, 46.355834]
					],
					[
						[6.426667, 46.355645],
						[6.426684, 46.355632]
					],
					[
						[6.426646, 46.355654],
						[6.426657, 46.35565]
					],
					[
						[6.426828, 46.355606],
						[6.426855, 46.355608]
					],
					[
						[6.426657, 46.35565],
						[6.426667, 46.355645]
					],
					[
						[5.841432, 46.010001],
						[5.841362, 46.009027]
					],
					[
						[5.842135, 46.010319],
						[5.841514, 46.01008],
						[5.841432, 46.010001]
					],
					[
						[5.841362, 46.009027],
						[5.841582, 46.00877],
						[5.842284, 46.008387]
					],
					[
						[5.850975, 45.991967],
						[5.850159, 45.991571],
						[5.849901, 45.99153],
						[5.849697, 45.991692],
						[5.849584, 45.992014]
					],
					[
						[5.967974, 46.138014],
						[5.968248, 46.138076]
					],
					[
						[6.524494, 46.389549],
						[6.5245, 46.389557]
					],
					[
						[6.5245, 46.389557],
						[6.524497, 46.389697]
					],
					[
						[6.521861, 46.392916],
						[6.521971, 46.392844]
					],
					[
						[6.521967, 46.393026],
						[6.521876, 46.392981],
						[6.521861, 46.392916]
					],
					[
						[6.58725, 46.401925],
						[6.587099, 46.401938],
						[6.586959, 46.401852]
					],
					[
						[6.577068, 46.398929],
						[6.576989, 46.398824]
					],
					[
						[6.577248, 46.398897],
						[6.577068, 46.398929]
					],
					[
						[6.497613, 46.385176],
						[6.497719, 46.385076]
					],
					[
						[6.498171, 46.385023],
						[6.49798, 46.385175]
					],
					[
						[6.497887, 46.38508],
						[6.498171, 46.385023]
					],
					[
						[6.596203, 46.401502],
						[6.596243, 46.401445]
					],
					[
						[6.577211, 46.398758],
						[6.577233, 46.398771]
					],
					[
						[6.576989, 46.398824],
						[6.577, 46.3988]
					],
					[
						[6.586975, 46.401728],
						[6.587185, 46.401662]
					],
					[
						[6.596243, 46.401445],
						[6.596385, 46.401415]
					],
					[
						[6.524112, 46.389773],
						[6.524005, 46.389662]
					],
					[
						[6.539733, 46.39472],
						[6.54045, 46.394959],
						[6.54104, 46.395003]
					],
					[
						[6.539688, 46.39477],
						[6.539645, 46.394855]
					],
					[
						[6.572709, 46.39736],
						[6.572177, 46.397202],
						[6.571997, 46.397065]
					],
					[
						[6.530323, 46.395067],
						[6.529882, 46.395254]
					],
					[
						[6.529882, 46.395254],
						[6.529305, 46.395401]
					],
					[
						[6.596385, 46.401415],
						[6.59644, 46.401433]
					],
					[
						[6.53439, 46.395345],
						[6.534623, 46.395404]
					],
					[
						[6.533847, 46.395256],
						[6.532451, 46.395127]
					],
					[
						[6.532451, 46.395127],
						[6.532109, 46.395095]
					],
					[
						[6.529305, 46.395401],
						[6.528476, 46.395503]
					],
					[
						[6.527294, 46.393878],
						[6.526969, 46.393814]
					],
					[
						[6.531113, 46.394993],
						[6.530896, 46.394973]
					],
					[
						[6.531219, 46.395012],
						[6.531113, 46.394993]
					],
					[
						[6.530767, 46.394963],
						[6.530557, 46.394981]
					],
					[
						[6.530896, 46.394973],
						[6.530767, 46.394963]
					],
					[
						[6.530507, 46.394993],
						[6.530459, 46.395008]
					],
					[
						[6.530557, 46.394981],
						[6.530507, 46.394993]
					],
					[
						[6.530366, 46.395046],
						[6.530323, 46.395067]
					],
					[
						[6.530459, 46.395008],
						[6.530366, 46.395046]
					],
					[
						[6.530459, 46.395008],
						[6.530388, 46.394958]
					],
					[
						[6.527666, 46.394041],
						[6.527294, 46.393878]
					],
					[
						[6.539639, 46.39515],
						[6.539579, 46.395009]
					],
					[
						[6.539579, 46.395009],
						[6.539645, 46.394855]
					],
					[
						[6.539639, 46.39515],
						[6.539611, 46.395243],
						[6.538624, 46.395131]
					],
					[
						[6.539733, 46.39472],
						[6.539688, 46.39477]
					],
					[
						[6.541336, 46.395152],
						[6.541178, 46.395152]
					],
					[
						[6.541335, 46.395053],
						[6.541336, 46.395152]
					],
					[
						[6.538415, 46.396212],
						[6.538591, 46.396215]
					],
					[
						[6.546002, 46.393541],
						[6.544758, 46.393503]
					],
					[
						[6.54461, 46.393533],
						[6.544683, 46.393603],
						[6.545174, 46.39381]
					],
					[
						[6.541178, 46.395152],
						[6.541097, 46.395153]
					],
					[
						[6.390967, 46.339866],
						[6.391116, 46.339914]
					],
					[
						[4.821091, 45.706664],
						[4.82068, 45.704993],
						[4.820654, 45.70465],
						[4.820731, 45.703931]
					],
					[
						[6.24835, 46.303979],
						[6.248303, 46.30391]
					],
					[
						[6.322228, 46.368775],
						[6.321447, 46.368268],
						[6.321111, 46.367866]
					],
					[
						[6.3368, 46.367852],
						[6.33868, 46.368018],
						[6.339421, 46.368031],
						[6.34012, 46.367927],
						[6.340592, 46.367776]
					],
					[
						[6.357966, 46.345798],
						[6.35794, 46.34582]
					],
					[
						[6.39358, 46.342123],
						[6.394057, 46.342505]
					],
					[
						[6.478901, 46.375727],
						[6.478855, 46.375642]
					],
					[
						[6.483051, 46.385125],
						[6.483038, 46.383823],
						[6.482949, 46.383407],
						[6.483008, 46.383359]
					],
					[
						[6.484495, 46.386938],
						[6.484155, 46.386775],
						[6.483809, 46.386465],
						[6.483245, 46.385603],
						[6.483051, 46.385125]
					],
					[
						[6.38763, 46.333412],
						[6.387412, 46.333369]
					],
					[
						[6.387738, 46.333063],
						[6.38763, 46.333412]
					],
					[
						[6.388284, 46.332514],
						[6.388551, 46.332281]
					],
					[
						[6.388551, 46.332281],
						[6.388768, 46.332119]
					],
					[
						[6.389199, 46.331815],
						[6.389362, 46.331734]
					],
					[
						[4.612911, 43.689713],
						[4.613017, 43.689606]
					],
					[
						[4.768385, 45.457834],
						[4.768649, 45.457859]
					],
					[
						[4.737495, 45.414044],
						[4.737491, 45.41408]
					],
					[
						[6.504491, 46.382733],
						[6.504398, 46.382715]
					],
					[
						[6.497679, 46.385291],
						[6.49756, 46.385286]
					],
					[
						[6.497719, 46.385076],
						[6.497887, 46.38508]
					],
					[
						[6.497612, 46.385182],
						[6.497613, 46.385176]
					],
					[
						[6.497839, 46.385317],
						[6.497679, 46.385291]
					],
					[
						[6.49798, 46.385175],
						[6.497971, 46.385233]
					],
					[
						[4.779892, 43.949119],
						[4.78128, 43.949618],
						[4.783209, 43.949991],
						[4.783405, 43.95001],
						[4.783518, 43.949971]
					],
					[
						[5.432937, 45.793214],
						[5.432207, 45.793718],
						[5.431556, 45.79431]
					],
					[
						[4.807719, 45.174391],
						[4.807526, 45.174055]
					],
					[
						[4.827796, 45.684647],
						[4.827788, 45.684741],
						[4.827367, 45.685127],
						[4.827222, 45.685338],
						[4.827105, 45.685606],
						[4.827067, 45.685921],
						[4.826973, 45.686017],
						[4.82678, 45.687088],
						[4.826747, 45.687931],
						[4.826794, 45.688282],
						[4.826955, 45.68836],
						[4.82697, 45.688437]
					],
					[
						[4.826782, 45.665601],
						[4.826856, 45.665676]
					],
					[
						[4.826856, 45.665676],
						[4.826889, 45.665714]
					],
					[
						[6.519934, 46.387363],
						[6.519907, 46.38738]
					],
					[
						[6.519814, 46.387217],
						[6.519946, 46.387259]
					],
					[
						[6.519734, 46.38736],
						[6.519712, 46.387282]
					],
					[
						[6.523203, 46.388357],
						[6.523129, 46.388295]
					],
					[
						[6.524497, 46.389697],
						[6.524402, 46.389775]
					],
					[
						[4.58756, 43.87097],
						[4.587574, 43.871042]
					],
					[
						[4.590766, 43.874112],
						[4.590802, 43.874165]
					],
					[
						[4.590802, 43.874165],
						[4.590726, 43.874283]
					],
					[
						[4.587574, 43.871042],
						[4.587648, 43.871121]
					],
					[
						[6.522237, 46.392697],
						[6.522507, 46.392491]
					],
					[
						[6.522179, 46.392741],
						[6.522237, 46.392697]
					],
					[
						[6.522507, 46.392491],
						[6.522753, 46.392288]
					],
					[
						[6.522052, 46.393018],
						[6.521967, 46.393026]
					],
					[
						[6.522115, 46.392898],
						[6.522126, 46.392925]
					],
					[
						[6.522252, 46.393008],
						[6.522052, 46.393018]
					],
					[
						[6.526586, 46.393739],
						[6.526336, 46.39369]
					],
					[
						[6.526969, 46.393814],
						[6.526586, 46.393739]
					],
					[
						[6.525982, 46.393621],
						[6.525732, 46.393572]
					],
					[
						[6.526336, 46.39369],
						[6.525982, 46.393621]
					],
					[
						[6.524669, 46.393397],
						[6.524167, 46.393319]
					],
					[
						[6.524987, 46.393446],
						[6.524669, 46.393397]
					],
					[
						[6.523659, 46.39324],
						[6.522936, 46.393127]
					],
					[
						[6.524167, 46.393319],
						[6.523659, 46.39324]
					],
					[
						[6.522936, 46.393127],
						[6.522618, 46.393078]
					],
					[
						[6.525732, 46.393572],
						[6.524987, 46.393446]
					],
					[
						[6.522126, 46.392925],
						[6.522252, 46.393008]
					],
					[
						[6.370177, 46.33262],
						[6.370182, 46.332631]
					],
					[
						[4.587116, 43.86751],
						[4.587097, 43.86765]
					],
					[
						[4.586967, 43.867409],
						[4.587116, 43.86751]
					],
					[
						[4.58683, 43.867719],
						[4.58668, 43.867588]
					],
					[
						[4.690411, 43.896239],
						[4.690305, 43.896326]
					],
					[
						[4.690587, 43.896139],
						[4.690494, 43.896238]
					],
					[
						[4.690494, 43.896238],
						[4.690411, 43.896239]
					],
					[
						[6.377799, 46.32903],
						[6.377853, 46.329166]
					],
					[
						[4.870195, 44.90576],
						[4.870279, 44.905835]
					],
					[
						[6.569217, 46.395492],
						[6.567676, 46.395148]
					],
					[
						[3.694797, 43.395253],
						[3.694714, 43.395191]
					],
					[
						[3.694714, 43.395191],
						[3.694705, 43.395106]
					],
					[
						[3.694705, 43.395106],
						[3.694713, 43.395089]
					],
					[
						[4.832513, 44.012137],
						[4.832984, 44.013917]
					],
					[
						[4.79261, 44.66817],
						[4.792346, 44.667456],
						[4.791759, 44.666373],
						[4.79109, 44.665433],
						[4.790077, 44.6645],
						[4.789924, 44.66429],
						[4.789899, 44.664138]
					],
					[
						[4.792647, 44.668295],
						[4.79261, 44.66817]
					],
					[
						[5.865245, 46.061238],
						[5.86538, 46.061294]
					],
					[
						[5.865192, 46.06153],
						[5.865023, 46.061451]
					],
					[
						[3.703569, 43.409082],
						[3.703536, 43.409096]
					],
					[
						[5.169226, 45.791165],
						[5.169597, 45.790511]
					],
					[
						[5.168235, 45.791635],
						[5.169168, 45.791232],
						[5.169226, 45.791165]
					],
					[
						[5.175431, 45.783884],
						[5.175909, 45.78511]
					],
					[
						[5.181994, 45.768759],
						[5.182255, 45.768648],
						[5.182347, 45.768555]
					],
					[
						[5.170987, 45.77651],
						[5.17086, 45.776319],
						[5.170406, 45.775891]
					],
					[
						[5.078478, 45.807618],
						[5.078361, 45.808069]
					],
					[
						[5.084218, 45.80095],
						[5.084094, 45.801036]
					],
					[
						[5.084041, 45.801119],
						[5.084077, 45.801166],
						[5.084012, 45.801275],
						[5.083496, 45.801892],
						[5.081945, 45.802869],
						[5.080858, 45.803772]
					],
					[
						[4.810017, 45.611092],
						[4.809733, 45.610819]
					],
					[
						[4.809733, 45.610819],
						[4.809653, 45.610749]
					],
					[
						[3.755924, 43.443606],
						[3.756794, 43.443988]
					],
					[
						[5.419022, 45.845868],
						[5.419132, 45.845752]
					],
					[
						[3.801908, 43.503731],
						[3.801777, 43.503709]
					],
					[
						[3.801942, 43.503719],
						[3.801908, 43.503731]
					],
					[
						[3.804546, 43.505411],
						[3.802178, 43.503743]
					],
					[
						[4.811996, 45.269686],
						[4.811955, 45.269269],
						[4.812183, 45.267828]
					],
					[
						[4.809651, 45.252547],
						[4.809705, 45.252213],
						[4.809903, 45.252135],
						[4.810384, 45.252115],
						[4.810552, 45.25206],
						[4.811117, 45.251532]
					],
					[
						[4.803001, 45.240848],
						[4.802613, 45.242187]
					],
					[
						[4.748817, 43.935059],
						[4.750724, 43.935893],
						[4.753037, 43.936702],
						[4.75297, 43.936869]
					],
					[
						[4.748723, 43.935014],
						[4.748817, 43.935059]
					],
					[
						[6.130035, 46.202656],
						[6.129964, 46.202658]
					],
					[
						[6.125317, 46.200082],
						[6.125312, 46.20007]
					],
					[
						[3.700925, 43.407769],
						[3.701003, 43.407861]
					],
					[
						[3.703536, 43.409096],
						[3.703405, 43.409059]
					],
					[
						[3.703427, 43.408966],
						[3.703554, 43.408956]
					],
					[
						[4.883122, 44.92904],
						[4.88343, 44.929594]
					],
					[
						[4.88478, 44.931118],
						[4.884577, 44.931096],
						[4.884317, 44.930811]
					],
					[
						[4.88478, 44.931118],
						[4.885553, 44.930945]
					],
					[
						[4.886237, 44.930776],
						[4.885553, 44.930945]
					],
					[
						[4.520729, 43.744507],
						[4.521273, 43.744724]
					],
					[
						[4.645984, 43.804687],
						[4.646106, 43.804719]
					],
					[
						[4.646681, 43.804884],
						[4.646885, 43.804756],
						[4.648166, 43.804568]
					],
					[
						[4.642213, 43.805401],
						[4.642856, 43.805316]
					],
					[
						[4.775274, 43.442628],
						[4.776193, 43.439528],
						[4.776624, 43.437823],
						[4.776753, 43.437701]
					],
					[
						[4.775144, 43.442694],
						[4.775274, 43.442628]
					],
					[
						[4.647496, 43.808436],
						[4.647273, 43.808658],
						[4.647231, 43.809576]
					],
					[
						[5.411551, 45.814612],
						[5.411555, 45.814764]
					],
					[
						[5.411962, 45.816248],
						[5.412112, 45.816431]
					],
					[
						[5.420671, 45.825437],
						[5.420832, 45.825477]
					],
					[
						[5.420794, 45.825122],
						[5.420671, 45.825437]
					],
					[
						[5.521998, 45.696149],
						[5.518223, 45.693816]
					],
					[
						[5.504665, 45.689473],
						[5.504749, 45.689483]
					],
					[
						[5.504701, 45.689278],
						[5.504686, 45.689207]
					],
					[
						[5.504665, 45.689473],
						[5.504701, 45.689278]
					],
					[
						[4.590813, 43.873307],
						[4.590833, 43.873842]
					],
					[
						[4.795689, 43.952791],
						[4.79454, 43.95321]
					],
					[
						[4.64666, 43.800183],
						[4.647096, 43.798871],
						[4.647232, 43.798727],
						[4.646925, 43.797555],
						[4.646673, 43.796178],
						[4.646703, 43.795612],
						[4.647365, 43.792887],
						[4.647553, 43.792388],
						[4.647838, 43.790538],
						[4.647824, 43.790322],
						[4.647599, 43.789745],
						[4.64753, 43.788946],
						[4.647548, 43.788069],
						[4.647875, 43.787742],
						[4.647923, 43.787631],
						[4.647893, 43.787348],
						[4.647725, 43.787074],
						[4.64771, 43.786918],
						[4.647575, 43.786863],
						[4.646409, 43.786993],
						[4.645874, 43.786908],
						[4.644121, 43.783299],
						[4.643984, 43.783104],
						[4.64285, 43.783525],
						[4.642003, 43.783526],
						[4.6416, 43.78283],
						[4.638024, 43.779759],
						[4.635539, 43.777481],
						[4.635552, 43.777148],
						[4.636404, 43.776595],
						[4.636118, 43.775516],
						[4.633119, 43.773163],
						[4.632891, 43.773157],
						[4.631039, 43.773764],
						[4.630878, 43.773747],
						[4.627365, 43.770537],
						[4.626532, 43.769694],
						[4.626485, 43.769495],
						[4.62854, 43.768424],
						[4.628595, 43.768369],
						[4.628562, 43.768309]
					],
					[
						[4.607145, 43.724945],
						[4.607101, 43.72484],
						[4.607123, 43.724159],
						[4.607041, 43.724159],
						[4.607032, 43.724046]
					],
					[
						[4.607708, 43.725082],
						[4.607376, 43.724984]
					],
					[
						[4.607285, 43.724968],
						[4.607145, 43.724945]
					],
					[
						[4.613492, 43.694321],
						[4.613452, 43.693951]
					],
					[
						[4.613492, 43.694321],
						[4.613356, 43.69433]
					],
					[
						[4.613356, 43.69433],
						[4.613242, 43.694037],
						[4.612985, 43.693661],
						[4.612859, 43.693598],
						[4.612599, 43.693327]
					],
					[
						[5.641399, 45.635286],
						[5.641238, 45.635486],
						[5.640992, 45.635996]
					],
					[
						[4.724067, 44.529618],
						[4.724126, 44.530052],
						[4.723399, 44.532292],
						[4.722901, 44.53363]
					],
					[
						[4.816832, 43.96523],
						[4.816802, 43.965452],
						[4.816589, 43.965826],
						[4.816911, 43.967067],
						[4.817094, 43.96806],
						[4.817777, 43.972071],
						[4.817825, 43.973046],
						[4.817911, 43.97312],
						[4.818815, 43.973365],
						[4.819152, 43.973519],
						[4.819617, 43.973829],
						[4.819968, 43.974196],
						[4.82017, 43.974687],
						[4.820371, 43.974856],
						[4.820434, 43.975002],
						[4.820544, 43.975622],
						[4.820348, 43.97594]
					],
					[
						[4.830223, 44.01251],
						[4.828881, 44.012449],
						[4.828747, 44.012382],
						[4.828506, 44.012133],
						[4.828124, 44.0119]
					],
					[
						[4.821294, 43.994849],
						[4.822909, 43.994721],
						[4.823119, 43.994628],
						[4.823167, 43.994534],
						[4.822877, 43.992953],
						[4.822265, 43.990363],
						[4.822037, 43.990047]
					],
					[
						[4.827567, 45.684288],
						[4.827595, 45.684246]
					],
					[
						[4.770044, 44.073638],
						[4.770226, 44.073815]
					],
					[
						[4.705956, 44.587132],
						[4.70536, 44.58674]
					],
					[
						[4.705537, 44.241061],
						[4.705347, 44.241285]
					],
					[
						[4.809928, 45.611638],
						[4.809977, 45.61157]
					],
					[
						[5.197544, 45.7677],
						[5.197415, 45.767792]
					],
					[
						[5.40517, 45.852937],
						[5.405239, 45.85285]
					],
					[
						[5.865344, 46.061499],
						[5.865192, 46.06153]
					],
					[
						[6.480935, 46.378408],
						[6.480987, 46.378474],
						[6.480922, 46.378546]
					],
					[
						[6.524388, 46.389469],
						[6.524494, 46.389549]
					],
					[
						[6.761165, 46.399624],
						[6.76106, 46.399695],
						[6.761, 46.399682]
					],
					[
						[6.765388, 46.398782],
						[6.763171, 46.399417],
						[6.761402, 46.399657],
						[6.761165, 46.399624]
					],
					[
						[6.756918, 46.402038],
						[6.756851, 46.402064]
					],
					[
						[6.718596, 46.407454],
						[6.718199, 46.407495],
						[6.717403, 46.407441],
						[6.716794, 46.407452],
						[6.715305, 46.407289],
						[6.714422, 46.407434]
					],
					[
						[6.718636, 46.407448],
						[6.718596, 46.407454]
					],
					[
						[5.700768, 45.720809],
						[5.700738, 45.720622]
					],
					[
						[5.643745, 45.640543],
						[5.644061, 45.640543],
						[5.644488, 45.640416]
					],
					[
						[4.779888, 45.581555],
						[4.778879, 45.580841]
					],
					[
						[3.729671, 43.424593],
						[3.729966, 43.424234]
					],
					[
						[4.788773, 44.067386],
						[4.78861, 44.067598],
						[4.787755, 44.068323],
						[4.786377, 44.069241],
						[4.785127, 44.06988],
						[4.783677, 44.070424]
					],
					[
						[4.789105, 44.067217],
						[4.789686, 44.067448]
					],
					[
						[4.788773, 44.067386],
						[4.788943, 44.067255],
						[4.789105, 44.067217]
					],
					[
						[5.040005, 45.798252],
						[5.040589, 45.798766],
						[5.040871, 45.798966],
						[5.040949, 45.798959]
					],
					[
						[5.276215, 45.795162],
						[5.275826, 45.795124],
						[5.27553, 45.794351]
					],
					[
						[4.826691, 44.011914],
						[4.826642, 44.011993]
					],
					[
						[4.817614, 43.964398],
						[4.817662, 43.964433]
					],
					[
						[4.210271, 43.589111],
						[4.210323, 43.589344]
					],
					[
						[5.899777, 46.08201],
						[5.899774, 46.081459],
						[5.899572, 46.080435],
						[5.899442, 46.080216],
						[5.899198, 46.080187],
						[5.899045, 46.080283],
						[5.898757, 46.080694],
						[5.898424, 46.081601],
						[5.897738, 46.082921],
						[5.897269, 46.084014]
					],
					[
						[4.768034, 45.324544],
						[4.767828, 45.322334]
					],
					[
						[4.879605, 45.791179],
						[4.88046, 45.792122],
						[4.880636, 45.792402]
					],
					[
						[4.876671, 45.787929],
						[4.879426, 45.790981]
					],
					[
						[6.18687, 46.228886],
						[6.186749, 46.228845]
					],
					[
						[4.778725, 45.462964],
						[4.779199, 45.463817],
						[4.779261, 45.46421],
						[4.779423, 45.464537]
					],
					[
						[4.867629, 44.993266],
						[4.868173, 44.994231],
						[4.868805, 44.995061],
						[4.868789, 44.995192],
						[4.868576, 44.995335],
						[4.868582, 44.995402],
						[4.868893, 44.995232]
					],
					[
						[4.799926, 44.82479],
						[4.800716, 44.823721],
						[4.800846, 44.823379]
					],
					[
						[4.832286, 44.014091],
						[4.832154, 44.014139],
						[4.832113, 44.014293],
						[4.831853, 44.014296],
						[4.831229, 44.014543],
						[4.83052, 44.01469],
						[4.830088, 44.014851],
						[4.829916, 44.014859],
						[4.829779, 44.014919],
						[4.82954, 44.014916],
						[4.829178, 44.015012]
					],
					[
						[4.843433, 44.022412],
						[4.843308, 44.02234]
					],
					[
						[4.810397, 45.486341],
						[4.810726, 45.486473]
					],
					[
						[4.81993, 45.493062],
						[4.820276, 45.493382]
					],
					[
						[4.822177, 45.495821],
						[4.822454, 45.496124],
						[4.822353, 45.496275]
					],
					[
						[4.821853, 45.495366],
						[4.822177, 45.495821]
					],
					[
						[5.831188, 45.933374],
						[5.830623, 45.933204],
						[5.83002, 45.932639],
						[5.829435, 45.932268],
						[5.828417, 45.93184],
						[5.8282, 45.931614],
						[5.827789, 45.931445],
						[5.827355, 45.931199],
						[5.826719, 45.930979],
						[5.826083, 45.930625],
						[5.825823, 45.929968],
						[5.825876, 45.929902],
						[5.826213, 45.929814]
					],
					[
						[4.898566, 45.777701],
						[4.899563, 45.776534]
					],
					[
						[4.902469, 45.772971],
						[4.903906, 45.771213]
					],
					[
						[4.806648, 43.958099],
						[4.806921, 43.958118]
					],
					[
						[6.288515, 46.349572],
						[6.288394, 46.349799]
					],
					[
						[6.289286, 46.348569],
						[6.289199, 46.348686]
					],
					[
						[6.284148, 46.344148],
						[6.284061, 46.3441]
					],
					[
						[6.283889, 46.344032],
						[6.283831, 46.343983]
					],
					[
						[6.283831, 46.343983],
						[6.283568, 46.343767]
					],
					[
						[6.283894, 46.343946],
						[6.284061, 46.3441]
					],
					[
						[6.284061, 46.3441],
						[6.283889, 46.344032]
					],
					[
						[6.289129, 46.348287],
						[6.289156, 46.348268]
					],
					[
						[5.079231, 45.806385],
						[5.079274, 45.806447]
					],
					[
						[6.509096, 46.382859],
						[6.508795, 46.382869]
					],
					[
						[6.507106, 46.382924],
						[6.507071, 46.382925]
					],
					[
						[6.511211, 46.383017],
						[6.510675, 46.38288]
					],
					[
						[6.511495, 46.383106],
						[6.511211, 46.383017]
					],
					[
						[6.511078, 46.382929],
						[6.511273, 46.382975]
					],
					[
						[6.510995, 46.382912],
						[6.511078, 46.382929]
					],
					[
						[6.512045, 46.383293],
						[6.512275, 46.383368]
					],
					[
						[6.513238, 46.384025],
						[6.512709, 46.383701]
					],
					[
						[6.512275, 46.383368],
						[6.512356, 46.383408]
					],
					[
						[6.507071, 46.382925],
						[6.506994, 46.382928]
					],
					[
						[6.515582, 46.385434],
						[6.515245, 46.385256]
					],
					[
						[6.515245, 46.385256],
						[6.513359, 46.384427]
					],
					[
						[6.516114, 46.385826],
						[6.515998, 46.385827]
					],
					[
						[5.082729, 45.806899],
						[5.081197, 45.806507],
						[5.081181, 45.806468]
					],
					[
						[6.326765, 46.369515],
						[6.326288, 46.36951],
						[6.325949, 46.369585]
					],
					[
						[6.780064, 46.395212],
						[6.779632, 46.395323],
						[6.778778, 46.395696]
					],
					[
						[6.778778, 46.395696],
						[6.778702, 46.395731]
					],
					[
						[5.548724, 45.713015],
						[5.549023, 45.713306],
						[5.549215, 45.713229]
					],
					[
						[6.498433, 46.3849],
						[6.498846, 46.384733]
					],
					[
						[6.150793, 46.204116],
						[6.150708, 46.204016]
					],
					[
						[6.150546, 46.20387],
						[6.150467, 46.203888]
					],
					[
						[6.150588, 46.203873],
						[6.150546, 46.20387]
					],
					[
						[6.150661, 46.203958],
						[6.150588, 46.203873]
					],
					[
						[6.150708, 46.204016],
						[6.150661, 46.203958]
					],
					[
						[6.150824, 46.204148],
						[6.150793, 46.204116]
					],
					[
						[6.150024, 46.203981],
						[6.149724, 46.204042],
						[6.149638, 46.204099]
					],
					[
						[6.150467, 46.203888],
						[6.150285, 46.203927]
					],
					[
						[4.796966, 43.952493],
						[4.796449, 43.952651]
					],
					[
						[4.756055, 44.099327],
						[4.755968, 44.099392],
						[4.755584, 44.099438],
						[4.754902, 44.099758],
						[4.754782, 44.099911],
						[4.754678, 44.099938]
					],
					[
						[4.746204, 44.096967],
						[4.74402, 44.094972]
					],
					[
						[4.747221, 44.097726],
						[4.746762, 44.097486],
						[4.746204, 44.096967]
					],
					[
						[4.721666, 44.188133],
						[4.72172, 44.188168]
					],
					[
						[4.721547, 44.18805],
						[4.721666, 44.188133]
					],
					[
						[4.674902, 44.295727],
						[4.674853, 44.295582],
						[4.674922, 44.294455],
						[4.674324, 44.293009],
						[4.673501, 44.290188],
						[4.672878, 44.286409],
						[4.672862, 44.285999]
					],
					[
						[4.659174, 44.334037],
						[4.659193, 44.333359],
						[4.659832, 44.331417],
						[4.659837, 44.331183],
						[4.659655, 44.330078],
						[4.659657, 44.329225],
						[4.659094, 44.326692]
					],
					[
						[4.682016, 44.308384],
						[4.682232, 44.308153]
					],
					[
						[4.679679, 44.310637],
						[4.680583, 44.309533],
						[4.681711, 44.308675],
						[4.682016, 44.308384]
					],
					[
						[4.646485, 43.799921],
						[4.646608, 43.800038],
						[4.64666, 43.800183]
					],
					[
						[6.130035, 46.202656],
						[6.130876, 46.202647]
					],
					[
						[6.475761, 46.373873],
						[6.47557, 46.373786]
					],
					[
						[4.827767, 45.692669],
						[4.827818, 45.692895],
						[4.828036, 45.693062],
						[4.828141, 45.693265]
					],
					[
						[6.137836, 46.205482],
						[6.138099, 46.205466]
					],
					[
						[6.121751, 46.196172],
						[6.122278, 46.196176]
					],
					[
						[6.125349, 46.196472],
						[6.126486, 46.196965],
						[6.127085, 46.197104]
					],
					[
						[6.129964, 46.202658],
						[6.129069, 46.202679],
						[6.128555, 46.202635]
					],
					[
						[6.128555, 46.202635],
						[6.128236, 46.202607]
					],
					[
						[4.819898, 45.711492],
						[4.819957, 45.711453],
						[4.820239, 45.710288],
						[4.821146, 45.709009]
					],
					[
						[4.923383, 45.794521],
						[4.923607, 45.794642],
						[4.924447, 45.794851],
						[4.924774, 45.795082],
						[4.925214, 45.795758],
						[4.925611, 45.796886],
						[4.925836, 45.797337],
						[4.926088, 45.797654],
						[4.926665, 45.798148],
						[4.926902, 45.798448],
						[4.927223, 45.79951],
						[4.927152, 45.800194],
						[4.926801, 45.801113],
						[4.926549, 45.801266],
						[4.926097, 45.801362],
						[4.925953, 45.801494],
						[4.92595, 45.801733],
						[4.926077, 45.801859]
					],
					[
						[6.381449, 46.330087],
						[6.382246, 46.330464],
						[6.382419, 46.330599]
					],
					[
						[6.379676, 46.330554],
						[6.379935, 46.330434]
					],
					[
						[6.378494, 46.331238],
						[6.37912, 46.330822],
						[6.379676, 46.330554]
					],
					[
						[6.18715, 46.228876],
						[6.187083, 46.228879]
					],
					[
						[6.187083, 46.228879],
						[6.187015, 46.228907]
					],
					[
						[6.502631, 46.382464],
						[6.502678, 46.382376]
					],
					[
						[6.499661, 46.384342],
						[6.500166, 46.383984]
					],
					[
						[6.500252, 46.383915],
						[6.500332, 46.38385]
					],
					[
						[6.500332, 46.38385],
						[6.500663, 46.383584]
					],
					[
						[6.500166, 46.383984],
						[6.500252, 46.383915]
					],
					[
						[6.499104, 46.384641],
						[6.499661, 46.384342]
					],
					[
						[6.498203, 46.385008],
						[6.498433, 46.3849]
					],
					[
						[6.498846, 46.384733],
						[6.499104, 46.384641]
					],
					[
						[6.498171, 46.385023],
						[6.498203, 46.385008]
					],
					[
						[6.50326, 46.382493],
						[6.502908, 46.382427]
					],
					[
						[6.226977, 46.275205],
						[6.227063, 46.275312]
					],
					[
						[6.234901, 46.282018],
						[6.235342, 46.28226]
					],
					[
						[4.783548, 43.949929],
						[4.7836, 43.94985]
					],
					[
						[4.890217, 44.941628],
						[4.890275, 44.941612],
						[4.89016, 44.941344],
						[4.89016, 44.941058],
						[4.890012, 44.941124]
					],
					[
						[4.889297, 44.941261],
						[4.888793, 44.941226]
					],
					[
						[5.836122, 45.932131],
						[5.8366, 45.932954]
					],
					[
						[5.83514, 45.934491],
						[5.835171, 45.934256],
						[5.836147, 45.933128],
						[5.836339, 45.933043],
						[5.836585, 45.933012]
					],
					[
						[5.835255, 45.932076],
						[5.835633, 45.932125],
						[5.836018, 45.932071],
						[5.836122, 45.932131]
					],
					[
						[3.69656, 43.399571],
						[3.696484, 43.399621],
						[3.696556, 43.399781]
					],
					[
						[5.842162, 45.863818],
						[5.842793, 45.861941],
						[5.842781, 45.86135]
					],
					[
						[6.085188, 46.173525],
						[6.08545, 46.173339]
					],
					[
						[6.085186, 46.17393],
						[6.085129, 46.173962]
					],
					[
						[4.869515, 45.526044],
						[4.869775, 45.526405]
					],
					[
						[4.869362, 45.525814],
						[4.869515, 45.526044]
					],
					[
						[6.138099, 46.205466],
						[6.13848, 46.205445]
					],
					[
						[6.140089, 46.205433],
						[6.140387, 46.205457]
					],
					[
						[5.623391, 45.639662],
						[5.623229, 45.639253]
					],
					[
						[4.767798, 45.322237],
						[4.767708, 45.322138]
					],
					[
						[4.879426, 45.790981],
						[4.879605, 45.791179]
					],
					[
						[4.880636, 45.792402],
						[4.880775, 45.792622]
					],
					[
						[5.833889, 45.925359],
						[5.834227, 45.925021]
					],
					[
						[4.794371, 45.572127],
						[4.794311, 45.572183]
					],
					[
						[6.179595, 46.220603],
						[6.176429, 46.216232]
					],
					[
						[6.176429, 46.216232],
						[6.175693, 46.215195]
					],
					[
						[6.183178, 46.225311],
						[6.182765, 46.224805]
					],
					[
						[6.185308, 46.227584],
						[6.184691, 46.227121],
						[6.18419, 46.226652],
						[6.183178, 46.225311]
					],
					[
						[4.86057, 45.517676],
						[4.862785, 45.519725],
						[4.865984, 45.522568]
					],
					[
						[4.860331, 45.517482],
						[4.86057, 45.517676]
					],
					[
						[4.886237, 44.930776],
						[4.886267, 44.930823],
						[4.886756, 44.930748],
						[4.886876, 44.930993]
					],
					[
						[4.889961, 44.940626],
						[4.890038, 44.941044]
					],
					[
						[4.890012, 44.941124],
						[4.889748, 44.941218],
						[4.889297, 44.941261]
					],
					[
						[4.801933, 45.563784],
						[4.802261, 45.56348],
						[4.802454, 45.563203]
					],
					[
						[4.80181, 45.563893],
						[4.801933, 45.563784]
					],
					[
						[4.795434, 45.57287],
						[4.795251, 45.572791],
						[4.794799, 45.572445]
					],
					[
						[4.794799, 45.572445],
						[4.794505, 45.572523]
					],
					[
						[4.79121, 45.575952],
						[4.791308, 45.575901]
					],
					[
						[6.381217, 46.330014],
						[6.381449, 46.330087]
					],
					[
						[6.424149, 46.355841],
						[6.424558, 46.355837]
					],
					[
						[6.423451, 46.355837],
						[6.424011, 46.35584]
					],
					[
						[4.837585, 45.010742],
						[4.838398, 45.010563]
					],
					[
						[4.838398, 45.010563],
						[4.840318, 45.010255]
					],
					[
						[4.886664, 44.941881],
						[4.886852, 44.941602],
						[4.886892, 44.941274]
					],
					[
						[4.883037, 44.929055],
						[4.883122, 44.92904]
					],
					[
						[4.821021, 45.706689],
						[4.821081, 45.707054]
					],
					[
						[4.821238, 45.707503],
						[4.821188, 45.707345]
					],
					[
						[4.821121, 45.70715],
						[4.821175, 45.707291]
					],
					[
						[4.821121, 45.70715],
						[4.821081, 45.707054]
					],
					[
						[4.81825, 45.718902],
						[4.818245, 45.71895]
					],
					[
						[4.815367, 45.729157],
						[4.815393, 45.729157]
					],
					[
						[4.816046, 45.729503],
						[4.816104, 45.729518]
					],
					[
						[4.815646, 45.729102],
						[4.815639, 45.72912]
					],
					[
						[4.815639, 45.72912],
						[4.815645, 45.729149]
					],
					[
						[4.815477, 45.729154],
						[4.815509, 45.72915]
					],
					[
						[4.815509, 45.72915],
						[4.81562, 45.729124]
					],
					[
						[3.978919, 43.546574],
						[3.978905, 43.546678],
						[3.979109, 43.546848],
						[3.979204, 43.547026]
					],
					[
						[5.820143, 45.867688],
						[5.820093, 45.867549]
					],
					[
						[5.821104, 45.870568],
						[5.821217, 45.870405],
						[5.821233, 45.870179],
						[5.821331, 45.870072],
						[5.821198, 45.869371],
						[5.821036, 45.868908],
						[5.820933, 45.86878],
						[5.82097, 45.868596],
						[5.820884, 45.868514],
						[5.82063, 45.868428],
						[5.820143, 45.867688]
					],
					[
						[5.834491, 45.924703],
						[5.834923, 45.92367],
						[5.835105, 45.923443]
					],
					[
						[5.840316, 45.889739],
						[5.840263, 45.88694]
					],
					[
						[5.835255, 45.932076],
						[5.835132, 45.932113],
						[5.83501, 45.932317],
						[5.834912, 45.932374],
						[5.833575, 45.932741],
						[5.833279, 45.932749],
						[5.832979, 45.932698],
						[5.832511, 45.932981],
						[5.831957, 45.93322],
						[5.831188, 45.933374]
					],
					[
						[4.791585, 43.954061],
						[4.791487, 43.954096]
					],
					[
						[6.204069, 46.240378],
						[6.205114, 46.24124]
					],
					[
						[6.20397, 46.240307],
						[6.204069, 46.240378]
					],
					[
						[5.703387, 45.738007],
						[5.703284, 45.738204],
						[5.703357, 45.738268]
					],
					[
						[4.838003, 44.854596],
						[4.838112, 44.854397],
						[4.838693, 44.854357]
					],
					[
						[4.818371, 45.718556],
						[4.8184, 45.718422]
					],
					[
						[4.819342, 45.7141],
						[4.819304, 45.714295]
					],
					[
						[4.819385, 45.714304],
						[4.819304, 45.714295]
					],
					[
						[5.700782, 45.714575],
						[5.700844, 45.714527]
					],
					[
						[5.701874, 45.747414],
						[5.701609, 45.747819],
						[5.701641, 45.748294],
						[5.701798, 45.748581],
						[5.702106, 45.748873],
						[5.703189, 45.749445],
						[5.703317, 45.749606],
						[5.703539, 45.751237],
						[5.703757, 45.751955],
						[5.704056, 45.75256],
						[5.704475, 45.753159],
						[5.70481, 45.753495],
						[5.705795, 45.754309],
						[5.706823, 45.755019]
					],
					[
						[4.819606, 44.842274],
						[4.819753, 44.842556]
					],
					[
						[5.706823, 45.755019],
						[5.706928, 45.75508]
					],
					[
						[5.771633, 45.771731],
						[5.771697, 45.771864],
						[5.771997, 45.772107],
						[5.772106, 45.772275],
						[5.77217, 45.77255],
						[5.772149, 45.772789],
						[5.771339, 45.775979],
						[5.770965, 45.776924],
						[5.770777, 45.777585],
						[5.770701, 45.778048],
						[5.770738, 45.778495],
						[5.770826, 45.778948],
						[5.771029, 45.779475],
						[5.772415, 45.781309],
						[5.772406, 45.781388],
						[5.772171, 45.781526],
						[5.772133, 45.781599],
						[5.772323, 45.78181],
						[5.772568, 45.781835]
					],
					[
						[6.428759, 46.357798],
						[6.428697, 46.35815]
					],
					[
						[4.641491, 43.79984],
						[4.641546, 43.800913],
						[4.641412, 43.802219]
					],
					[
						[4.646247, 43.799737],
						[4.646129, 43.799951],
						[4.645744, 43.800327],
						[4.64563, 43.800526],
						[4.645588, 43.800776],
						[4.645352, 43.800871]
					],
					[
						[5.824088, 45.851126],
						[5.828288, 45.850853],
						[5.830277, 45.850855]
					],
					[
						[5.820333, 45.85151],
						[5.820663, 45.851499],
						[5.821414, 45.851379]
					],
					[
						[5.821414, 45.851379],
						[5.821409, 45.851348]
					],
					[
						[5.821409, 45.851348],
						[5.821404, 45.85132]
					],
					[
						[5.821402, 45.851296],
						[5.824088, 45.851126]
					],
					[
						[5.830583, 45.850901],
						[5.830273, 45.850898]
					],
					[
						[5.830583, 45.850901],
						[5.830271, 45.850932]
					],
					[
						[5.830277, 45.850855],
						[5.830276, 45.850865]
					],
					[
						[5.830271, 45.850932],
						[5.830273, 45.850898]
					],
					[
						[5.830276, 45.850865],
						[5.830273, 45.850898]
					],
					[
						[5.821624, 45.872392],
						[5.821666, 45.872342],
						[5.821621, 45.87223]
					],
					[
						[5.843607, 45.880835],
						[5.842931, 45.880534]
					],
					[
						[5.840372, 45.886453],
						[5.840017, 45.886325],
						[5.839791, 45.886148],
						[5.839451, 45.885452]
					],
					[
						[5.840973, 45.893191],
						[5.839892, 45.892469]
					],
					[
						[5.840362, 45.902018],
						[5.840113, 45.901943]
					],
					[
						[5.834363, 45.925044],
						[5.834491, 45.924703]
					],
					[
						[5.834227, 45.925021],
						[5.834363, 45.925044]
					],
					[
						[4.838003, 44.854596],
						[4.837964, 44.854603]
					],
					[
						[5.084094, 45.801036],
						[5.084041, 45.801119]
					],
					[
						[4.832984, 44.013917],
						[4.832286, 44.014091]
					],
					[
						[4.832513, 44.012137],
						[4.832077, 44.012173]
					],
					[
						[4.720783, 44.576086],
						[4.720923, 44.576435],
						[4.721116, 44.576702]
					],
					[
						[4.722988, 44.145994],
						[4.723079, 44.14422],
						[4.723016, 44.142936],
						[4.722751, 44.141313],
						[4.722218, 44.139585],
						[4.721686, 44.138366],
						[4.721048, 44.13718],
						[4.717006, 44.130173],
						[4.716775, 44.129674],
						[4.716357, 44.128446],
						[4.716183, 44.128318],
						[4.715688, 44.128266],
						[4.715617, 44.128152]
					],
					[
						[4.722059, 44.150111],
						[4.72235, 44.149381],
						[4.72279, 44.147786],
						[4.722988, 44.145994]
					],
					[
						[4.723407, 44.582528],
						[4.723523, 44.581897],
						[4.723368, 44.581124]
					],
					[
						[4.816758, 45.725396],
						[4.81717, 45.723864]
					],
					[
						[4.816758, 45.725396],
						[4.81637, 45.726349],
						[4.816217, 45.727181]
					],
					[
						[4.819872, 45.71162],
						[4.819896, 45.711503]
					],
					[
						[4.82127, 45.707538],
						[4.821238, 45.707503]
					],
					[
						[4.788241, 45.577101],
						[4.787622, 45.577505],
						[4.786531, 45.578007],
						[4.783508, 45.578948],
						[4.779883, 45.580168]
					],
					[
						[4.58668, 43.867588],
						[4.586686, 43.867523]
					],
					[
						[4.58689, 43.867728],
						[4.58683, 43.867719]
					],
					[
						[5.821404, 45.85132],
						[5.821402, 45.851296]
					],
					[
						[4.816217, 45.727181],
						[4.816151, 45.727243]
					],
					[
						[4.183313, 43.559537],
						[4.182775, 43.558902]
					],
					[
						[4.142311, 43.541107],
						[4.142042, 43.541292]
					],
					[
						[4.812401, 45.186714],
						[4.812274, 45.186747],
						[4.811005, 45.188958],
						[4.808776, 45.192205]
					],
					[
						[6.391643, 46.336965],
						[6.391553, 46.337166]
					],
					[
						[6.391553, 46.337166],
						[6.391385, 46.337515]
					],
					[
						[6.391472, 46.337149],
						[6.391773, 46.336595]
					],
					[
						[6.391385, 46.337515],
						[6.391472, 46.337149]
					],
					[
						[6.391773, 46.336595],
						[6.391643, 46.336965]
					],
					[
						[6.391129, 46.339061],
						[6.391103, 46.339152]
					],
					[
						[6.39117, 46.338921],
						[6.391139, 46.339026]
					],
					[
						[6.391139, 46.339026],
						[6.391129, 46.339061]
					],
					[
						[6.751935, 46.403005],
						[6.751815, 46.403036]
					],
					[
						[6.794045, 46.392435],
						[6.794496, 46.392505]
					],
					[
						[6.794037, 46.392398],
						[6.794029, 46.392361]
					],
					[
						[6.791874, 46.392499],
						[6.790878, 46.392486],
						[6.789928, 46.39269]
					],
					[
						[6.794029, 46.392361],
						[6.792554, 46.392504],
						[6.791874, 46.392499]
					],
					[
						[6.785321, 46.393781],
						[6.783558, 46.394113],
						[6.782668, 46.394206],
						[6.780193, 46.395169]
					],
					[
						[6.785465, 46.393784],
						[6.785321, 46.393781]
					],
					[
						[6.801499, 46.393857],
						[6.801333, 46.393825]
					],
					[
						[6.801333, 46.393825],
						[6.80126, 46.39381]
					],
					[
						[6.801613, 46.393878],
						[6.801499, 46.393857]
					],
					[
						[6.805009, 46.394296],
						[6.804697, 46.394248]
					],
					[
						[6.80126, 46.39381],
						[6.800316, 46.393652],
						[6.797777, 46.393498]
					],
					[
						[6.804697, 46.394248],
						[6.804687, 46.394247]
					],
					[
						[6.804686, 46.394235],
						[6.804687, 46.394247]
					],
					[
						[6.795611, 46.39289],
						[6.795539, 46.3929]
					],
					[
						[6.541334, 46.394996],
						[6.542212, 46.395035]
					],
					[
						[6.54104, 46.395003],
						[6.541334, 46.394996]
					],
					[
						[6.547689, 46.394742],
						[6.545121, 46.394604]
					],
					[
						[6.547347, 46.393972],
						[6.546204, 46.393698],
						[6.546002, 46.393541]
					],
					[
						[6.55768, 46.39317],
						[6.55774, 46.393089]
					],
					[
						[6.542212, 46.395035],
						[6.541335, 46.395053]
					],
					[
						[6.577389, 46.398817],
						[6.577562, 46.398869]
					],
					[
						[6.577562, 46.398869],
						[6.5774, 46.398872]
					],
					[
						[6.574064, 46.397727],
						[6.573844, 46.397668]
					],
					[
						[6.571831, 46.396851],
						[6.571825, 46.396844]
					],
					[
						[6.571763, 46.396766],
						[6.571547, 46.396604],
						[6.570653, 46.39625]
					],
					[
						[6.573844, 46.397668],
						[6.572709, 46.39736]
					],
					[
						[6.558514, 46.39333],
						[6.558331, 46.393271]
					],
					[
						[6.567676, 46.395148],
						[6.566566, 46.39491],
						[6.565135, 46.394691]
					],
					[
						[6.569645, 46.395716],
						[6.569217, 46.395492]
					],
					[
						[6.569938, 46.39589],
						[6.569645, 46.395716]
					],
					[
						[6.574228, 46.397774],
						[6.574064, 46.397727]
					],
					[
						[6.581364, 46.399395],
						[6.581477, 46.399527]
					],
					[
						[6.580977, 46.39932],
						[6.581055, 46.399325]
					],
					[
						[5.835315, 45.922332],
						[5.835594, 45.921749],
						[5.835948, 45.921296],
						[5.836036, 45.920848],
						[5.836377, 45.919826],
						[5.836903, 45.919064],
						[5.837093, 45.91859],
						[5.837403, 45.918224],
						[5.837786, 45.917553]
					],
					[
						[4.081209, 43.560641],
						[4.080216, 43.560224]
					],
					[
						[6.595852, 46.401504],
						[6.596029, 46.401544],
						[6.596203, 46.401502]
					],
					[
						[6.595809, 46.401568],
						[6.594616, 46.401397]
					],
					[
						[6.206057, 46.245343],
						[6.20616, 46.245239]
					],
					[
						[6.206187, 46.245458],
						[6.206062, 46.245376]
					],
					[
						[6.206062, 46.245376],
						[6.206057, 46.245343]
					],
					[
						[6.20616, 46.245239],
						[6.206339, 46.245263]
					],
					[
						[6.186905, 46.228783],
						[6.187011, 46.228735]
					],
					[
						[6.187127, 46.228801],
						[6.187242, 46.228892]
					],
					[
						[6.142411, 46.205688],
						[6.142246, 46.205681]
					],
					[
						[6.504398, 46.382715],
						[6.504254, 46.382688]
					],
					[
						[4.785804, 44.645701],
						[4.785878, 44.645862],
						[4.785816, 44.645981]
					],
					[
						[5.969737, 46.14659],
						[5.969953, 46.146344]
					],
					[
						[5.979965, 46.155293],
						[5.980006, 46.155195]
					],
					[
						[5.995951, 46.168425],
						[5.996142, 46.168352]
					],
					[
						[5.347488, 45.884183],
						[5.347436, 45.884769]
					],
					[
						[5.347111, 45.884689],
						[5.34731, 45.884516],
						[5.347488, 45.884183]
					],
					[
						[4.789204, 44.639831],
						[4.78916, 44.639811],
						[4.789189, 44.63936],
						[4.789403, 44.638539],
						[4.789845, 44.63747]
					],
					[
						[6.006633, 46.179669],
						[6.006457, 46.179143]
					],
					[
						[5.807312, 45.849045],
						[5.807699, 45.848702],
						[5.807697, 45.848487]
					],
					[
						[5.807697, 45.848487],
						[5.807691, 45.848457]
					],
					[
						[6.491194, 46.386596],
						[6.491184, 46.38661]
					],
					[
						[6.49123, 46.386546],
						[6.491194, 46.386596]
					],
					[
						[4.819896, 45.711503],
						[4.819898, 45.711492]
					],
					[
						[4.819866, 45.711645],
						[4.819872, 45.71162]
					],
					[
						[6.206339, 46.245263],
						[6.20639, 46.245345]
					],
					[
						[6.206309, 46.245445],
						[6.206187, 46.245458]
					],
					[
						[5.895261, 46.064278],
						[5.895203, 46.064256]
					],
					[
						[4.794137, 45.572331],
						[4.794055, 45.5724]
					],
					[
						[4.8262, 45.642852],
						[4.826171, 45.642678]
					],
					[
						[4.81825, 45.718902],
						[4.818252, 45.718883]
					],
					[
						[4.586849, 43.867407],
						[4.586967, 43.867409]
					],
					[
						[4.590503, 43.874155],
						[4.590626, 43.874076]
					],
					[
						[4.783518, 43.949971],
						[4.783548, 43.949929]
					],
					[
						[4.81717, 45.723864],
						[4.818024, 45.720044]
					],
					[
						[4.785804, 44.645701],
						[4.786517, 44.645467],
						[4.787749, 44.645166]
					],
					[
						[4.784864, 44.647532],
						[4.784955, 44.647686]
					],
					[
						[5.761188, 45.765667],
						[5.763397, 45.765923],
						[5.763472, 45.765891]
					],
					[
						[5.763472, 45.765891],
						[5.763738, 45.76583]
					],
					[
						[4.592159, 43.875653],
						[4.59243, 43.876073]
					],
					[
						[3.924274, 43.531448],
						[3.924541, 43.531456]
					],
					[
						[4.790105, 44.659505],
						[4.789752, 44.659838]
					],
					[
						[4.790236, 44.639862],
						[4.789204, 44.639831]
					],
					[
						[4.747984, 44.75433],
						[4.748011, 44.75438]
					],
					[
						[4.748424, 44.754158],
						[4.748364, 44.754112]
					],
					[
						[4.802066, 43.956778],
						[4.800819, 43.956347],
						[4.799345, 43.955484]
					],
					[
						[4.66134, 44.340163],
						[4.661538, 44.339498],
						[4.660905, 44.338389],
						[4.660223, 44.336697],
						[4.659659, 44.335592],
						[4.659485, 44.335178],
						[4.659402, 44.334698],
						[4.659174, 44.334037]
					],
					[
						[4.661319, 44.340232],
						[4.66134, 44.340163]
					],
					[
						[4.65585, 44.363074],
						[4.656205, 44.366423],
						[4.656472, 44.367601]
					],
					[
						[4.655831, 44.36297],
						[4.65585, 44.363074]
					],
					[
						[5.416716, 45.845537],
						[5.416549, 45.845652],
						[5.416237, 45.84603]
					],
					[
						[5.419132, 45.845752],
						[5.418775, 45.845742]
					],
					[
						[4.790236, 44.639862],
						[4.790127, 44.63999]
					],
					[
						[6.545174, 46.39381],
						[6.545121, 46.394604]
					],
					[
						[5.222411, 45.765342],
						[5.22307, 45.764725]
					],
					[
						[5.222345, 45.765411],
						[5.222411, 45.765342]
					],
					[
						[5.222112, 45.765807],
						[5.222345, 45.765411]
					],
					[
						[5.169582, 45.790384],
						[5.169692, 45.790402]
					],
					[
						[5.169692, 45.790402],
						[5.16971, 45.790464]
					],
					[
						[5.079225, 45.806377],
						[5.079231, 45.806385]
					],
					[
						[5.548927, 45.712951],
						[5.548724, 45.713015]
					],
					[
						[5.410414, 45.853583],
						[5.410606, 45.853527]
					],
					[
						[5.409118, 45.854063],
						[5.409585, 45.853857],
						[5.410414, 45.853583]
					],
					[
						[6.508208, 46.382891],
						[6.50816, 46.382892]
					],
					[
						[4.781962, 44.599854],
						[4.782081, 44.600108],
						[4.782923, 44.600638]
					],
					[
						[4.777181, 44.60059],
						[4.779621, 44.600024],
						[4.781962, 44.599854]
					],
					[
						[4.669174, 44.251271],
						[4.666493, 44.252145]
					],
					[
						[4.660564, 44.257297],
						[4.660795, 44.256933],
						[4.661012, 44.256106],
						[4.660741, 44.25547]
					],
					[
						[4.8215, 43.986757],
						[4.821422, 43.98643]
					],
					[
						[4.823802, 43.996102],
						[4.823618, 43.996118]
					],
					[
						[4.829178, 44.015012],
						[4.828694, 44.01522],
						[4.82826, 44.01528],
						[4.827966, 44.015268]
					],
					[
						[4.827966, 44.015268],
						[4.827489, 44.01523],
						[4.826376, 44.015388],
						[4.825703, 44.015596],
						[4.824995, 44.015888],
						[4.824154, 44.016349],
						[4.823479, 44.016828],
						[4.822837, 44.017394],
						[4.822679, 44.017605]
					],
					[
						[4.827925, 44.011869],
						[4.827577, 44.011983],
						[4.827125, 44.011913],
						[4.826691, 44.011914]
					],
					[
						[4.832077, 44.012173],
						[4.830541, 44.012569]
					],
					[
						[4.843282, 44.02214],
						[4.843308, 44.02234]
					],
					[
						[4.822679, 44.017605],
						[4.822621, 44.017775],
						[4.822645, 44.01797],
						[4.822777, 44.018114],
						[4.823006, 44.018225]
					],
					[
						[4.760894, 44.096986],
						[4.761004, 44.097049],
						[4.760994, 44.097158],
						[4.760757, 44.097259],
						[4.760581, 44.097258],
						[4.759592, 44.09792],
						[4.758565, 44.098436],
						[4.757563, 44.098837],
						[4.757311, 44.09881],
						[4.756673, 44.098991],
						[4.756214, 44.099196],
						[4.756055, 44.099327]
					],
					[
						[4.77184, 44.075987],
						[4.77185, 44.076039],
						[4.771731, 44.076124]
					],
					[
						[4.770226, 44.073815],
						[4.7703, 44.073976]
					],
					[
						[4.771847, 44.07268],
						[4.771727, 44.072728]
					],
					[
						[4.773584, 44.072368],
						[4.772742, 44.07249],
						[4.771847, 44.07268]
					],
					[
						[4.773879, 44.072377],
						[4.773584, 44.072368]
					],
					[
						[4.782705, 44.070707],
						[4.782452, 44.070807],
						[4.781303, 44.071064],
						[4.774222, 44.072372],
						[4.773879, 44.072377]
					],
					[
						[4.783011, 44.070621],
						[4.782705, 44.070707]
					],
					[
						[4.783677, 44.070424],
						[4.78316, 44.070575]
					],
					[
						[4.791949, 44.06391],
						[4.791785, 44.064032],
						[4.79129, 44.065119],
						[4.790699, 44.066126],
						[4.790342, 44.066679],
						[4.789686, 44.067448]
					],
					[
						[4.800423, 44.048564],
						[4.799231, 44.049119],
						[4.794026, 44.052216],
						[4.793739, 44.052482],
						[4.792546, 44.053921],
						[4.790774, 44.055701],
						[4.790781, 44.055798]
					],
					[
						[4.800847, 44.048471],
						[4.800423, 44.048564]
					],
					[
						[4.696503, 43.899377],
						[4.696584, 43.899309]
					],
					[
						[4.815398, 45.729806],
						[4.815429, 45.729755]
					],
					[
						[3.86997, 43.538426],
						[3.869939, 43.538612],
						[3.869511, 43.538749],
						[3.869384, 43.538734],
						[3.869237, 43.538563],
						[3.86903, 43.538478],
						[3.868142, 43.538389]
					],
					[
						[3.855756, 43.538605],
						[3.855656, 43.538438],
						[3.855882, 43.538108]
					],
					[
						[5.199705, 45.76916],
						[5.199393, 45.769031]
					],
					[
						[3.795512, 43.494798],
						[3.795344, 43.494886]
					],
					[
						[5.13611, 45.7946],
						[5.133362, 45.794624],
						[5.130919, 45.794581]
					],
					[
						[5.130504, 45.794651],
						[5.130698, 45.794675],
						[5.130919, 45.794581]
					],
					[
						[4.791314, 43.954015],
						[4.791227, 43.954039]
					],
					[
						[4.791487, 43.954096],
						[4.791314, 43.954015]
					],
					[
						[4.792249, 43.954131],
						[4.792123, 43.954008]
					],
					[
						[4.792423, 43.954318],
						[4.792249, 43.954131]
					],
					[
						[4.792194, 43.954109],
						[4.792082, 43.954169]
					],
					[
						[4.797059, 43.953372],
						[4.797066, 43.95341]
					],
					[
						[4.802187, 43.956819],
						[4.802066, 43.956778]
					],
					[
						[4.796967, 43.952517],
						[4.797081, 43.953237]
					],
					[
						[4.81189, 45.647618],
						[4.811959, 45.647575]
					],
					[
						[4.812107, 45.647648],
						[4.812039, 45.647723]
					],
					[
						[4.811959, 45.647575],
						[4.812048, 45.647581]
					],
					[
						[4.812018, 45.649996],
						[4.812094, 45.649921]
					],
					[
						[4.812132, 45.650083],
						[4.812042, 45.650049]
					],
					[
						[4.812042, 45.650049],
						[4.812018, 45.649996]
					],
					[
						[4.822037, 43.990047],
						[4.822018, 43.989997]
					],
					[
						[4.822018, 43.989997],
						[4.821798, 43.989098],
						[4.821802, 43.988473],
						[4.8215, 43.986757]
					],
					[
						[4.820268, 43.978491],
						[4.820264, 43.978608]
					],
					[
						[4.820352, 43.976019],
						[4.820445, 43.97636],
						[4.820453, 43.976697],
						[4.820268, 43.978491]
					],
					[
						[4.820348, 43.97594],
						[4.820352, 43.976019]
					],
					[
						[4.820264, 43.978608],
						[4.820483, 43.979887],
						[4.820901, 43.983815],
						[4.821422, 43.98643]
					],
					[
						[4.81685, 43.96517],
						[4.816832, 43.96523]
					],
					[
						[4.817367, 43.964954],
						[4.816912, 43.965081],
						[4.81685, 43.96517]
					],
					[
						[4.81738, 43.964911],
						[4.817367, 43.964954]
					],
					[
						[4.817404, 43.964843],
						[4.81738, 43.964911]
					],
					[
						[4.817464, 43.964812],
						[4.817404, 43.964843]
					],
					[
						[4.817624, 43.964461],
						[4.817563, 43.964544],
						[4.81757, 43.96471],
						[4.817464, 43.964812]
					],
					[
						[4.817662, 43.964433],
						[4.817624, 43.964461]
					],
					[
						[4.817484, 43.964305],
						[4.817614, 43.964398]
					],
					[
						[4.817046, 43.964158],
						[4.817212, 43.964178]
					],
					[
						[4.821357, 43.995233],
						[4.821294, 43.994849]
					],
					[
						[4.823618, 43.996118],
						[4.823504, 43.996078],
						[4.823463, 43.995992],
						[4.823401, 43.995384],
						[4.82312, 43.995182],
						[4.822776, 43.995173],
						[4.821815, 43.995279],
						[4.821357, 43.995233]
					],
					[
						[4.826365, 44.011908],
						[4.826642, 44.011993]
					],
					[
						[4.828124, 44.0119],
						[4.82804, 44.011854],
						[4.827925, 44.011869]
					],
					[
						[4.830423, 44.012547],
						[4.830223, 44.01251]
					],
					[
						[4.830541, 44.012569],
						[4.830423, 44.012547]
					],
					[
						[6.769285, 46.397852],
						[6.767371, 46.398369],
						[6.765606, 46.398722]
					],
					[
						[6.268343, 46.328117],
						[6.268242, 46.328044]
					],
					[
						[6.267514, 46.326993],
						[6.267593, 46.32686],
						[6.267785, 46.325491]
					],
					[
						[6.266607, 46.315845],
						[6.26669, 46.316028],
						[6.266589, 46.316193]
					],
					[
						[6.251242, 46.306333],
						[6.249725, 46.30561],
						[6.249311, 46.305361],
						[6.248999, 46.305046],
						[6.248296, 46.304016]
					],
					[
						[4.659856, 44.259572],
						[4.6598, 44.2594],
						[4.65951, 44.259118]
					],
					[
						[4.661957, 44.255656],
						[4.662661, 44.25575]
					],
					[
						[4.660741, 44.25547],
						[4.661957, 44.255656]
					],
					[
						[5.973636, 46.150149],
						[5.973481, 46.150032]
					],
					[
						[4.784216, 45.479448],
						[4.784256, 45.479432]
					],
					[
						[4.894162, 45.784114],
						[4.894214, 45.783841],
						[4.894689, 45.78303]
					],
					[
						[4.810129, 45.611567],
						[4.810185, 45.611646],
						[4.810122, 45.611719]
					],
					[
						[4.792616, 45.595894],
						[4.792936, 45.597247],
						[4.793144, 45.597646],
						[4.793258, 45.597776],
						[4.793629, 45.597986],
						[4.794028, 45.598328]
					],
					[
						[5.641623, 45.637493],
						[5.641757, 45.637648],
						[5.642302, 45.638001],
						[5.643067, 45.638648]
					],
					[
						[5.642855, 45.640415],
						[5.642879, 45.640315],
						[5.642702, 45.639995],
						[5.642774, 45.639919],
						[5.642989, 45.639846],
						[5.643195, 45.63989],
						[5.64341, 45.640181],
						[5.643539, 45.640242],
						[5.643788, 45.640247],
						[5.644335, 45.640145]
					],
					[
						[5.581849, 45.669125],
						[5.582212, 45.669045],
						[5.582529, 45.669054],
						[5.583097, 45.668756]
					],
					[
						[5.706928, 45.75508],
						[5.707021, 45.7551]
					],
					[
						[5.840113, 45.901943],
						[5.84039, 45.901898]
					],
					[
						[5.840362, 45.902018],
						[5.839748, 45.904733],
						[5.839427, 45.908952],
						[5.839727, 45.911258],
						[5.839672, 45.91145],
						[5.839394, 45.911826],
						[5.839272, 45.912148],
						[5.839376, 45.913313]
					],
					[
						[5.532915, 45.710411],
						[5.533157, 45.710993]
					],
					[
						[5.533157, 45.710993],
						[5.533172, 45.711017]
					],
					[
						[5.54719, 45.71132],
						[5.54732, 45.711251],
						[5.547333, 45.711182]
					],
					[
						[5.547333, 45.711182],
						[5.547326, 45.711153]
					],
					[
						[5.789085, 45.809709],
						[5.789117, 45.809702]
					],
					[
						[3.978949, 43.546564],
						[3.978919, 43.546574]
					],
					[
						[3.981398, 43.547288],
						[3.981428, 43.547235]
					],
					[
						[3.754394, 43.441443],
						[3.754452, 43.441539]
					],
					[
						[4.210531, 43.589337],
						[4.210441, 43.589428],
						[4.210331, 43.589451]
					],
					[
						[3.829577, 43.524082],
						[3.829526, 43.524028]
					],
					[
						[4.948711, 45.798236],
						[4.949416, 45.797805]
					],
					[
						[4.940945, 45.798605],
						[4.941583, 45.798527]
					],
					[
						[5.878987, 46.062114],
						[5.876186, 46.061959]
					],
					[
						[4.894216, 45.784126],
						[4.894162, 45.784114]
					],
					[
						[3.852139, 43.532554],
						[3.852394, 43.532661],
						[3.852464, 43.532754],
						[3.852448, 43.532835],
						[3.852673, 43.532996],
						[3.852838, 43.532966]
					],
					[
						[6.424011, 46.35584],
						[6.424149, 46.355841]
					],
					[
						[6.421003, 46.355607],
						[6.42134, 46.355629],
						[6.421451, 46.355593]
					],
					[
						[6.423263, 46.355834],
						[6.423451, 46.355837]
					],
					[
						[6.427139, 46.356292],
						[6.427805, 46.356477]
					],
					[
						[6.266249, 46.316777],
						[6.266214, 46.316853],
						[6.266285, 46.316924]
					],
					[
						[6.266276, 46.316725],
						[6.266249, 46.316777]
					],
					[
						[6.266607, 46.315845],
						[6.266645, 46.315817]
					],
					[
						[6.266285, 46.316924],
						[6.266377, 46.316995]
					],
					[
						[6.265291, 46.314759],
						[6.265218, 46.314793]
					],
					[
						[6.24835, 46.303979],
						[6.248296, 46.304016]
					],
					[
						[6.527721, 46.394473],
						[6.52765, 46.394455]
					],
					[
						[5.793359, 45.813906],
						[5.79327, 45.813909]
					],
					[
						[4.788721, 44.650066],
						[4.789667, 44.650166]
					],
					[
						[4.590726, 43.874283],
						[4.590696, 43.874292]
					],
					[
						[4.610812, 43.691727],
						[4.611045, 43.691758]
					],
					[
						[4.611215, 43.692052],
						[4.611288, 43.692165]
					],
					[
						[6.614126, 46.402986],
						[6.61434, 46.40302]
					],
					[
						[6.613623, 46.402935],
						[6.612918, 46.40292]
					],
					[
						[6.61434, 46.40302],
						[6.615618, 46.403186]
					],
					[
						[4.18473, 43.565285],
						[4.184724, 43.563993]
					],
					[
						[5.861894, 46.061197],
						[5.864331, 46.061307]
					],
					[
						[3.829261, 43.523967],
						[3.829225, 43.52377],
						[3.828922, 43.523212],
						[3.828115, 43.522226]
					],
					[
						[5.912541, 46.110232],
						[5.912111, 46.110313]
					],
					[
						[5.807685, 45.848428],
						[5.80768, 45.848402]
					],
					[
						[5.807691, 45.848457],
						[5.807685, 45.848428]
					],
					[
						[5.795106, 45.81299],
						[5.795135, 45.813031]
					],
					[
						[4.611162, 43.691389],
						[4.611221, 43.691442],
						[4.611097, 43.691543]
					],
					[
						[6.124677, 46.196572],
						[6.124629, 46.196453]
					],
					[
						[6.124496, 46.196202],
						[6.124904, 46.196408],
						[6.125349, 46.196472]
					],
					[
						[5.335564, 45.861038],
						[5.335356, 45.860423],
						[5.334967, 45.859686],
						[5.334045, 45.85846],
						[5.333188, 45.856938]
					],
					[
						[3.899783, 43.539029],
						[3.898784, 43.539671],
						[3.89858, 43.540132],
						[3.898363, 43.540174]
					],
					[
						[4.084209, 43.561837],
						[4.082072, 43.56098]
					],
					[
						[4.084998, 43.56216],
						[4.084209, 43.561837]
					],
					[
						[4.781882, 44.80008],
						[4.781889, 44.800058]
					],
					[
						[5.16971, 45.790464],
						[5.169597, 45.790511]
					],
					[
						[3.795302, 43.493397],
						[3.79536, 43.494231]
					],
					[
						[3.792752, 43.496371],
						[3.792968, 43.496356],
						[3.793595, 43.496089],
						[3.793719, 43.496067],
						[3.793919, 43.496111]
					],
					[
						[5.84039, 45.901898],
						[5.840362, 45.902018]
					],
					[
						[5.927729, 46.10184],
						[5.927408, 46.101919]
					],
					[
						[4.628441, 43.879967],
						[4.628364, 43.884857],
						[4.628276, 43.886543],
						[4.62823, 43.886734],
						[4.627837, 43.887458]
					],
					[
						[4.894689, 45.78303],
						[4.894896, 45.782665]
					],
					[
						[4.808425, 43.383946],
						[4.808448, 43.383893]
					],
					[
						[4.807072, 43.38348],
						[4.807024, 43.383602],
						[4.807505, 43.383589],
						[4.807973, 43.38373]
					],
					[
						[4.803677, 43.385177],
						[4.801106, 43.387162]
					],
					[
						[4.777353, 43.404269],
						[4.777562, 43.404149],
						[4.780164, 43.403555],
						[4.782963, 43.402704],
						[4.783255, 43.402578],
						[4.787536, 43.400153],
						[4.787663, 43.400153]
					],
					[
						[4.797336, 43.391813],
						[4.799585, 43.389872]
					],
					[
						[4.762651, 43.428834],
						[4.763092, 43.428278]
					],
					[
						[4.617667, 43.67222],
						[4.617663, 43.672281]
					],
					[
						[4.802497, 43.950707],
						[4.802517, 43.950736]
					],
					[
						[4.611242, 43.691311],
						[4.611162, 43.691389]
					],
					[
						[4.614624, 43.68773],
						[4.614231, 43.688248]
					],
					[
						[4.615015, 43.684968],
						[4.61492, 43.684923]
					],
					[
						[4.615445, 43.683773],
						[4.615446, 43.683807]
					],
					[
						[4.615567, 43.681151],
						[4.615723, 43.68186]
					],
					[
						[4.886876, 44.930993],
						[4.886876, 44.931045],
						[4.886597, 44.93119]
					],
					[
						[4.646247, 43.799737],
						[4.646485, 43.799921]
					],
					[
						[4.607376, 43.724984],
						[4.607285, 43.724968]
					],
					[
						[4.607199, 43.723831],
						[4.607201, 43.723993]
					],
					[
						[4.607201, 43.723993],
						[4.607032, 43.724],
						[4.607032, 43.724046]
					],
					[
						[4.607268, 43.723664],
						[4.607051, 43.723713],
						[4.607057, 43.723828],
						[4.607199, 43.723831]
					],
					[
						[4.521228, 43.744658],
						[4.521283, 43.74463],
						[4.521386, 43.744676],
						[4.522007, 43.745063]
					],
					[
						[4.520729, 43.744507],
						[4.520896, 43.744528],
						[4.521228, 43.744658]
					],
					[
						[4.627216, 43.822724],
						[4.627339, 43.822942]
					],
					[
						[6.226448, 46.274034],
						[6.226332, 46.273811]
					],
					[
						[4.617551, 43.679123],
						[4.617477, 43.678691]
					],
					[
						[4.816151, 45.727243],
						[4.816109, 45.727293]
					],
					[
						[5.011082, 45.786497],
						[5.0112, 45.786508]
					],
					[
						[5.534155, 45.712875],
						[5.534163, 45.712901]
					],
					[
						[5.534141, 45.712832],
						[5.534155, 45.712875]
					],
					[
						[3.697033, 43.401666],
						[3.697096, 43.401659]
					],
					[
						[4.822732, 45.700577],
						[4.822685, 45.700569]
					],
					[
						[4.821175, 45.707291],
						[4.821188, 45.707345]
					],
					[
						[4.821091, 45.706664],
						[4.821021, 45.706689]
					],
					[
						[4.820731, 45.703931],
						[4.820723, 45.704987],
						[4.821144, 45.706657],
						[4.821091, 45.706664]
					],
					[
						[4.820731, 45.703931],
						[4.820941, 45.703304]
					],
					[
						[4.821157, 45.702814],
						[4.820941, 45.703304]
					],
					[
						[4.821157, 45.702814],
						[4.821434, 45.702413]
					],
					[
						[4.821434, 45.702413],
						[4.822732, 45.700577]
					],
					[
						[4.820941, 45.703304],
						[4.821157, 45.702814]
					],
					[
						[4.822732, 45.700577],
						[4.821434, 45.702413]
					],
					[
						[4.826375, 45.695482],
						[4.826284, 45.695476]
					],
					[
						[4.826284, 45.695476],
						[4.826204, 45.69546]
					],
					[
						[4.826633, 45.694941],
						[4.826769, 45.695067],
						[4.826782, 45.695269],
						[4.826608, 45.695432],
						[4.826375, 45.695482]
					],
					[
						[5.836599, 45.94352],
						[5.835614, 45.942512],
						[5.834709, 45.941122],
						[5.833813, 45.939179],
						[5.833265, 45.937409],
						[5.833236, 45.936898],
						[5.83334, 45.936537],
						[5.833486, 45.936268],
						[5.833933, 45.935639],
						[5.834429, 45.935123],
						[5.835036, 45.934817],
						[5.83514, 45.934491]
					],
					[
						[5.405521, 45.853049],
						[5.405412, 45.853013]
					],
					[
						[5.40557, 45.853065],
						[5.405521, 45.853049]
					],
					[
						[5.40544, 45.852978],
						[5.405532, 45.853039]
					],
					[
						[5.405532, 45.853039],
						[5.40557, 45.853065]
					],
					[
						[5.836585, 45.933012],
						[5.8366, 45.932954]
					],
					[
						[5.420225, 45.711166],
						[5.42118, 45.71191],
						[5.421828, 45.712882]
					],
					[
						[5.421828, 45.712882],
						[5.421861, 45.71296]
					]
				]
			}
		}
	]
}
