{
	"type": "FeatureCollection",
	"source": "OpenStreetMap contributors via Overpass API (ODbL)",
	"generated": "2026-05-10T15:58:49.000Z",
	"features": [
		{
			"type": "Feature",
			"properties": {
				"slug": "voie-bleue",
				"title": "La Voie Bleue",
				"osmRelation": 3428195,
				"lengthKm": 721.9
			},
			"geometry": {
				"type": "MultiLineString",
				"coordinates": [
					[
						[6.184932, 49.361301],
						[6.184662, 49.361599]
					],
					[
						[6.20277, 49.386068],
						[6.203172, 49.386108],
						[6.203306, 49.386172]
					],
					[
						[4.818576, 45.741911],
						[4.819683, 45.741458]
					],
					[
						[4.830466, 45.797976],
						[4.830231, 45.79798]
					],
					[
						[4.847381, 45.831052],
						[4.848631, 45.8323]
					],
					[
						[6.264341, 49.398935],
						[6.263947, 49.398732],
						[6.263597, 49.398622]
					],
					[
						[6.294961, 49.422178],
						[6.295631, 49.422106]
					],
					[
						[6.292379, 49.425116],
						[6.292547, 49.425087],
						[6.292849, 49.424829],
						[6.293062, 49.424555]
					],
					[
						[6.297961, 49.423867],
						[6.297448, 49.423208],
						[6.29641, 49.422198]
					],
					[
						[6.292379, 49.425116],
						[6.292443, 49.424919],
						[6.292376, 49.424551],
						[6.291641, 49.423693],
						[6.291477, 49.423347],
						[6.291503, 49.423125],
						[6.291742, 49.42278],
						[6.292184, 49.422547],
						[6.292541, 49.42248]
					],
					[
						[6.294002, 49.426375],
						[6.293884, 49.426124]
					],
					[
						[6.294961, 49.422178],
						[6.292541, 49.42248]
					],
					[
						[4.808972, 45.773654],
						[4.809366, 45.773475]
					],
					[
						[6.371172, 49.467474],
						[6.370921, 49.467279],
						[6.370525, 49.466695],
						[6.370429, 49.466282],
						[6.370496, 49.465598],
						[6.370708, 49.465072],
						[6.370791, 49.464517],
						[6.371204, 49.462994],
						[6.371574, 49.461909],
						[6.372368, 49.460832]
					],
					[
						[6.365533, 49.446598],
						[6.365071, 49.446412],
						[6.364097, 49.445726]
					],
					[
						[6.362087, 49.44411],
						[6.361918, 49.444255]
					],
					[
						[6.348364, 49.448632],
						[6.348133, 49.448737],
						[6.347661, 49.449117],
						[6.345837, 49.451197],
						[6.34494, 49.451887],
						[6.34408, 49.452431],
						[6.343463, 49.452622],
						[6.340984, 49.453117],
						[6.340723, 49.453234],
						[6.338106, 49.453192],
						[6.337855, 49.453244]
					],
					[
						[6.326315, 49.450094],
						[6.326938, 49.449213],
						[6.326859, 49.449082],
						[6.326307, 49.448698]
					],
					[
						[6.326307, 49.448698],
						[6.326447, 49.448454]
					],
					[
						[6.29641, 49.422198],
						[6.295631, 49.422106]
					],
					[
						[6.296122, 49.421797],
						[6.29641, 49.422198]
					],
					[
						[6.297961, 49.423867],
						[6.29824, 49.424167],
						[6.29845, 49.424539],
						[6.298831, 49.424997]
					],
					[
						[6.298831, 49.424997],
						[6.298304, 49.425235]
					],
					[
						[6.298304, 49.425235],
						[6.297775, 49.425412],
						[6.297003, 49.42558]
					],
					[
						[6.296773, 49.425473],
						[6.296075, 49.425039],
						[6.295619, 49.424555],
						[6.294744, 49.422863],
						[6.29404, 49.421026],
						[6.293439, 49.419809],
						[6.293156, 49.419351],
						[6.292752, 49.419027],
						[6.292175, 49.418699],
						[6.291279, 49.418424],
						[6.290558, 49.418299],
						[6.288696, 49.418149],
						[6.287748, 49.418011],
						[6.285594, 49.417347],
						[6.284624, 49.4169],
						[6.283723, 49.416297],
						[6.283156, 49.415766],
						[6.28271, 49.415174],
						[6.282452, 49.414588],
						[6.282367, 49.414074],
						[6.28241, 49.413661],
						[6.282616, 49.412941],
						[6.284135, 49.409674],
						[6.285019, 49.408334],
						[6.285096, 49.407948],
						[6.285062, 49.406876],
						[6.284916, 49.406318],
						[6.284607, 49.405748],
						[6.284281, 49.405307],
						[6.283646, 49.404676],
						[6.282049, 49.403369],
						[6.281165, 49.402799],
						[6.280478, 49.402419],
						[6.280101, 49.402263],
						[6.275826, 49.4009],
						[6.27546, 49.400694],
						[6.275316, 49.40051]
					],
					[
						[6.169031, 48.71221],
						[6.168721, 48.71234]
					],
					[
						[4.953215, 46.65044],
						[4.953673, 46.64621],
						[4.953645, 46.645882],
						[4.953453, 46.645355]
					],
					[
						[4.914715, 46.585169],
						[4.914701, 46.585038],
						[4.914406, 46.584566],
						[4.913155, 46.582751],
						[4.912373, 46.581348],
						[4.91216, 46.58083],
						[4.912006, 46.580229],
						[4.912011, 46.578972],
						[4.911905, 46.578151],
						[4.911811, 46.576308],
						[4.912046, 46.575336],
						[4.912427, 46.57282],
						[4.912305, 46.571584],
						[4.911892, 46.570016]
					],
					[
						[4.892486, 46.773026],
						[4.890917, 46.773372],
						[4.889938, 46.773478],
						[4.886976, 46.773509]
					],
					[
						[4.948277, 46.717307],
						[4.947379, 46.716805],
						[4.937884, 46.713752]
					],
					[
						[4.932853, 46.711821],
						[4.930968, 46.71039]
					],
					[
						[4.930968, 46.71039],
						[4.929554, 46.709421]
					],
					[
						[6.192082, 49.280678],
						[6.192062, 49.280511]
					],
					[
						[6.194569, 49.269272],
						[6.193446, 49.268243]
					],
					[
						[6.193446, 49.268243],
						[6.193296, 49.268164],
						[6.193015, 49.268133],
						[6.191806, 49.268649],
						[6.191545, 49.268654],
						[6.190165, 49.267924]
					],
					[
						[6.194757, 49.269432],
						[6.194569, 49.269272]
					],
					[
						[6.192519, 49.154924],
						[6.192515, 49.15431]
					],
					[
						[6.202526, 49.380955],
						[6.203565, 49.379704],
						[6.203779, 49.379592],
						[6.204243, 49.37948],
						[6.2045, 49.379312],
						[6.205779, 49.376798],
						[6.206062, 49.376066],
						[6.206251, 49.375065],
						[6.206291, 49.374639],
						[6.20619, 49.373758],
						[6.205958, 49.373159],
						[6.205317, 49.372263],
						[6.204196, 49.371197],
						[6.203678, 49.370794],
						[6.200287, 49.368715],
						[6.198637, 49.367982],
						[6.195567, 49.367384],
						[6.194909, 49.367347],
						[6.194235, 49.367252],
						[6.188847, 49.366448],
						[6.188235, 49.366302],
						[6.186031, 49.365605],
						[6.18589, 49.365539],
						[6.185805, 49.3654],
						[6.185624, 49.365274],
						[6.180408, 49.363021],
						[6.180124, 49.362881],
						[6.179941, 49.362705],
						[6.179686, 49.362619]
					],
					[
						[6.17499, 49.353387],
						[6.174556, 49.353076]
					],
					[
						[6.202526, 49.380955],
						[6.20241, 49.381575],
						[6.202034, 49.382616],
						[6.201949, 49.383105],
						[6.202464, 49.38541],
						[6.20277, 49.386068]
					],
					[
						[6.259603, 49.40096],
						[6.259627, 49.401813],
						[6.259691, 49.402057],
						[6.259906, 49.402413],
						[6.260318, 49.402619]
					],
					[
						[6.337242, 49.453149],
						[6.33585, 49.453023],
						[6.334195, 49.452732],
						[6.332685, 49.452536],
						[6.3317, 49.452347],
						[6.330882, 49.452081],
						[6.327138, 49.450493],
						[6.326315, 49.450094]
					],
					[
						[6.267069, 49.399256],
						[6.266944, 49.399428]
					],
					[
						[6.294002, 49.426375],
						[6.29412, 49.426508],
						[6.297429, 49.428761]
					],
					[
						[4.91211, 46.563993],
						[4.912569, 46.563184]
					],
					[
						[4.808935, 45.773918],
						[4.808743, 45.773748]
					],
					[
						[6.298636, 48.475335],
						[6.298442, 48.475335]
					],
					[
						[6.202549, 48.675623],
						[6.202945, 48.675716]
					],
					[
						[6.202945, 48.675716],
						[6.203114, 48.675668]
					],
					[
						[6.205812, 48.676386],
						[6.205366, 48.676604],
						[6.204512, 48.676444],
						[6.204168, 48.676254],
						[6.203855, 48.675917],
						[6.203605, 48.675757],
						[6.203493, 48.675636],
						[6.203584, 48.675522],
						[6.203323, 48.675558]
					],
					[
						[6.204673, 48.620116],
						[6.205442, 48.620425],
						[6.206454, 48.620578]
					],
					[
						[6.028729, 48.981524],
						[6.028503, 48.980905],
						[6.028394, 48.9804],
						[6.028395, 48.978726]
					],
					[
						[6.170705, 49.358259],
						[6.170446, 49.358111]
					],
					[
						[6.255063, 49.402511],
						[6.255395, 49.401856],
						[6.255351, 49.4012],
						[6.255591, 49.400653]
					],
					[
						[6.161032, 49.305706],
						[6.160743, 49.305962],
						[6.16066, 49.306208],
						[6.16038, 49.307691],
						[6.160377, 49.307996],
						[6.160655, 49.308874],
						[6.16095, 49.309517],
						[6.161395, 49.310228],
						[6.162347, 49.31119],
						[6.162859, 49.311531],
						[6.16429, 49.312272],
						[6.165188, 49.3128],
						[6.166408, 49.313591],
						[6.167242, 49.314643],
						[6.167337, 49.314874],
						[6.168234, 49.316259],
						[6.168533, 49.316896],
						[6.168644, 49.317486],
						[6.168628, 49.31863],
						[6.168266, 49.31942],
						[6.167652, 49.320364],
						[6.167418, 49.320871],
						[6.167446, 49.321071],
						[6.167754, 49.321271]
					],
					[
						[5.588486, 47.448385],
						[5.588651, 47.44835],
						[5.588786, 47.448428]
					],
					[
						[5.690972, 47.52982],
						[5.692066, 47.530589]
					],
					[
						[5.692244, 47.53071],
						[5.693741, 47.53167]
					],
					[
						[5.733351, 47.551362],
						[5.734644, 47.55311],
						[5.734929, 47.553292],
						[5.735388, 47.553698],
						[5.735744, 47.554179],
						[5.736911, 47.556427],
						[5.739024, 47.559438],
						[5.739669, 47.560193],
						[5.739919, 47.560411]
					],
					[
						[5.712516, 47.543796],
						[5.713573, 47.543459],
						[5.714225, 47.542969],
						[5.71472, 47.542297],
						[5.714946, 47.541871],
						[5.715053, 47.541139],
						[5.715307, 47.540719],
						[5.715529, 47.540487],
						[5.715875, 47.540281],
						[5.716241, 47.540162],
						[5.716563, 47.540114],
						[5.717124, 47.540134],
						[5.717829, 47.540257],
						[5.718802, 47.5406],
						[5.719789, 47.541063],
						[5.722594, 47.541707],
						[5.722996, 47.541737],
						[5.72502, 47.541664],
						[5.72585, 47.541782],
						[5.726368, 47.542049],
						[5.726732, 47.542454],
						[5.728724, 47.545388],
						[5.729275, 47.546318],
						[5.729456, 47.546501],
						[5.729936, 47.546831],
						[5.730168, 47.547402],
						[5.730924, 47.548633],
						[5.73115, 47.548725],
						[5.731384, 47.548745],
						[5.73157, 47.548848],
						[5.733351, 47.551362]
					],
					[
						[5.391748, 47.200409],
						[5.391876, 47.199898],
						[5.391998, 47.199745],
						[5.392672, 47.199208]
					],
					[
						[6.146775, 49.120365],
						[6.146893, 49.120317]
					],
					[
						[5.478804, 47.397191],
						[5.478942, 47.397241]
					],
					[
						[5.967632, 47.642549],
						[5.967013, 47.644034],
						[5.966396, 47.644894],
						[5.96555, 47.646499],
						[5.965488, 47.646755],
						[5.965391, 47.648946],
						[5.965757, 47.650477],
						[5.965589, 47.651464],
						[5.965587, 47.652269],
						[5.965539, 47.652502],
						[5.96526, 47.652967],
						[5.965321, 47.653302],
						[5.965105, 47.653493],
						[5.964722, 47.653623]
					],
					[
						[6.04326, 47.688844],
						[6.043363, 47.689125],
						[6.043179, 47.689668],
						[6.043148, 47.69],
						[6.043524, 47.691456]
					],
					[
						[5.695719, 47.532838],
						[5.695807, 47.532719],
						[5.695811, 47.53208],
						[5.695978, 47.531257],
						[5.69715, 47.52983],
						[5.698781, 47.527155],
						[5.700368, 47.526653]
					],
					[
						[5.595383, 47.448224],
						[5.595191, 47.448171],
						[5.59479, 47.448164]
					],
					[
						[5.616522, 47.457482],
						[5.616501, 47.45769]
					],
					[
						[5.616501, 47.45769],
						[5.616572, 47.457847],
						[5.617047, 47.458136],
						[5.617469, 47.458498],
						[5.617873, 47.45903],
						[5.61818, 47.459926],
						[5.619326, 47.460963],
						[5.632545, 47.465831],
						[5.633289, 47.466161],
						[5.637075, 47.46756]
					],
					[
						[4.865354, 46.787973],
						[4.865584, 46.787684],
						[4.867037, 46.786257],
						[4.867155, 46.78623],
						[4.867794, 46.785716]
					],
					[
						[4.868284, 46.785514],
						[4.87163, 46.783307]
					],
					[
						[5.596886, 47.44992],
						[5.597339, 47.450417],
						[5.598836, 47.451662],
						[5.603871, 47.453156],
						[5.603949, 47.45322],
						[5.60399, 47.453407],
						[5.603499, 47.454046]
					],
					[
						[5.596821, 47.449797],
						[5.596886, 47.44992]
					],
					[
						[5.712459, 47.543795],
						[5.712319, 47.543765],
						[5.712131, 47.543643],
						[5.711343, 47.542764],
						[5.709382, 47.539564]
					],
					[
						[5.603499, 47.454046],
						[5.604214, 47.454569],
						[5.605388, 47.455866],
						[5.610438, 47.456668],
						[5.611893, 47.456627],
						[5.613292, 47.4567],
						[5.614897, 47.457172],
						[5.616265, 47.457362],
						[5.616522, 47.457482]
					],
					[
						[5.637075, 47.46756],
						[5.636695, 47.468068],
						[5.636546, 47.468409]
					],
					[
						[5.636546, 47.468409],
						[5.638462, 47.468713],
						[5.639512, 47.468622],
						[5.640446, 47.468673],
						[5.642056, 47.468983],
						[5.642804, 47.46926],
						[5.64334, 47.469609],
						[5.644075, 47.470208],
						[5.644461, 47.470706],
						[5.645294, 47.472821],
						[5.645545, 47.473273],
						[5.645916, 47.473622],
						[5.646354, 47.473902],
						[5.64686, 47.474122],
						[5.64911, 47.474848],
						[5.649684, 47.474993],
						[5.650308, 47.475061],
						[5.650982, 47.475054],
						[5.652168, 47.474786],
						[5.652686, 47.474623],
						[5.653104, 47.474302],
						[5.653321, 47.473868],
						[5.6535, 47.472757],
						[5.653795, 47.472243],
						[5.654141, 47.471949],
						[5.654627, 47.471725],
						[5.655553, 47.471418],
						[5.655958, 47.471373],
						[5.65684, 47.47139],
						[5.658118, 47.471712],
						[5.658976, 47.472033],
						[5.660266, 47.472848],
						[5.661165, 47.473527],
						[5.663016, 47.475154],
						[5.663858, 47.475513],
						[5.665794, 47.476162],
						[5.667141, 47.476716],
						[5.668109, 47.477172],
						[5.668439, 47.477431]
					],
					[
						[4.834232, 46.297414],
						[4.83402, 46.297295]
					],
					[
						[5.693741, 47.53167],
						[5.69405, 47.531845]
					],
					[
						[5.69405, 47.531845],
						[5.695542, 47.532637]
					],
					[
						[5.709382, 47.539564],
						[5.707946, 47.53706],
						[5.707463, 47.536072],
						[5.707414, 47.534448],
						[5.707466, 47.533188],
						[5.707691, 47.53253],
						[5.707695, 47.531966],
						[5.707456, 47.530958],
						[5.706791, 47.529044],
						[5.705521, 47.527863],
						[5.704352, 47.527097],
						[5.70183, 47.526568],
						[5.701002, 47.526491],
						[5.700368, 47.526653]
					],
					[
						[5.739919, 47.560411],
						[5.740312, 47.561036],
						[5.740727, 47.56156],
						[5.74475, 47.566203],
						[5.745565, 47.566957],
						[5.746587, 47.567643],
						[5.747571, 47.56817],
						[5.749561, 47.56895],
						[5.749953, 47.569032]
					],
					[
						[5.749953, 47.569032],
						[5.749895, 47.569097]
					],
					[
						[5.750942, 47.569831],
						[5.751621, 47.57002],
						[5.752087, 47.570371],
						[5.752537, 47.570579],
						[5.753113, 47.570695]
					],
					[
						[4.845021, 46.325627],
						[4.845004, 46.32574]
					],
					[
						[5.828136, 47.585614],
						[5.828015, 47.585903],
						[5.828016, 47.586519],
						[5.827869, 47.587]
					],
					[
						[5.827786, 47.582007],
						[5.828026, 47.582632],
						[5.828554, 47.584827]
					],
					[
						[5.828055, 47.58713],
						[5.828227, 47.58725],
						[5.828886, 47.587541],
						[5.828936, 47.587606],
						[5.829204, 47.588526],
						[5.829423, 47.589028],
						[5.829593, 47.589711]
					],
					[
						[5.840212, 47.602648],
						[5.840128, 47.602463],
						[5.839329, 47.601834],
						[5.838635, 47.600772]
					],
					[
						[5.838635, 47.600772],
						[5.849867, 47.594449],
						[5.850266, 47.594145],
						[5.850579, 47.593785]
					],
					[
						[5.850579, 47.593785],
						[5.851667, 47.593779],
						[5.852639, 47.593594],
						[5.853056, 47.593455],
						[5.853751, 47.593061],
						[5.85426, 47.592691],
						[5.855471, 47.591198],
						[5.855799, 47.590606],
						[5.856039, 47.589436],
						[5.856048, 47.588034],
						[5.85597, 47.587141],
						[5.85619, 47.585753],
						[5.856564, 47.585278],
						[5.857243, 47.584829],
						[5.858605, 47.584233],
						[5.85888, 47.584178],
						[5.860804, 47.583405],
						[5.861713, 47.58311],
						[5.863394, 47.582762],
						[5.865197, 47.582577],
						[5.866435, 47.58256],
						[5.867036, 47.582612],
						[5.86759, 47.58272],
						[5.868233, 47.582921],
						[5.868743, 47.583087],
						[5.869265, 47.583337],
						[5.869715, 47.583674],
						[5.87017, 47.584139]
					],
					[
						[5.588074, 47.448799],
						[5.588436, 47.448486]
					],
					[
						[6.196991, 49.158707],
						[6.197523, 49.158554]
					],
					[
						[6.197523, 49.158554],
						[6.197879, 49.158447],
						[6.198001, 49.157564],
						[6.19783, 49.156936],
						[6.198069, 49.15527],
						[6.197908, 49.15518],
						[6.197519, 49.155156],
						[6.19252, 49.155151]
					],
					[
						[4.95345, 46.721146],
						[4.952305, 46.720966]
					],
					[
						[6.139035, 48.788356],
						[6.141576, 48.789485]
					],
					[
						[5.870392, 47.586078],
						[5.870478, 47.58616],
						[5.870825, 47.587614],
						[5.871125, 47.588246],
						[5.871234, 47.588633],
						[5.871213, 47.588984],
						[5.870527, 47.590316],
						[5.869481, 47.591926],
						[5.868976, 47.593216],
						[5.868801, 47.59502],
						[5.869018, 47.597346],
						[5.86924, 47.598539],
						[5.869608, 47.599633],
						[5.869732, 47.599848],
						[5.87027, 47.600294]
					],
					[
						[5.884467, 47.6077],
						[5.884655, 47.607639],
						[5.885393, 47.607553],
						[5.886218, 47.607318],
						[5.888472, 47.60626],
						[5.888768, 47.60617],
						[5.889752, 47.606042],
						[5.890304, 47.606038],
						[5.891126, 47.606157],
						[5.892127, 47.606526],
						[5.894198, 47.607065],
						[5.895882, 47.607416],
						[5.896338, 47.607548],
						[5.896834, 47.607796],
						[5.897474, 47.608259],
						[5.897979, 47.608819],
						[5.89836, 47.60955],
						[5.89862, 47.611076],
						[5.898908, 47.614022],
						[5.899089, 47.614671],
						[5.8991, 47.614895],
						[5.898964, 47.615454],
						[5.899073, 47.616335],
						[5.899271, 47.616827],
						[5.899696, 47.61737],
						[5.900383, 47.617877],
						[5.901707, 47.61849],
						[5.904897, 47.619623],
						[5.906867, 47.620163],
						[5.907871, 47.620788],
						[5.909176, 47.621733],
						[5.909712, 47.622196]
					],
					[
						[5.879372, 47.603651],
						[5.881141, 47.603921],
						[5.88126, 47.603972],
						[5.881483, 47.604205],
						[5.881624, 47.6045],
						[5.881411, 47.605516],
						[5.881381, 47.606333],
						[5.881428, 47.606476],
						[5.881875, 47.607028],
						[5.882457, 47.607374],
						[5.883139, 47.607577],
						[5.883879, 47.607706],
						[5.884467, 47.6077]
					],
					[
						[4.817239, 46.250046],
						[4.816876, 46.248609]
					],
					[
						[5.909712, 47.622196],
						[5.910399, 47.622868],
						[5.911563, 47.623796],
						[5.913718, 47.625193],
						[5.913839, 47.625361],
						[5.915768, 47.626568]
					],
					[
						[5.915768, 47.626568],
						[5.915889, 47.626593]
					],
					[
						[5.959975, 47.640488],
						[5.962764, 47.641178],
						[5.965044, 47.641904],
						[5.967632, 47.642549]
					],
					[
						[5.951481, 47.638046],
						[5.95195, 47.638022],
						[5.952623, 47.638082],
						[5.953303, 47.638259],
						[5.953929, 47.638506],
						[5.95526, 47.639203],
						[5.956105, 47.639784],
						[5.956448, 47.639865],
						[5.957123, 47.639927],
						[5.95782, 47.639863],
						[5.958309, 47.639956],
						[5.958581, 47.640117],
						[5.95905, 47.640291],
						[5.959975, 47.640488]
					],
					[
						[4.818142, 46.26469],
						[4.819535, 46.263813]
					],
					[
						[4.812931, 46.245448],
						[4.815109, 46.245004]
					],
					[
						[4.820558, 46.266548],
						[4.822365, 46.268119],
						[4.823266, 46.269051],
						[4.823878, 46.269735],
						[4.824805, 46.271024],
						[4.825832, 46.272045],
						[4.826645, 46.273127],
						[4.826827, 46.273752],
						[4.827195, 46.274395],
						[4.827643, 46.274825],
						[4.827871, 46.275166],
						[4.828039, 46.275316],
						[4.828637, 46.276432]
					],
					[
						[4.791695, 46.165117],
						[4.791521, 46.165129],
						[4.790979, 46.165282],
						[4.790524, 46.165478],
						[4.790352, 46.165614]
					],
					[
						[4.790352, 46.165614],
						[4.787339, 46.167148],
						[4.786165, 46.168214],
						[4.785972, 46.168646]
					],
					[
						[4.792026, 46.165157],
						[4.791695, 46.165117]
					],
					[
						[4.813645, 46.259715],
						[4.817483, 46.258915],
						[4.817535, 46.25882],
						[4.817108, 46.257785],
						[4.8171, 46.257644],
						[4.817183, 46.257582],
						[4.818916, 46.257178],
						[4.819173, 46.257095],
						[4.819297, 46.256973],
						[4.818989, 46.256052],
						[4.818717, 46.255775],
						[4.818093, 46.254638],
						[4.817956, 46.254587],
						[4.817688, 46.254621],
						[4.816218, 46.254999],
						[4.816105, 46.254959],
						[4.815948, 46.253635],
						[4.816019, 46.253438],
						[4.817548, 46.253057],
						[4.817731, 46.253056],
						[4.818109, 46.2533],
						[4.820127, 46.252971],
						[4.82016, 46.252901],
						[4.819038, 46.249863]
					],
					[
						[6.036218, 47.686055],
						[6.036404, 47.685971],
						[6.036471, 47.685871],
						[6.03645, 47.68547],
						[6.036116, 47.684701]
					],
					[
						[6.009172, 47.646687],
						[6.010897, 47.646798],
						[6.012674, 47.646999],
						[6.014986, 47.647504],
						[6.015894, 47.64781],
						[6.016567, 47.648151],
						[6.017685, 47.648526],
						[6.019381, 47.649197],
						[6.019755, 47.649481],
						[6.020225, 47.650778],
						[6.020565, 47.652008],
						[6.020491, 47.652875],
						[6.020303, 47.653329],
						[6.020037, 47.653731],
						[6.01922, 47.654759],
						[6.018755, 47.655157],
						[6.018603, 47.655134],
						[6.018326, 47.655251],
						[6.018078, 47.655573],
						[6.01728, 47.656079],
						[6.016749, 47.656596],
						[6.017029, 47.656754],
						[6.016955, 47.65691],
						[6.015794, 47.6585],
						[6.01536, 47.659216],
						[6.014863, 47.660695],
						[6.014725, 47.661699],
						[6.014726, 47.662189],
						[6.014943, 47.662929],
						[6.015115, 47.663304],
						[6.015715, 47.664287],
						[6.016122, 47.664834],
						[6.017157, 47.665869],
						[6.017919, 47.666454],
						[6.019445, 47.667226],
						[6.022168, 47.667918],
						[6.023334, 47.668297],
						[6.024477, 47.668866],
						[6.026583, 47.670145],
						[6.027783, 47.671103],
						[6.028376, 47.671505],
						[6.028916, 47.671778],
						[6.02988, 47.672067],
						[6.0324, 47.672377],
						[6.034029, 47.672814],
						[6.036147, 47.673274],
						[6.036936, 47.673513],
						[6.037286, 47.673648],
						[6.039724, 47.67509],
						[6.039906, 47.675313],
						[6.039829, 47.675611],
						[6.038202, 47.677074],
						[6.037693, 47.677605],
						[6.037136, 47.678227],
						[6.036351, 47.679478]
					],
					[
						[4.911169, 46.565996],
						[4.911255, 46.565758]
					],
					[
						[4.911361, 46.565529],
						[4.91211, 46.563993]
					],
					[
						[4.914016, 46.561441],
						[4.915443, 46.560102]
					],
					[
						[4.917629, 46.555867],
						[4.917297, 46.557039],
						[4.916575, 46.558339]
					],
					[
						[4.808688, 46.235247],
						[4.808326, 46.234819],
						[4.806978, 46.233486],
						[4.804725, 46.23164],
						[4.803504, 46.230512],
						[4.802691, 46.229534]
					],
					[
						[4.80875, 46.23532],
						[4.808688, 46.235247]
					],
					[
						[4.802508, 46.229243],
						[4.8016, 46.228121],
						[4.800862, 46.226863],
						[4.799616, 46.223947],
						[4.79862, 46.221863],
						[4.79809, 46.220956],
						[4.796428, 46.218398],
						[4.796004, 46.217465],
						[4.794904, 46.213966],
						[4.794595, 46.211224],
						[4.794573, 46.210333],
						[4.79465, 46.208961],
						[4.794935, 46.207259],
						[4.794665, 46.206857],
						[4.794771, 46.206463],
						[4.795225, 46.206069],
						[4.795617, 46.205249],
						[4.795932, 46.203712],
						[4.795806, 46.202962],
						[4.795583, 46.202268],
						[4.795283, 46.202048],
						[4.79503, 46.201735]
					],
					[
						[4.802691, 46.229534],
						[4.802508, 46.229243]
					],
					[
						[4.815207, 46.244987],
						[4.815366, 46.244978]
					],
					[
						[4.815109, 46.245004],
						[4.815207, 46.244987]
					],
					[
						[4.815756, 46.24748],
						[4.815718, 46.247322]
					],
					[
						[4.743928, 46.041762],
						[4.744088, 46.041443],
						[4.745053, 46.040276],
						[4.745865, 46.038666],
						[4.746255, 46.037728],
						[4.74686, 46.036839],
						[4.74706, 46.036238],
						[4.747252, 46.036012],
						[4.747542, 46.035491]
					],
					[
						[4.750484, 46.010346],
						[4.749986, 46.011607]
					],
					[
						[4.747521, 46.024409],
						[4.747013, 46.023151],
						[4.746364, 46.021902],
						[4.745903, 46.020656],
						[4.745742, 46.019563],
						[4.745747, 46.018524],
						[4.746117, 46.017217],
						[4.746829, 46.015822],
						[4.7478, 46.014433],
						[4.748159, 46.014059],
						[4.748798, 46.013573],
						[4.749956, 46.011675]
					],
					[
						[4.749024, 46.027915],
						[4.749, 46.027799]
					],
					[
						[4.750165, 46.000987],
						[4.750222, 46.000329],
						[4.750403, 45.999785],
						[4.750827, 45.998784],
						[4.75104, 45.998712]
					],
					[
						[4.752148, 45.98814],
						[4.752026, 45.989056],
						[4.751943, 45.989244],
						[4.751902, 45.990184],
						[4.75201, 45.991823],
						[4.752182, 45.992473],
						[4.75218, 45.993236],
						[4.752262, 45.993408]
					],
					[
						[4.752262, 45.993408],
						[4.75222, 45.994138],
						[4.751848, 45.995564]
					],
					[
						[4.730275, 45.944363],
						[4.730139, 45.944519],
						[4.730066, 45.945484]
					],
					[
						[4.749967, 45.962107],
						[4.750542, 45.962685],
						[4.750926, 45.963242],
						[4.751574, 45.963879],
						[4.751936, 45.964392],
						[4.753434, 45.966156],
						[4.754409, 45.967542]
					],
					[
						[4.730275, 45.944363],
						[4.730748, 45.943941],
						[4.732495, 45.941825],
						[4.732798, 45.941536],
						[4.734908, 45.940205],
						[4.735996, 45.939767]
					],
					[
						[4.765097, 45.937474],
						[4.759529, 45.935561],
						[4.758625, 45.935288],
						[4.757906, 45.935231],
						[4.752514, 45.936132],
						[4.751839, 45.936326],
						[4.751085, 45.936638],
						[4.749329, 45.937419],
						[4.748624, 45.937807]
					],
					[
						[4.744752, 45.939079],
						[4.745088, 45.939068]
					],
					[
						[4.780128, 45.9378],
						[4.781284, 45.93683],
						[4.781984, 45.935663],
						[4.783131, 45.93435],
						[4.78593, 45.930342],
						[4.787565, 45.928114],
						[4.788732, 45.926375],
						[4.789375, 45.925198],
						[4.789657, 45.924865]
					],
					[
						[4.811528, 45.919057],
						[4.811763, 45.918299],
						[4.812071, 45.916553],
						[4.81214, 45.914858],
						[4.812087, 45.914497],
						[4.81163, 45.913783],
						[4.811608, 45.913116]
					],
					[
						[4.83713, 45.871534],
						[4.837268, 45.872113],
						[4.837225, 45.872347],
						[4.837807, 45.875517]
					],
					[
						[4.835969, 45.879511],
						[4.835328, 45.879715],
						[4.834069, 45.879988]
					],
					[
						[4.810252, 45.905605],
						[4.809228, 45.904803],
						[4.80699, 45.903629],
						[4.805927, 45.902561],
						[4.805493, 45.901851],
						[4.805254, 45.901308],
						[4.805127, 45.900727],
						[4.805077, 45.899937],
						[4.805185, 45.899272],
						[4.805871, 45.898157],
						[4.806599, 45.897294],
						[4.806829, 45.896895]
					],
					[
						[4.815718, 46.247322],
						[4.815427, 46.246113],
						[4.815366, 46.244978]
					],
					[
						[5.142538, 47.059265],
						[5.143742, 47.058932]
					],
					[
						[5.143742, 47.058932],
						[5.143631, 47.057625],
						[5.143835, 47.056518]
					],
					[
						[5.14397, 47.055548],
						[5.14397, 47.054774],
						[5.144151, 47.053083],
						[5.143814, 47.051438],
						[5.14417, 47.049879],
						[5.144719, 47.048687],
						[5.145015, 47.04781],
						[5.146419, 47.045385],
						[5.146731, 47.044744],
						[5.1469, 47.044214]
					],
					[
						[5.14763, 47.063191],
						[5.146616, 47.0634],
						[5.146403, 47.063389],
						[5.145543, 47.063183]
					],
					[
						[5.145543, 47.063183],
						[5.1453, 47.06312],
						[5.145016, 47.062877],
						[5.144197, 47.061472],
						[5.143599, 47.060847]
					],
					[
						[5.152147, 47.062466],
						[5.152257, 47.062356],
						[5.153133, 47.061981],
						[5.158213, 47.060473]
					],
					[
						[5.14763, 47.063191],
						[5.148473, 47.062991],
						[5.149028, 47.062941],
						[5.149343, 47.062942],
						[5.149999, 47.063084],
						[5.150456, 47.063126],
						[5.150782, 47.063108],
						[5.151133, 47.063029]
					],
					[
						[5.151133, 47.063029],
						[5.151811, 47.06273],
						[5.152147, 47.062466]
					],
					[
						[5.274031, 47.100628],
						[5.273258, 47.10053],
						[5.272108, 47.100251],
						[5.271291, 47.100141],
						[5.269487, 47.099652],
						[5.267879, 47.099371],
						[5.266913, 47.099322],
						[5.266371, 47.099339],
						[5.264605, 47.099625],
						[5.262995, 47.099694]
					],
					[
						[5.971627, 47.664444],
						[5.972868, 47.664206],
						[5.973591, 47.66388],
						[5.974109, 47.663477],
						[5.974174, 47.662879]
					],
					[
						[5.966642, 47.665878],
						[5.967284, 47.6655]
					],
					[
						[5.969209, 47.664396],
						[5.969437, 47.664415],
						[5.971046, 47.66483]
					],
					[
						[5.964794, 47.654058],
						[5.965219, 47.654268],
						[5.965417, 47.654463],
						[5.965436, 47.654767],
						[5.965274, 47.655163]
					],
					[
						[6.170014, 49.129974],
						[6.170105, 49.129993],
						[6.170439, 49.130313],
						[6.170426, 49.130391],
						[6.169782, 49.130173],
						[6.16906, 49.129668],
						[6.168431, 49.129074],
						[6.167643, 49.128496],
						[6.167458, 49.128425],
						[6.164074, 49.126087]
					],
					[
						[5.765833, 47.578926],
						[5.766525, 47.579272],
						[5.767104, 47.579479],
						[5.768966, 47.579981],
						[5.769448, 47.580173]
					],
					[
						[5.7656, 47.578771],
						[5.765833, 47.578926]
					],
					[
						[5.554058, 47.430442],
						[5.554359, 47.431453],
						[5.554336, 47.431909],
						[5.55422, 47.432208]
					],
					[
						[4.97703, 46.902496],
						[4.977309, 46.902502],
						[4.977925, 46.902621]
					],
					[
						[4.986955, 46.903754],
						[4.98723, 46.903797],
						[4.988434, 46.904183],
						[4.990663, 46.904599]
					],
					[
						[6.29554, 48.465234],
						[6.295731, 48.465206]
					],
					[
						[6.295731, 48.465206],
						[6.295858, 48.465191]
					],
					[
						[5.7533, 47.570712],
						[5.754166, 47.570744],
						[5.754705, 47.570698],
						[5.755168, 47.570598],
						[5.755707, 47.570404],
						[5.756127, 47.570147],
						[5.75662, 47.569735],
						[5.757404, 47.56889],
						[5.757781, 47.568572],
						[5.758394, 47.568369],
						[5.759138, 47.568341],
						[5.759832, 47.568402],
						[5.760453, 47.568521],
						[5.761065, 47.568674],
						[5.762303, 47.56908],
						[5.763345, 47.56955],
						[5.764806, 47.570542],
						[5.765146, 47.570826],
						[5.765469, 47.571206],
						[5.765812, 47.571857],
						[5.766134, 47.572933],
						[5.766059, 47.573442],
						[5.765926, 47.573674],
						[5.765686, 47.573956],
						[5.764897, 47.574675],
						[5.764306, 47.575454],
						[5.764216, 47.57563],
						[5.764059, 47.576368],
						[5.764156, 47.576995],
						[5.764352, 47.577369],
						[5.764669, 47.577817],
						[5.765073, 47.578257],
						[5.765509, 47.578615],
						[5.7656, 47.578771]
					],
					[
						[5.753113, 47.570695],
						[5.7533, 47.570712]
					],
					[
						[5.769593, 47.580236],
						[5.771904, 47.581165]
					],
					[
						[5.769448, 47.580173],
						[5.769593, 47.580236]
					],
					[
						[6.22737, 48.656893],
						[6.227434, 48.6569],
						[6.227539, 48.656818],
						[6.22733, 48.656663]
					],
					[
						[6.204161, 48.619574],
						[6.20397, 48.619685]
					],
					[
						[6.203011, 48.617886],
						[6.203316, 48.618298],
						[6.203823, 48.61882],
						[6.20417, 48.619314],
						[6.204384, 48.619475]
					],
					[
						[6.154098, 48.602411],
						[6.154789, 48.601819],
						[6.155105, 48.601666],
						[6.155334, 48.601628]
					],
					[
						[6.156844, 48.602037],
						[6.156923, 48.602005]
					],
					[
						[6.1557, 48.601512],
						[6.156844, 48.602037]
					],
					[
						[6.161032, 49.305706],
						[6.161933, 49.304201],
						[6.162603, 49.303371],
						[6.162879, 49.303136]
					],
					[
						[6.149787, 49.121265],
						[6.149265, 49.121103]
					],
					[
						[4.817619, 45.742313],
						[4.818417, 45.741976]
					],
					[
						[4.818417, 45.741976],
						[4.818576, 45.741911]
					],
					[
						[4.815909, 45.745097],
						[4.814895, 45.743978],
						[4.814734, 45.743531]
					],
					[
						[4.817619, 45.742313],
						[4.815567, 45.743179]
					],
					[
						[4.815909, 45.745097],
						[4.815918, 45.745315],
						[4.81622, 45.746007],
						[4.817202, 45.747048],
						[4.818291, 45.747881]
					],
					[
						[6.420894, 48.254754],
						[6.420772, 48.254693]
					],
					[
						[6.420955, 48.254877],
						[6.420894, 48.254754]
					],
					[
						[6.161366, 49.348236],
						[6.161425, 49.347743],
						[6.161281, 49.347641],
						[6.162571, 49.346369],
						[6.162883, 49.346363],
						[6.163702, 49.346032],
						[6.164496, 49.345312]
					],
					[
						[6.160876, 49.348777],
						[6.161366, 49.348236]
					],
					[
						[6.16065, 49.34913],
						[6.160876, 49.348777]
					],
					[
						[6.167754, 49.321271],
						[6.168157, 49.321364]
					],
					[
						[6.168157, 49.321364],
						[6.168386, 49.321564],
						[6.167953, 49.322373],
						[6.167545, 49.323325],
						[6.167298, 49.324359],
						[6.167191, 49.325381],
						[6.168117, 49.335896],
						[6.168258, 49.336937],
						[6.169787, 49.341286],
						[6.169888, 49.341824],
						[6.169877, 49.34214],
						[6.169816, 49.34256],
						[6.169679, 49.342895],
						[6.169511, 49.343207],
						[6.169206, 49.343587],
						[6.168589, 49.344111],
						[6.167613, 49.344667],
						[6.166976, 49.345211],
						[6.166738, 49.345312],
						[6.166558, 49.345285]
					],
					[
						[6.166114, 49.345091],
						[6.165791, 49.34495]
					],
					[
						[6.181686, 49.281244],
						[6.181613, 49.280048],
						[6.181301, 49.278868],
						[6.181567, 49.278844]
					],
					[
						[6.181338, 49.263896],
						[6.181237, 49.262462],
						[6.181121, 49.262228],
						[6.181109, 49.262059],
						[6.18119, 49.261722],
						[6.180806, 49.254653],
						[6.18081, 49.2525],
						[6.181067, 49.249263],
						[6.181014, 49.248917],
						[6.181162, 49.248678],
						[6.182263, 49.242317],
						[6.182208, 49.241957],
						[6.182362, 49.241723],
						[6.182815, 49.239201],
						[6.183112, 49.238583],
						[6.183087, 49.238225],
						[6.18314, 49.237927]
					],
					[
						[6.181567, 49.278844],
						[6.182255, 49.278823]
					],
					[
						[6.182255, 49.278823],
						[6.182586, 49.278819]
					],
					[
						[6.184847, 49.199543],
						[6.185604, 49.196518],
						[6.18575, 49.196197],
						[6.186506, 49.195371]
					],
					[
						[6.184258, 49.186028],
						[6.184449, 49.186242],
						[6.184449, 49.186422],
						[6.18423, 49.187699],
						[6.184327, 49.187858],
						[6.184626, 49.188001]
					],
					[
						[6.184626, 49.188001],
						[6.185105, 49.188128]
					],
					[
						[6.19252, 49.155115],
						[6.192519, 49.154924]
					],
					[
						[6.19252, 49.155151],
						[6.19252, 49.155115]
					],
					[
						[6.192515, 49.15431],
						[6.193325, 49.154235],
						[6.195861, 49.154178],
						[6.196785, 49.154045]
					],
					[
						[6.140891, 49.11413],
						[6.141104, 49.113463],
						[6.141431, 49.112006],
						[6.142083, 49.110077],
						[6.142126, 49.109459],
						[6.142083, 49.108989],
						[6.141724, 49.10784],
						[6.141547, 49.107556],
						[6.140978, 49.107057],
						[6.140427, 49.106699],
						[6.13977, 49.106467],
						[6.137282, 49.106021],
						[6.136295, 49.10592],
						[6.135518, 49.106057],
						[6.135175, 49.105997],
						[6.134362, 49.106176],
						[6.133006, 49.106168],
						[6.131862, 49.106067],
						[6.129765, 49.105755],
						[6.128038, 49.105303]
					],
					[
						[6.125557, 49.104754],
						[6.123773, 49.104456],
						[6.121003, 49.103885],
						[6.119322, 49.103699],
						[6.118254, 49.103531],
						[6.116936, 49.103214],
						[6.115606, 49.102752]
					],
					[
						[6.12606, 49.104844],
						[6.125557, 49.104754]
					],
					[
						[6.115606, 49.102752],
						[6.114258, 49.102037],
						[6.113632, 49.101628]
					],
					[
						[6.113632, 49.101628],
						[6.113306, 49.101859],
						[6.112432, 49.101945],
						[6.111893, 49.102151]
					],
					[
						[6.111758, 49.101929],
						[6.112544, 49.10136]
					],
					[
						[6.112544, 49.10136],
						[6.112808, 49.101225],
						[6.113081, 49.101181]
					],
					[
						[6.156686, 49.123157],
						[6.156405, 49.123028],
						[6.151342, 49.121449],
						[6.151004, 49.121455],
						[6.1498, 49.121192]
					],
					[
						[6.164074, 49.126087],
						[6.164219, 49.125648],
						[6.164518, 49.12542]
					],
					[
						[6.197307, 49.161382],
						[6.197686, 49.161659],
						[6.197918, 49.161906],
						[6.198599, 49.162946],
						[6.198849, 49.163198],
						[6.200876, 49.16473],
						[6.202159, 49.165841],
						[6.203133, 49.167156],
						[6.203419, 49.167809],
						[6.203534, 49.168182],
						[6.203634, 49.168951],
						[6.203742, 49.171985],
						[6.203792, 49.172441],
						[6.20407, 49.173385],
						[6.20412, 49.174778],
						[6.203624, 49.17725],
						[6.203371, 49.177982],
						[6.203068, 49.178297],
						[6.202977, 49.178497],
						[6.202766, 49.178653],
						[6.200408, 49.179225],
						[6.199615, 49.17934],
						[6.19867, 49.179624],
						[6.197186, 49.179961],
						[6.194472, 49.180799],
						[6.191292, 49.181701],
						[6.190468, 49.181985],
						[6.189382, 49.182487],
						[6.188243, 49.183181],
						[6.187387, 49.183834],
						[6.186852, 49.184358],
						[6.186017, 49.1854],
						[6.185174, 49.185865],
						[6.184819, 49.185995],
						[6.184712, 49.185991]
					],
					[
						[6.184013, 49.229651],
						[6.183737, 49.228263],
						[6.18271, 49.21908],
						[6.182713, 49.218208]
					],
					[
						[6.183356, 49.236096],
						[6.184113, 49.231422],
						[6.184126, 49.230554],
						[6.183901, 49.230231],
						[6.184013, 49.229651]
					],
					[
						[6.181338, 49.263896],
						[6.182133, 49.264088],
						[6.183215, 49.264275],
						[6.183271, 49.264325]
					],
					[
						[6.166558, 49.345285],
						[6.166114, 49.345091]
					],
					[
						[6.181636, 49.28796],
						[6.181755, 49.287574]
					],
					[
						[5.997678, 47.653634],
						[5.998302, 47.65332]
					],
					[
						[5.998302, 47.65332],
						[5.997761, 47.652226],
						[5.997626, 47.650995],
						[5.997466, 47.650659],
						[5.997269, 47.650561],
						[5.996261, 47.650363],
						[5.995532, 47.650134]
					],
					[
						[6.206161, 48.568342],
						[6.206187, 48.567989]
					],
					[
						[6.20618, 48.567906],
						[6.206533, 48.566665]
					],
					[
						[6.207199, 48.564786],
						[6.207403, 48.564284],
						[6.207648, 48.563979],
						[6.207963, 48.563713],
						[6.208203, 48.56356],
						[6.208716, 48.563396],
						[6.209102, 48.563094],
						[6.209895, 48.562695],
						[6.210576, 48.562254]
					],
					[
						[6.339391, 48.339248],
						[6.339419, 48.339095],
						[6.340266, 48.338283],
						[6.340771, 48.337907],
						[6.341758, 48.337319],
						[6.342999, 48.33675],
						[6.345958, 48.335793],
						[6.347414, 48.335261],
						[6.348296, 48.334838],
						[6.348865, 48.334495],
						[6.349742, 48.333905],
						[6.352244, 48.331795],
						[6.354553, 48.330142],
						[6.354698, 48.329966],
						[6.358478, 48.327476]
					],
					[
						[6.376598, 48.319409],
						[6.377076, 48.31918]
					],
					[
						[6.377076, 48.31918],
						[6.377262, 48.319162],
						[6.378688, 48.318462],
						[6.379979, 48.317734],
						[6.381553, 48.316693],
						[6.382621, 48.315837],
						[6.383319, 48.315217],
						[6.38396, 48.314556],
						[6.387556, 48.31027]
					],
					[
						[6.420692, 48.254656],
						[6.420986, 48.254447],
						[6.421481, 48.253925],
						[6.423805, 48.251767],
						[6.424368, 48.250997],
						[6.424649, 48.250221],
						[6.424971, 48.248201],
						[6.425157, 48.247486],
						[6.425335, 48.247175],
						[6.425801, 48.246634]
					],
					[
						[6.442129, 48.21033],
						[6.441988, 48.210091],
						[6.441805, 48.209945],
						[6.441432, 48.209748],
						[6.441149, 48.20966]
					],
					[
						[6.42646, 48.246427],
						[6.426572, 48.24615],
						[6.42678, 48.245917],
						[6.427447, 48.245346],
						[6.427789, 48.245135],
						[6.429922, 48.244169],
						[6.431094, 48.242842],
						[6.431757, 48.242265],
						[6.438183, 48.237984],
						[6.438928, 48.237265],
						[6.439124, 48.237014],
						[6.439362, 48.236462],
						[6.439813, 48.235047]
					],
					[
						[6.441023, 48.209918],
						[6.44083, 48.209866]
					],
					[
						[6.438953, 48.208727],
						[6.438895, 48.208805]
					],
					[
						[5.478942, 47.397241],
						[5.480467, 47.396674],
						[5.482332, 47.396499],
						[5.483897, 47.396777],
						[5.48937, 47.397143],
						[5.490731, 47.397099],
						[5.492624, 47.397216],
						[5.494798, 47.397129],
						[5.49599, 47.397172]
					],
					[
						[5.470485, 47.397102],
						[5.469293, 47.395494],
						[5.46898, 47.395155],
						[5.46606, 47.39263],
						[5.46543, 47.392178],
						[5.464842, 47.391639],
						[5.464013, 47.391143],
						[5.463175, 47.3901],
						[5.46232, 47.389291],
						[5.460901, 47.387509],
						[5.460852, 47.387371]
					],
					[
						[5.478533, 47.397179],
						[5.478804, 47.397191]
					],
					[
						[5.478184, 47.397247],
						[5.478533, 47.397179]
					],
					[
						[5.460852, 47.387371],
						[5.462069, 47.383977],
						[5.462669, 47.380395],
						[5.462685, 47.380038],
						[5.46261, 47.37983],
						[5.46119, 47.377798],
						[5.459299, 47.375289],
						[5.457347, 47.373644],
						[5.453645, 47.371245],
						[5.452738, 47.370571],
						[5.450646, 47.368839],
						[5.449642, 47.36764],
						[5.447783, 47.364086],
						[5.447314, 47.363569],
						[5.441399, 47.358367]
					],
					[
						[5.452611, 47.347556],
						[5.467921, 47.339755]
					],
					[
						[5.482377, 47.332399],
						[5.481911, 47.331839],
						[5.481789, 47.331782],
						[5.481612, 47.331769]
					],
					[
						[5.467921, 47.339755],
						[5.482377, 47.332399]
					],
					[
						[4.768769, 45.939381],
						[4.769475, 45.939462],
						[4.77083, 45.939844],
						[4.771413, 45.939962],
						[4.771963, 45.939979],
						[4.772062, 45.940033]
					],
					[
						[4.768769, 45.939381],
						[4.766766, 45.938111],
						[4.766343, 45.937918],
						[4.765097, 45.937474]
					],
					[
						[4.730066, 45.945484],
						[4.730228, 45.946532],
						[4.730696, 45.947586],
						[4.731099, 45.94831],
						[4.732203, 45.949751],
						[4.733561, 45.951034],
						[4.734117, 45.951477],
						[4.735598, 45.952399],
						[4.736215, 45.952975],
						[4.739732, 45.95538],
						[4.742224, 45.956899],
						[4.746628, 45.959331],
						[4.747233, 45.959733],
						[4.747836, 45.96028],
						[4.748625, 45.960835],
						[4.749765, 45.961824],
						[4.749967, 45.962107]
					],
					[
						[5.024656, 46.903655],
						[5.024564, 46.903712],
						[5.024403, 46.903712],
						[5.024073, 46.903562],
						[5.023396, 46.90342],
						[5.022924, 46.903247],
						[5.022606, 46.903233]
					],
					[
						[5.002365, 46.905528],
						[4.998911, 46.903514]
					],
					[
						[5.00356, 46.906206],
						[5.002365, 46.905528]
					],
					[
						[5.984557, 47.808713],
						[5.984981, 47.808792],
						[5.985318, 47.808913],
						[5.986861, 47.809741]
					],
					[
						[5.983623, 47.808633],
						[5.984557, 47.808713]
					],
					[
						[5.870392, 47.586078],
						[5.870336, 47.585605],
						[5.869932, 47.584436],
						[5.869985, 47.584268],
						[5.87017, 47.584139]
					],
					[
						[5.690926, 47.529792],
						[5.690972, 47.52982]
					],
					[
						[5.825905, 47.577066],
						[5.825843, 47.577324],
						[5.825879, 47.577554],
						[5.827786, 47.582007]
					],
					[
						[5.589168, 47.448592],
						[5.588737, 47.448561]
					],
					[
						[5.591848, 47.448594],
						[5.59218, 47.448597]
					],
					[
						[5.978037, 47.820288],
						[5.97688, 47.820259],
						[5.976233, 47.820324],
						[5.975504, 47.820542],
						[5.974765, 47.820888]
					],
					[
						[5.918517, 47.840677],
						[5.920352, 47.841114],
						[5.921922, 47.841554]
					],
					[
						[4.990663, 46.904599],
						[4.99187, 46.904866],
						[4.99269, 46.90494],
						[4.995034, 46.904842],
						[4.995293, 46.904791],
						[4.996494, 46.904314],
						[4.997066, 46.903959],
						[4.997905, 46.903314],
						[4.998014, 46.90332],
						[4.998404, 46.903574]
					],
					[
						[4.977925, 46.902621],
						[4.97862, 46.902812],
						[4.979622, 46.902941],
						[4.981253, 46.903037],
						[4.982619, 46.903001],
						[4.985501, 46.903601],
						[4.986955, 46.903754]
					],
					[
						[5.370065, 47.120158],
						[5.369049, 47.120971],
						[5.367869, 47.12162],
						[5.365702, 47.123114]
					],
					[
						[6.026365, 47.759884],
						[6.026432, 47.760671]
					],
					[
						[6.026432, 47.760671],
						[6.026491, 47.761043],
						[6.026801, 47.76147],
						[6.027086, 47.761707],
						[6.027453, 47.76191],
						[6.02789, 47.762027],
						[6.034511, 47.76314]
					],
					[
						[5.186688, 47.05417],
						[5.186001, 47.054795]
					],
					[
						[5.159703, 47.060385],
						[5.161279, 47.06049],
						[5.162695, 47.060841],
						[5.166027, 47.06107],
						[5.169709, 47.061394]
					],
					[
						[5.148431, 47.020211],
						[5.149579, 47.019927]
					],
					[
						[5.149579, 47.019927],
						[5.149387, 47.019662],
						[5.148837, 47.018214],
						[5.148696, 47.01678]
					],
					[
						[6.438895, 48.208805],
						[6.438849, 48.208871]
					],
					[
						[6.001494, 47.786188],
						[6.001631, 47.785689]
					],
					[
						[5.382133, 47.116667],
						[5.379127, 47.118346],
						[5.378474, 47.118634],
						[5.378075, 47.118749]
					],
					[
						[5.382687, 47.116358],
						[5.382133, 47.116667]
					],
					[
						[6.34546, 49.448402],
						[6.345574, 49.448447]
					],
					[
						[6.169638, 48.712833],
						[6.169377, 48.712313]
					],
					[
						[6.441122, 48.209719],
						[6.441043, 48.209881]
					],
					[
						[6.188631, 49.190748],
						[6.188562, 49.190797],
						[6.188589, 49.190855],
						[6.189918, 49.191788],
						[6.190042, 49.192479],
						[6.19021, 49.192806],
						[6.190655, 49.193467],
						[6.191192, 49.194001],
						[6.191185, 49.194234],
						[6.190312, 49.194518]
					],
					[
						[6.236679, 49.389254],
						[6.237036, 49.389368]
					],
					[
						[6.237036, 49.389368],
						[6.237502, 49.389669],
						[6.240387, 49.390595]
					],
					[
						[6.184082, 49.360261],
						[6.184034, 49.360737],
						[6.185222, 49.361222]
					],
					[
						[6.184082, 49.360261],
						[6.183952, 49.360155],
						[6.183764, 49.360126],
						[6.183715, 49.360066],
						[6.183764, 49.35918],
						[6.183692, 49.358724],
						[6.183496, 49.358452],
						[6.182935, 49.357971],
						[6.182442, 49.35765],
						[6.182018, 49.35751],
						[6.18121, 49.357355],
						[6.179099, 49.357249],
						[6.178727, 49.357197],
						[6.17831, 49.357077],
						[6.177597, 49.356723],
						[6.176908, 49.356208],
						[6.176827, 49.356105],
						[6.176761, 49.355763],
						[6.176233, 49.355292]
					],
					[
						[6.255591, 49.400653],
						[6.255774, 49.400661]
					],
					[
						[4.898748, 46.81539],
						[4.901039, 46.815613],
						[4.903264, 46.816538],
						[4.905301, 46.817281],
						[4.906718, 46.81793],
						[4.907864, 46.81857]
					],
					[
						[4.916531, 46.821451],
						[4.915504, 46.82117],
						[4.914428, 46.820708],
						[4.91217, 46.819956],
						[4.910882, 46.819446]
					],
					[
						[4.916531, 46.821451],
						[4.917758, 46.821917],
						[4.919675, 46.822107],
						[4.921027, 46.822294],
						[4.922175, 46.822521],
						[4.923202, 46.822811],
						[4.925846, 46.824437],
						[4.928645, 46.826366]
					],
					[
						[4.940113, 46.825069],
						[4.938976, 46.825747],
						[4.938225, 46.826287]
					],
					[
						[6.345254, 49.448303],
						[6.345651, 49.44807]
					],
					[
						[6.252567, 49.393677],
						[6.253468, 49.393926],
						[6.254116, 49.394269],
						[6.254243, 49.394296]
					],
					[
						[5.418442, 47.304964],
						[5.418385, 47.304815]
					],
					[
						[4.832272, 46.288873],
						[4.832129, 46.288709],
						[4.832115, 46.288645],
						[4.832205, 46.288607]
					],
					[
						[6.190423, 49.282526],
						[6.190182, 49.282553],
						[6.189871, 49.282657],
						[6.189585, 49.282862],
						[6.188822, 49.283939],
						[6.188208, 49.285153]
					],
					[
						[6.188208, 49.285153],
						[6.187893, 49.285714]
					],
					[
						[6.192062, 49.280511],
						[6.191366, 49.280657],
						[6.190938, 49.280615],
						[6.190768, 49.28065],
						[6.190272, 49.280979]
					],
					[
						[6.190107, 49.280728],
						[6.189818, 49.280544],
						[6.189338, 49.279473],
						[6.189196, 49.278621],
						[6.18811, 49.276382],
						[6.188055, 49.276133],
						[6.188214, 49.275612],
						[6.188113, 49.275471],
						[6.187958, 49.274884],
						[6.188002, 49.274444],
						[6.188146, 49.274121],
						[6.188547, 49.273643],
						[6.188847, 49.273032],
						[6.189656, 49.272114],
						[6.190674, 49.271279],
						[6.191012, 49.271041],
						[6.191769, 49.270692],
						[6.192803, 49.270132],
						[6.193234, 49.270352],
						[6.193393, 49.270221]
					],
					[
						[5.407415, 47.243682],
						[5.407247, 47.243712]
					],
					[
						[5.405893, 47.212902],
						[5.403583, 47.21064],
						[5.403066, 47.210315]
					],
					[
						[5.405893, 47.212902],
						[5.405647, 47.213198],
						[5.405472, 47.213317],
						[5.404095, 47.213941]
					],
					[
						[5.394615, 47.20437],
						[5.392964, 47.202933],
						[5.391993, 47.201939],
						[5.391636, 47.201268],
						[5.391621, 47.201047]
					],
					[
						[4.830466, 45.797976],
						[4.831234, 45.798278]
					],
					[
						[4.886794, 46.772979],
						[4.886352, 46.772055],
						[4.886255, 46.77196],
						[4.88603, 46.771901],
						[4.882448, 46.772252],
						[4.881887, 46.77225],
						[4.881335, 46.772184]
					],
					[
						[6.180392, 48.743165],
						[6.180583, 48.743289],
						[6.18095, 48.743402],
						[6.181013, 48.743459]
					],
					[
						[6.17857, 48.742802],
						[6.175752, 48.740802],
						[6.174744, 48.739881],
						[6.172331, 48.738081],
						[6.171821, 48.737647],
						[6.170974, 48.736739],
						[6.170082, 48.735034]
					],
					[
						[6.180367, 48.743418],
						[6.178853, 48.743297]
					],
					[
						[6.173186, 48.71511],
						[6.17362, 48.714319],
						[6.17384, 48.713639],
						[6.173999, 48.713439]
					],
					[
						[4.899034, 46.452005],
						[4.897925, 46.451362],
						[4.897043, 46.45065]
					],
					[
						[4.924573, 46.497696],
						[4.924222, 46.49719],
						[4.923777, 46.496721],
						[4.922852, 46.495994],
						[4.919514, 46.494],
						[4.91697, 46.492134],
						[4.916023, 46.491658],
						[4.914777, 46.491123],
						[4.914398, 46.490903]
					],
					[
						[5.184818, 47.055856],
						[5.186151, 47.055193],
						[5.18645, 47.055086]
					],
					[
						[4.832898, 46.301758],
						[4.834727, 46.303898]
					],
					[
						[6.207211, 48.693325],
						[6.207526, 48.69536],
						[6.20741, 48.695922],
						[6.207292, 48.696151],
						[6.206661, 48.696682],
						[6.20655, 48.696746],
						[6.206177, 48.696807],
						[6.205874, 48.69692],
						[6.204782, 48.69764],
						[6.204296, 48.698229],
						[6.204052, 48.698786]
					],
					[
						[6.178688, 48.743257],
						[6.178691, 48.743052],
						[6.17857, 48.742802]
					],
					[
						[5.123363, 46.950062],
						[5.123687, 46.95062]
					],
					[
						[5.072339, 46.899593],
						[5.071564, 46.899901],
						[5.071136, 46.89998],
						[5.0708, 46.899982],
						[5.058553, 46.899554]
					],
					[
						[5.123363, 46.950062],
						[5.123085, 46.949666],
						[5.121732, 46.948136],
						[5.120938, 46.947507],
						[5.120259, 46.947226],
						[5.119041, 46.947004],
						[5.118411, 46.946812],
						[5.117718, 46.946455],
						[5.116871, 46.945906],
						[5.116314, 46.945614],
						[5.115544, 46.945284],
						[5.11484, 46.945078]
					],
					[
						[5.081755, 46.904527],
						[5.082608, 46.904061],
						[5.083468, 46.903792]
					],
					[
						[5.977673, 47.80609],
						[5.977911, 47.805965],
						[5.979867, 47.805693]
					],
					[
						[6.170906, 49.334901],
						[6.170916, 49.334452],
						[6.171616, 49.333713],
						[6.171955, 49.332791],
						[6.171714, 49.331691],
						[6.172206, 49.331206],
						[6.172201, 49.33114],
						[6.171847, 49.330791]
					],
					[
						[4.837807, 45.875517],
						[4.83778, 45.875703],
						[4.837896, 45.876351],
						[4.837864, 45.876835]
					],
					[
						[4.83713, 45.871534],
						[4.836971, 45.87021],
						[4.836999, 45.869539],
						[4.837159, 45.868785],
						[4.837739, 45.867836],
						[4.838408, 45.867136],
						[4.839277, 45.866325],
						[4.839524, 45.866153]
					],
					[
						[5.007415, 46.907798],
						[5.00704, 46.907789]
					],
					[
						[5.00568, 46.907263],
						[5.004617, 46.906858],
						[5.004266, 46.906603],
						[5.00356, 46.906206]
					],
					[
						[5.021897, 46.901579],
						[5.022993, 46.903014]
					],
					[
						[5.022993, 46.903014],
						[5.023155, 46.903162],
						[5.023419, 46.903285],
						[5.024406, 46.90353],
						[5.024656, 46.903655]
					],
					[
						[4.938225, 46.826287],
						[4.937527, 46.825183],
						[4.93396, 46.823662],
						[4.933581, 46.823305],
						[4.933215, 46.823095]
					],
					[
						[5.403752, 47.222845],
						[5.402949, 47.224424],
						[5.402848, 47.224761],
						[5.40314, 47.225186],
						[5.403137, 47.225305],
						[5.402999, 47.225527],
						[5.403218, 47.22591]
					],
					[
						[5.403218, 47.22591],
						[5.403677, 47.226728]
					],
					[
						[5.194923, 47.063681],
						[5.19469, 47.063328],
						[5.189023, 47.057537],
						[5.18645, 47.055086]
					],
					[
						[5.255112, 47.086661],
						[5.25547, 47.086826]
					],
					[
						[5.253443, 47.086142],
						[5.255112, 47.086661]
					],
					[
						[5.25547, 47.086826],
						[5.256068, 47.087197],
						[5.257179, 47.0881],
						[5.257633, 47.088305],
						[5.258482, 47.088519]
					],
					[
						[5.246317, 47.083061],
						[5.246101, 47.08304],
						[5.245787, 47.082893],
						[5.245185, 47.08232],
						[5.244653, 47.081976],
						[5.24409, 47.081716],
						[5.243413, 47.081489],
						[5.242155, 47.081375]
					],
					[
						[5.259274, 47.089169],
						[5.259003, 47.088855],
						[5.258482, 47.088519]
					],
					[
						[5.253443, 47.086142],
						[5.253281, 47.086287]
					],
					[
						[6.220843, 49.385199],
						[6.221456, 49.385228]
					],
					[
						[4.90382, 46.7507],
						[4.90531, 46.749518],
						[4.906238, 46.749033]
					],
					[
						[5.391795, 47.099828],
						[5.391841, 47.099952]
					],
					[
						[5.367804, 47.093983],
						[5.368327, 47.094131],
						[5.383344, 47.096272],
						[5.383646, 47.096267]
					],
					[
						[5.391841, 47.099952],
						[5.392854, 47.102327],
						[5.393115, 47.104019],
						[5.392833, 47.104655],
						[5.393087, 47.105393]
					],
					[
						[5.082845, 46.909141],
						[5.081972, 46.908155],
						[5.08124, 46.906901],
						[5.080811, 46.905053]
					],
					[
						[6.1893, 48.699073],
						[6.191394, 48.696005]
					],
					[
						[6.188648, 48.700005],
						[6.188735, 48.69987]
					],
					[
						[6.181013, 48.743459],
						[6.180485, 48.743441]
					],
					[
						[6.180485, 48.743441],
						[6.180367, 48.743418]
					],
					[
						[6.178821, 48.743294],
						[6.178679, 48.743814]
					],
					[
						[6.143392, 48.762629],
						[6.142208, 48.763558],
						[6.141728, 48.763744],
						[6.141528, 48.763908],
						[6.141076, 48.764505],
						[6.140848, 48.764966],
						[6.140854, 48.765827],
						[6.140493, 48.767609],
						[6.140452, 48.768318],
						[6.140573, 48.769571],
						[6.141042, 48.771548],
						[6.141098, 48.772187],
						[6.140989, 48.774783],
						[6.140842, 48.776286],
						[6.140691, 48.776893],
						[6.140284, 48.777195],
						[6.139933, 48.777321],
						[6.13953, 48.777321],
						[6.139102, 48.777093],
						[6.138784, 48.777022],
						[6.138206, 48.776688],
						[6.137752, 48.776132],
						[6.137669, 48.775954]
					],
					[
						[6.173887, 49.315383],
						[6.174134, 49.315993]
					],
					[
						[4.895487, 46.814848],
						[4.897533, 46.814543],
						[4.898871, 46.814412],
						[4.89893, 46.814468],
						[4.898748, 46.81539]
					],
					[
						[4.881983, 46.814321],
						[4.881443, 46.81453]
					],
					[
						[5.026955, 46.894513],
						[5.025252, 46.89456]
					],
					[
						[5.025252, 46.89456],
						[5.023891, 46.894624]
					],
					[
						[5.023718, 46.895967],
						[5.024156, 46.896376],
						[5.024425, 46.896553],
						[5.024527, 46.896701]
					],
					[
						[5.023718, 46.895967],
						[5.02395, 46.895761],
						[5.024207, 46.895622]
					],
					[
						[5.452408, 47.347651],
						[5.452611, 47.347556]
					],
					[
						[5.438152, 47.35583],
						[5.438322, 47.355656],
						[5.438453, 47.355367],
						[5.440111, 47.354012],
						[5.441325, 47.35327],
						[5.442213, 47.35295]
					],
					[
						[6.165322, 49.344743],
						[6.165147, 49.344666]
					],
					[
						[6.165791, 49.34495],
						[6.165322, 49.344743]
					],
					[
						[6.154098, 48.602411],
						[6.153896, 48.602319]
					],
					[
						[6.158273, 48.603082],
						[6.159925, 48.60436],
						[6.160458, 48.604693]
					],
					[
						[6.175721, 48.608249],
						[6.184594, 48.608157],
						[6.185458, 48.6082],
						[6.186657, 48.608408],
						[6.187676, 48.608689],
						[6.188406, 48.608997],
						[6.19364, 48.611472],
						[6.19396, 48.611557],
						[6.194728, 48.611901],
						[6.198364, 48.613653]
					],
					[
						[6.173603, 48.608313],
						[6.174151, 48.608346],
						[6.174537, 48.608294]
					],
					[
						[6.230582, 48.660097],
						[6.231155, 48.659802],
						[6.231784, 48.6599],
						[6.232071, 48.65983],
						[6.232394, 48.659644]
					],
					[
						[6.228862, 48.657723],
						[6.229092, 48.658201]
					],
					[
						[6.2272, 48.656795],
						[6.22737, 48.656893]
					],
					[
						[6.206112, 48.691419],
						[6.204001, 48.6906]
					],
					[
						[6.208154, 48.692382],
						[6.20819, 48.692335]
					],
					[
						[6.208137, 48.692405],
						[6.207358, 48.69211],
						[6.206849, 48.692118]
					],
					[
						[6.208137, 48.692405],
						[6.208154, 48.692382]
					],
					[
						[6.204001, 48.6906],
						[6.203978, 48.690593]
					],
					[
						[4.839966, 46.313363],
						[4.83972, 46.312774],
						[4.838611, 46.31135],
						[4.838049, 46.309922]
					],
					[
						[4.845858, 46.321174],
						[4.845364, 46.32135],
						[4.844926, 46.321594]
					],
					[
						[4.776534, 46.119895],
						[4.775547, 46.118023],
						[4.775143, 46.117382],
						[4.774294, 46.116278],
						[4.773762, 46.115208],
						[4.773629, 46.114824],
						[4.773551, 46.114317]
					],
					[
						[4.795298, 46.163515],
						[4.795999, 46.163332],
						[4.797029, 46.162909],
						[4.800662, 46.160887],
						[4.80105, 46.160631]
					],
					[
						[4.776534, 46.119895],
						[4.77695, 46.120507],
						[4.777921, 46.121496]
					],
					[
						[4.792526, 46.164952],
						[4.793323, 46.16456]
					],
					[
						[4.759885, 46.076379],
						[4.760528, 46.075429],
						[4.761841, 46.072099],
						[4.763088, 46.069667],
						[4.763597, 46.067987],
						[4.763864, 46.067699],
						[4.763863, 46.067601]
					],
					[
						[6.142615, 48.790175],
						[6.14271, 48.790115]
					],
					[
						[6.142531, 48.789854],
						[6.142653, 48.789895]
					],
					[
						[6.136498, 48.792279],
						[6.137061, 48.792149],
						[6.137825, 48.791897],
						[6.139415, 48.791098],
						[6.140639, 48.790801],
						[6.140858, 48.790818]
					],
					[
						[6.140858, 48.790818],
						[6.141036, 48.790721],
						[6.141418, 48.790644],
						[6.142043, 48.790428],
						[6.142615, 48.790175]
					],
					[
						[6.142107, 48.789688],
						[6.142531, 48.789854]
					],
					[
						[5.997154, 47.789398],
						[5.997075, 47.789159]
					],
					[
						[6.003775, 47.785947],
						[6.002894, 47.785616]
					],
					[
						[6.002894, 47.785616],
						[6.002723, 47.78559],
						[6.001924, 47.785644]
					],
					[
						[5.363137, 47.125278],
						[5.363179, 47.125343],
						[5.363044, 47.125608],
						[5.363101, 47.125734],
						[5.363207, 47.125829],
						[5.364251, 47.126325],
						[5.364655, 47.126764],
						[5.365645, 47.1276],
						[5.366075, 47.12804]
					],
					[
						[5.36653, 47.128493],
						[5.368593, 47.130428],
						[5.369364, 47.131243]
					],
					[
						[4.867072, 46.787193],
						[4.866956, 46.787246],
						[4.866549, 46.787157],
						[4.866446, 46.787187],
						[4.866006, 46.787697],
						[4.865923, 46.787868],
						[4.865966, 46.788043],
						[4.865786, 46.788132]
					],
					[
						[6.138809, 48.788239],
						[6.139035, 48.788356]
					],
					[
						[4.836024, 46.305397],
						[4.836595, 46.306069],
						[4.836981, 46.307012]
					],
					[
						[4.89198, 46.444062],
						[4.890618, 46.441754],
						[4.885143, 46.443097]
					],
					[
						[6.172525, 49.352104],
						[6.17231, 49.352056],
						[6.172033, 49.35208],
						[6.171801, 49.352036]
					],
					[
						[6.176233, 49.355292],
						[6.176855, 49.354611],
						[6.176894, 49.354082],
						[6.17642, 49.353726],
						[6.175909, 49.353422]
					],
					[
						[6.184662, 49.361599],
						[6.184163, 49.362251]
					],
					[
						[6.190709, 49.364026],
						[6.190729, 49.364025]
					],
					[
						[6.190881, 49.364014],
						[6.191532, 49.364007],
						[6.193388, 49.364621],
						[6.193728, 49.364683],
						[6.194493, 49.364706],
						[6.194735, 49.364753],
						[6.198144, 49.365813],
						[6.198541, 49.365977]
					],
					[
						[4.952305, 46.720966],
						[4.952237, 46.720874],
						[4.952205, 46.720595],
						[4.952228, 46.719719],
						[4.952073, 46.7194],
						[4.951691, 46.719132],
						[4.950307, 46.718774]
					],
					[
						[4.95345, 46.721146],
						[4.953595, 46.721471],
						[4.953538, 46.722175]
					],
					[
						[6.174837, 49.352594],
						[6.174793, 49.352551],
						[6.174912, 49.35221]
					],
					[
						[4.857475, 46.368429],
						[4.855979, 46.366285],
						[4.854783, 46.364863],
						[4.854024, 46.363756],
						[4.853206, 46.36186]
					],
					[
						[4.853206, 46.36186],
						[4.852844, 46.360713],
						[4.852841, 46.360475]
					],
					[
						[5.186001, 47.054795],
						[5.184818, 47.055856]
					],
					[
						[5.188655, 47.052409],
						[5.187974, 47.052996]
					],
					[
						[5.144533, 47.024391],
						[5.145064, 47.023594]
					],
					[
						[5.145064, 47.023594],
						[5.1465, 47.02162],
						[5.14685, 47.02126],
						[5.147301, 47.020917]
					],
					[
						[6.295589, 48.465553],
						[6.295467, 48.465246]
					],
					[
						[6.420772, 48.254693],
						[6.420692, 48.254656]
					],
					[
						[6.078045, 48.849016],
						[6.078342, 48.848989]
					],
					[
						[6.077903, 48.849933],
						[6.077794, 48.850312],
						[6.077615, 48.851619],
						[6.076527, 48.861018],
						[6.076117, 48.861979],
						[6.075013, 48.863718],
						[6.074991, 48.863834],
						[6.075114, 48.864007],
						[6.075032, 48.864172],
						[6.074618, 48.86464],
						[6.074166, 48.864848],
						[6.074002, 48.865014]
					],
					[
						[6.050618, 49.022223],
						[6.050433, 49.022121],
						[6.050144, 49.021656],
						[6.05023, 49.021532]
					],
					[
						[6.050344, 49.020477],
						[6.049921, 49.019892],
						[6.049536, 49.019621],
						[6.048281, 49.017612],
						[6.047502, 49.016647],
						[6.046464, 49.015642],
						[6.045153, 49.014538],
						[6.044462, 49.014034]
					],
					[
						[6.042136, 48.91803],
						[6.042376, 48.917582],
						[6.042375, 48.917467],
						[6.042654, 48.916995],
						[6.043239, 48.916158],
						[6.043672, 48.915659],
						[6.044776, 48.914507],
						[6.051038, 48.908943],
						[6.051056, 48.90884],
						[6.05098, 48.908768]
					],
					[
						[6.057291, 49.037605],
						[6.057167, 49.037089],
						[6.056891, 49.036393],
						[6.056644, 49.034554]
					],
					[
						[6.05023, 49.021532],
						[6.050502, 49.021436]
					],
					[
						[6.05098, 48.908768],
						[6.050893, 48.90873]
					],
					[
						[6.070468, 48.872693],
						[6.070125, 48.872535]
					],
					[
						[6.071441, 48.872837],
						[6.070857, 48.872794],
						[6.070468, 48.872693]
					],
					[
						[6.044769, 49.000566],
						[6.044464, 48.999679],
						[6.043976, 48.998917],
						[6.04366, 48.998517],
						[6.043228, 48.998125],
						[6.042728, 48.997771]
					],
					[
						[6.043937, 49.007551],
						[6.043735, 49.006926],
						[6.043913, 49.00656],
						[6.044766, 49.001696],
						[6.044815, 49.001235],
						[6.044769, 49.000566]
					],
					[
						[4.953917, 46.86409],
						[4.954088, 46.863299],
						[4.95408, 46.862887],
						[4.954224, 46.862591],
						[4.954753, 46.861732],
						[4.956582, 46.859292],
						[4.957001, 46.858926],
						[4.957813, 46.858366],
						[4.958238, 46.858135],
						[4.959196, 46.857705],
						[4.960326, 46.857326],
						[4.960909, 46.857036],
						[4.96167, 46.856411],
						[4.96229, 46.855799],
						[4.96293, 46.85491],
						[4.963069, 46.854548],
						[4.963126, 46.854182],
						[4.963101, 46.853626],
						[4.96181, 46.851168],
						[4.961619, 46.850695],
						[4.961532, 46.850368],
						[4.961443, 46.849478],
						[4.961445, 46.849007],
						[4.961537, 46.848544],
						[4.962413, 46.846708],
						[4.962869, 46.845214],
						[4.962893, 46.844866],
						[4.962374, 46.842969],
						[4.959377, 46.83965],
						[4.957201, 46.837772]
					],
					[
						[6.254243, 49.394296],
						[6.255445, 49.394912],
						[6.256849, 49.395522],
						[6.257451, 49.395738],
						[6.264866, 49.397842],
						[6.265049, 49.397799]
					],
					[
						[6.371626, 49.466644],
						[6.371374, 49.46673],
						[6.371224, 49.466839],
						[6.371172, 49.467474]
					],
					[
						[6.041011, 47.689764],
						[6.040049, 47.690157]
					],
					[
						[6.041506, 47.689559],
						[6.041011, 47.689764]
					],
					[
						[6.040049, 47.690157],
						[6.038161, 47.69091]
					],
					[
						[6.042276, 47.689251],
						[6.041506, 47.689559]
					],
					[
						[6.042476, 47.689169],
						[6.042276, 47.689251]
					],
					[
						[6.038161, 47.69091],
						[6.03792, 47.691002]
					],
					[
						[6.058743, 48.899701],
						[6.058839, 48.899789],
						[6.059471, 48.901803],
						[6.059365, 48.901954]
					],
					[
						[6.057625, 48.898977],
						[6.057637, 48.898958]
					],
					[
						[6.057798, 48.902926],
						[6.057383, 48.903262],
						[6.056794, 48.903601],
						[6.056785, 48.903685]
					],
					[
						[5.392672, 47.199208],
						[5.38993, 47.199272],
						[5.388814, 47.199731],
						[5.388175, 47.199764],
						[5.387667, 47.199999]
					],
					[
						[6.295631, 49.422106],
						[6.296122, 49.421797]
					],
					[
						[6.184932, 49.361301],
						[6.185222, 49.361222]
					],
					[
						[6.166708, 49.355733],
						[6.16572, 49.354995],
						[6.164746, 49.354162],
						[6.164152, 49.35382],
						[6.164089, 49.353669],
						[6.162404, 49.352828],
						[6.162192, 49.35259],
						[6.161628, 49.35224],
						[6.161234, 49.351925],
						[6.160652, 49.351166],
						[6.160463, 49.350559],
						[6.160458, 49.349871],
						[6.16065, 49.34913]
					],
					[
						[6.174555, 49.353044],
						[6.174554, 49.352861],
						[6.174753, 49.352708]
					],
					[
						[6.175709, 49.353309],
						[6.175503, 49.353381],
						[6.17499, 49.353387]
					],
					[
						[6.042728, 48.997771],
						[6.039338, 48.995624],
						[6.039083, 48.995563],
						[6.037868, 48.995439],
						[6.036877, 48.995027],
						[6.035963, 48.994736],
						[6.033752, 48.993918],
						[6.032401, 48.993293]
					],
					[
						[6.058021, 48.898453],
						[6.058172, 48.898361]
					],
					[
						[6.183919, 48.706072],
						[6.183616, 48.706046],
						[6.183168, 48.706287],
						[6.182499, 48.70676],
						[6.181685, 48.70748],
						[6.18089, 48.708398],
						[6.180329, 48.70938],
						[6.1793, 48.710668],
						[6.17761, 48.712223],
						[6.176829, 48.712838]
					],
					[
						[6.195735, 48.702025],
						[6.195543, 48.70222],
						[6.193353, 48.70299],
						[6.192769, 48.703124],
						[6.19052, 48.704362]
					],
					[
						[4.821618, 45.882428],
						[4.821676, 45.882522],
						[4.821532, 45.882576],
						[4.821461, 45.882465],
						[4.821618, 45.882428]
					],
					[
						[5.418219, 47.304196],
						[5.418295, 47.304187]
					],
					[
						[5.419702, 47.304067],
						[5.419684, 47.30331],
						[5.419774, 47.302777],
						[5.419959, 47.302254],
						[5.420243, 47.301704],
						[5.420494, 47.301366],
						[5.420825, 47.301074],
						[5.421255, 47.300783],
						[5.421738, 47.300559]
					],
					[
						[5.387667, 47.199999],
						[5.387329, 47.199558],
						[5.388986, 47.198382],
						[5.389019, 47.198266],
						[5.388116, 47.197661],
						[5.38809, 47.197613],
						[5.388224, 47.197322],
						[5.388186, 47.197278],
						[5.387253, 47.197052],
						[5.387145, 47.197099],
						[5.38691, 47.197432],
						[5.38659, 47.19764],
						[5.386405, 47.197708],
						[5.386138, 47.197655],
						[5.384852, 47.195556],
						[5.384293, 47.195064],
						[5.384077, 47.195011]
					],
					[
						[5.366075, 47.12804],
						[5.36653, 47.128493]
					],
					[
						[5.401991, 47.216326],
						[5.40377, 47.218259],
						[5.404336, 47.219367],
						[5.404458, 47.220389],
						[5.404317, 47.221354],
						[5.403752, 47.222845]
					],
					[
						[6.302908, 48.168039],
						[6.303162, 48.168043]
					],
					[
						[6.420788, 48.197226],
						[6.42071, 48.197019],
						[6.420068, 48.196049]
					],
					[
						[6.036243, 47.686268],
						[6.03651, 47.687807],
						[6.036531, 47.688727],
						[6.036603, 47.689059],
						[6.036853, 47.689555],
						[6.037623, 47.690568]
					],
					[
						[6.042511, 47.689155],
						[6.042476, 47.689169]
					],
					[
						[5.995532, 47.650134],
						[5.997851, 47.648083],
						[5.998457, 47.647647],
						[5.999074, 47.647326],
						[5.999872, 47.647063],
						[6.001184, 47.646765],
						[6.001665, 47.646708],
						[6.002078, 47.646707],
						[6.003006, 47.646849],
						[6.004723, 47.646876],
						[6.006223, 47.646961],
						[6.007421, 47.646846],
						[6.008657, 47.646835],
						[6.009172, 47.646687]
					],
					[
						[5.968988, 47.664466],
						[5.969209, 47.664396]
					],
					[
						[5.96405, 47.662211],
						[5.963545, 47.663574],
						[5.963503, 47.663721],
						[5.963541, 47.66393],
						[5.965636, 47.666499]
					],
					[
						[5.506854, 47.404047],
						[5.506515, 47.404043],
						[5.50542, 47.40391],
						[5.504737, 47.403893],
						[5.502818, 47.404151],
						[5.501821, 47.404198],
						[5.501386, 47.40418],
						[5.500419, 47.403977],
						[5.499903, 47.403749],
						[5.499613, 47.403565],
						[5.499221, 47.403096],
						[5.498711, 47.401272],
						[5.498303, 47.400187],
						[5.497863, 47.399075],
						[5.496957, 47.39716],
						[5.496851, 47.397068]
					],
					[
						[5.481612, 47.331769],
						[5.48069, 47.33219],
						[5.480314, 47.332287],
						[5.479498, 47.332408],
						[5.478899, 47.332407],
						[5.477699, 47.332114],
						[5.47651, 47.331604],
						[5.475756, 47.331344],
						[5.475279, 47.331269],
						[5.47458, 47.331261]
					],
					[
						[5.463948, 47.331197],
						[5.464251, 47.331361],
						[5.465842, 47.332474],
						[5.466504, 47.332848]
					],
					[
						[5.554058, 47.430442],
						[5.553737, 47.430212],
						[5.553017, 47.429544],
						[5.552189, 47.429041],
						[5.551167, 47.428653],
						[5.549995, 47.428492],
						[5.548755, 47.428429],
						[5.547243, 47.42853],
						[5.546369, 47.428639],
						[5.54496, 47.428532],
						[5.544094, 47.428252],
						[5.543402, 47.427865],
						[5.542702, 47.427328],
						[5.542274, 47.426865],
						[5.541799, 47.426517],
						[5.541504, 47.426362],
						[5.540812, 47.426118],
						[5.539646, 47.425813],
						[5.539219, 47.425753],
						[5.538574, 47.425718],
						[5.537908, 47.425741],
						[5.535106, 47.425598],
						[5.53429, 47.425426],
						[5.533972, 47.425268],
						[5.532985, 47.424453],
						[5.532638, 47.4239],
						[5.532529, 47.423603],
						[5.532595, 47.423072],
						[5.533349, 47.421085],
						[5.533641, 47.420024],
						[5.533793, 47.419725],
						[5.534544, 47.419168],
						[5.534996, 47.418727],
						[5.536897, 47.416055],
						[5.537655, 47.415402],
						[5.538362, 47.415062],
						[5.541394, 47.41387],
						[5.542438, 47.413602],
						[5.5433, 47.413486],
						[5.545016, 47.413018],
						[5.54556, 47.4128],
						[5.545895, 47.412526],
						[5.545923, 47.412348]
					],
					[
						[5.536386, 47.406488],
						[5.534853, 47.406222],
						[5.507612, 47.40406],
						[5.506854, 47.404047]
					],
					[
						[6.147845, 49.119726],
						[6.147924, 49.119643]
					],
					[
						[6.147515, 49.119955],
						[6.147616, 49.119947],
						[6.147845, 49.119726]
					],
					[
						[6.147924, 49.119643],
						[6.148201, 49.119711],
						[6.147276, 49.11932]
					],
					[
						[4.806829, 45.896895],
						[4.806895, 45.896763]
					],
					[
						[6.146912, 49.119229],
						[6.145492, 49.118731],
						[6.144631, 49.118333],
						[6.143556, 49.117764],
						[6.142267, 49.116904],
						[6.141872, 49.116563],
						[6.141218, 49.115806],
						[6.140847, 49.115096],
						[6.140761, 49.114762],
						[6.140816, 49.114409]
					],
					[
						[6.128038, 49.105303],
						[6.127449, 49.105134],
						[6.12606, 49.104844]
					],
					[
						[4.867911, 46.79177],
						[4.86781, 46.793447],
						[4.867984, 46.793856],
						[4.868315, 46.794337],
						[4.868448, 46.794788],
						[4.868503, 46.796223]
					],
					[
						[6.170996, 49.299172],
						[6.170197, 49.299704],
						[6.168577, 49.300263],
						[6.166592, 49.301974],
						[6.165551, 49.303009],
						[6.165221, 49.303515],
						[6.165074, 49.30381],
						[6.165127, 49.303968],
						[6.16551, 49.304042]
					],
					[
						[5.49599, 47.397172],
						[5.496286, 47.397166],
						[5.496851, 47.397068]
					],
					[
						[6.140816, 49.114409],
						[6.140891, 49.11413]
					],
					[
						[4.811033, 46.239795],
						[4.810738, 46.238589],
						[4.810444, 46.237795],
						[4.810066, 46.237075],
						[4.809355, 46.236007],
						[4.80875, 46.23532]
					],
					[
						[4.839966, 46.313363],
						[4.839906, 46.313502],
						[4.840083, 46.313961]
					],
					[
						[4.818859, 46.249494],
						[4.817239, 46.250046]
					],
					[
						[4.760982, 46.06073],
						[4.760435, 46.060092],
						[4.759848, 46.059523],
						[4.756682, 46.057033],
						[4.756388, 46.056719]
					],
					[
						[4.754793, 46.091136],
						[4.754173, 46.089603],
						[4.753459, 46.088088],
						[4.753362, 46.087515],
						[4.753189, 46.086966],
						[4.75299, 46.085671]
					],
					[
						[4.818142, 46.26469],
						[4.820558, 46.266548]
					],
					[
						[4.813645, 46.259715],
						[4.814263, 46.26021],
						[4.815653, 46.261082],
						[4.816665, 46.261692],
						[4.816969, 46.261766]
					],
					[
						[4.850638, 46.337189],
						[4.850818, 46.338678],
						[4.850815, 46.33926],
						[4.850681, 46.33964]
					],
					[
						[4.842262, 46.317116],
						[4.844365, 46.319255],
						[4.845858, 46.321174]
					],
					[
						[5.313482, 47.107848],
						[5.313378, 47.107811]
					],
					[
						[4.998911, 46.903514],
						[4.998561, 46.903512],
						[4.998404, 46.903574]
					],
					[
						[6.171593, 48.713246],
						[6.170866, 48.713169],
						[6.169749, 48.712825],
						[6.169638, 48.712833]
					],
					[
						[4.845021, 46.325627],
						[4.845033, 46.325299],
						[4.844989, 46.325305]
					],
					[
						[5.262995, 47.099694],
						[5.261876, 47.09977]
					],
					[
						[6.137815, 48.776157],
						[6.137713, 48.775705]
					],
					[
						[6.136586, 48.777791],
						[6.137563, 48.7767],
						[6.137815, 48.776157]
					],
					[
						[6.140459, 48.786836],
						[6.141019, 48.786206],
						[6.142036, 48.783771],
						[6.142073, 48.783368],
						[6.142016, 48.782562],
						[6.141641, 48.781623],
						[6.141294, 48.781106],
						[6.140379, 48.780565],
						[6.13928, 48.78002],
						[6.138754, 48.779856]
					],
					[
						[6.168254, 48.711808],
						[6.167952, 48.711367],
						[6.167591, 48.710579],
						[6.167203, 48.708551]
					],
					[
						[6.167203, 48.708551],
						[6.167125, 48.708046],
						[6.167162, 48.707658],
						[6.167277, 48.707272],
						[6.167528, 48.706799],
						[6.167507, 48.706673]
					],
					[
						[6.167507, 48.706673],
						[6.168965, 48.705337],
						[6.16915, 48.70523]
					],
					[
						[6.168643, 48.712377],
						[6.168254, 48.711808]
					],
					[
						[6.136912, 48.779534],
						[6.13692, 48.779287],
						[6.136548, 48.779183]
					],
					[
						[6.174145, 48.704133],
						[6.174707, 48.704176]
					],
					[
						[6.137378, 48.779763],
						[6.137285, 48.779593],
						[6.136912, 48.779534]
					],
					[
						[6.188086, 48.70085],
						[6.188648, 48.700005]
					],
					[
						[6.232342, 47.998819],
						[6.232179, 47.998897]
					],
					[
						[6.201131, 47.976425],
						[6.20103, 47.976285]
					],
					[
						[6.315495, 48.151499],
						[6.316691, 48.150937],
						[6.317408, 48.150522],
						[6.318448, 48.149625],
						[6.318973, 48.14928],
						[6.319459, 48.148793],
						[6.319683, 48.148471],
						[6.324119, 48.139742],
						[6.324187, 48.139444],
						[6.324504, 48.139041],
						[6.324968, 48.138049],
						[6.325036, 48.137749],
						[6.325015, 48.137508],
						[6.324493, 48.136422],
						[6.324473, 48.136163],
						[6.32458, 48.135783],
						[6.325476, 48.134744],
						[6.327, 48.133197],
						[6.327174, 48.132912],
						[6.3281, 48.13071],
						[6.32846, 48.130402],
						[6.329332, 48.129979],
						[6.329659, 48.129613],
						[6.329724, 48.129174],
						[6.329421, 48.128383],
						[6.329449, 48.127687],
						[6.329952, 48.125832],
						[6.33015, 48.125485],
						[6.330656, 48.124844],
						[6.330779, 48.124582],
						[6.330796, 48.124158],
						[6.330539, 48.123435],
						[6.330638, 48.122515],
						[6.330723, 48.122182],
						[6.331158, 48.121361],
						[6.331117, 48.120702],
						[6.331244, 48.120043],
						[6.331421, 48.118385],
						[6.33183, 48.117582],
						[6.33189, 48.117345],
						[6.331811, 48.11681],
						[6.331429, 48.115975],
						[6.331106, 48.114512],
						[6.330908, 48.114156],
						[6.330445, 48.113808],
						[6.32917, 48.113392],
						[6.328027, 48.112903],
						[6.327695, 48.112699],
						[6.327483, 48.112501],
						[6.327255, 48.112127],
						[6.327069, 48.111235],
						[6.326911, 48.110828],
						[6.326236, 48.109537],
						[6.325981, 48.108886],
						[6.325676, 48.108528],
						[6.325473, 48.108412],
						[6.325111, 48.108309],
						[6.323603, 48.108068],
						[6.322467, 48.107836],
						[6.32052, 48.107783],
						[6.318416, 48.107986],
						[6.317742, 48.107889],
						[6.317364, 48.107736],
						[6.317037, 48.107525],
						[6.315737, 48.106332],
						[6.31499, 48.105558],
						[6.314764, 48.105252],
						[6.314561, 48.104799],
						[6.31458, 48.104234],
						[6.314829, 48.103642],
						[6.315604, 48.102239],
						[6.31579, 48.101019],
						[6.315895, 48.100727],
						[6.316463, 48.096366],
						[6.316586, 48.095935]
					],
					[
						[6.201, 47.976246],
						[6.200504, 47.975571]
					],
					[
						[6.232179, 47.998897],
						[6.23206, 47.998886],
						[6.231508, 47.998436],
						[6.231305, 47.998168],
						[6.231258, 47.997853],
						[6.231359, 47.997542],
						[6.231631, 47.997241],
						[6.232489, 47.996564],
						[6.232472, 47.996441],
						[6.2323, 47.996302],
						[6.232107, 47.996236],
						[6.230997, 47.996051],
						[6.230439, 47.995899],
						[6.229788, 47.995651],
						[6.229338, 47.995396],
						[6.228905, 47.99493],
						[6.228647, 47.994046],
						[6.22848, 47.993752],
						[6.227938, 47.993271],
						[6.227149, 47.99273],
						[6.226816, 47.992568]
					],
					[
						[6.056644, 49.034554],
						[6.056538, 49.033696],
						[6.056309, 49.032759],
						[6.056358, 49.032623]
					],
					[
						[4.772836, 46.110577],
						[4.772663, 46.110492],
						[4.77217, 46.109923],
						[4.771398, 46.109172],
						[4.770208, 46.1083],
						[4.769241, 46.107488],
						[4.767213, 46.105505],
						[4.766833, 46.105189],
						[4.764817, 46.103069],
						[4.76443, 46.102742],
						[4.763783, 46.102388],
						[4.763325, 46.102189],
						[4.763026, 46.102125],
						[4.762896, 46.102028],
						[4.762922, 46.101819],
						[4.762848, 46.101575]
					],
					[
						[4.772899, 46.110706],
						[4.772836, 46.110577]
					],
					[
						[6.041484, 47.733098],
						[6.041664, 47.733482]
					],
					[
						[6.043418, 47.722158],
						[6.042396, 47.721991],
						[6.04144, 47.721941],
						[6.038571, 47.721906],
						[6.035572, 47.721599],
						[6.034578, 47.721714],
						[6.03252, 47.722217],
						[6.031882, 47.722209],
						[6.031536, 47.722154],
						[6.031182, 47.722036],
						[6.030869, 47.721852],
						[6.030509, 47.721564],
						[6.030152, 47.721065],
						[6.029832, 47.720519],
						[6.029233, 47.718981],
						[6.029193, 47.718418],
						[6.029401, 47.716968],
						[6.029724, 47.715757],
						[6.029933, 47.71524],
						[6.030864, 47.713275],
						[6.031479, 47.712382],
						[6.03272, 47.71085],
						[6.03351, 47.709963],
						[6.033922, 47.709662],
						[6.03486, 47.709419],
						[6.036966, 47.709169],
						[6.038066, 47.708816],
						[6.038858, 47.708256],
						[6.039708, 47.707539],
						[6.040193, 47.707021],
						[6.040353, 47.706776],
						[6.040488, 47.706142],
						[6.040351, 47.705444],
						[6.040409, 47.705183],
						[6.040711, 47.704541],
						[6.0413, 47.703731],
						[6.041766, 47.703331],
						[6.042789, 47.701943],
						[6.044125, 47.700832],
						[6.044466, 47.700367],
						[6.04457, 47.700313]
					],
					[
						[4.910972, 46.566698],
						[4.911097, 46.566398],
						[4.911169, 46.565996]
					],
					[
						[4.92464, 46.543694],
						[4.924667, 46.543811],
						[4.924536, 46.544104],
						[4.924171, 46.544687],
						[4.923299, 46.545797],
						[4.922454, 46.547181],
						[4.921989, 46.547686]
					],
					[
						[4.928813, 46.507814],
						[4.928587, 46.506953],
						[4.927979, 46.505195],
						[4.927868, 46.504964],
						[4.927623, 46.504753],
						[4.92717, 46.504151],
						[4.927179, 46.503989],
						[4.926893, 46.50366],
						[4.926785, 46.503329],
						[4.926215, 46.502304],
						[4.926083, 46.500676],
						[4.925864, 46.500017],
						[4.924573, 46.497696]
					],
					[
						[4.92464, 46.543694],
						[4.92534, 46.542574],
						[4.926225, 46.540809],
						[4.926976, 46.538933],
						[4.927659, 46.53782],
						[4.928921, 46.53553],
						[4.929522, 46.534575],
						[4.930461, 46.533328],
						[4.93097, 46.532755],
						[4.932176, 46.53107],
						[4.934091, 46.529049],
						[4.935143, 46.527676],
						[4.935965, 46.525871],
						[4.936033, 46.525286],
						[4.936263, 46.524702],
						[4.936397, 46.523838],
						[4.936788, 46.522993],
						[4.936895, 46.522311],
						[4.936951, 46.5212],
						[4.937054, 46.520717],
						[4.93703, 46.5201],
						[4.936529, 46.518323],
						[4.936123, 46.5174],
						[4.935403, 46.516341],
						[4.934745, 46.515605],
						[4.932368, 46.513422],
						[4.931064, 46.512031],
						[4.93042, 46.511232],
						[4.92976, 46.51024],
						[4.929528, 46.509773],
						[4.929009, 46.508562],
						[4.928926, 46.50805],
						[4.928813, 46.507814]
					],
					[
						[4.951607, 46.65805],
						[4.95186, 46.657616],
						[4.952351, 46.65615],
						[4.952617, 46.654488]
					],
					[
						[4.792439, 46.133541],
						[4.791016, 46.132097],
						[4.789172, 46.130688],
						[4.78879, 46.130102],
						[4.78849, 46.129813],
						[4.781808, 46.124731]
					],
					[
						[4.792508, 46.133624],
						[4.792439, 46.133541]
					],
					[
						[4.751592, 45.99664],
						[4.751602, 45.996425],
						[4.75141, 45.996143],
						[4.751402, 45.99589],
						[4.751497, 45.995712],
						[4.751848, 45.995564]
					],
					[
						[6.136548, 48.779183],
						[6.136365, 48.778737],
						[6.136328, 48.778391],
						[6.136397, 48.77806]
					],
					[
						[6.061712, 49.042489],
						[6.061349, 49.042287],
						[6.059401, 49.040552]
					],
					[
						[6.044462, 49.014034],
						[6.042784, 49.01274],
						[6.042229, 49.012154],
						[6.041974, 49.011771],
						[6.04164, 49.01095],
						[6.04151, 49.009995],
						[6.041402, 49.009591],
						[6.041355, 49.00959]
					],
					[
						[6.052935, 49.028615],
						[6.052781, 49.026796],
						[6.052486, 49.02588],
						[6.052235, 49.025426],
						[6.052061, 49.024569],
						[6.052137, 49.024161]
					],
					[
						[4.752491, 45.985233],
						[4.752255, 45.985326]
					],
					[
						[6.18145, 48.703045],
						[6.181304, 48.703111]
					],
					[
						[6.181495, 48.703024],
						[6.181658, 48.702951]
					],
					[
						[6.181658, 48.702951],
						[6.1815, 48.702805]
					],
					[
						[6.182377, 48.702256],
						[6.182443, 48.702316],
						[6.182723, 48.702179]
					],
					[
						[6.030392, 48.98389],
						[6.030466, 48.983447],
						[6.030365, 48.983335]
					],
					[
						[5.443006, 47.35249],
						[5.443071, 47.352431]
					],
					[
						[4.900945, 46.75894],
						[4.901313, 46.762477],
						[4.901301, 46.763429],
						[4.901195, 46.763999],
						[4.900869, 46.764872],
						[4.900512, 46.765511],
						[4.900046, 46.766111]
					],
					[
						[6.220843, 49.385199],
						[6.220796, 49.385506]
					],
					[
						[6.220796, 49.385506],
						[6.220753, 49.385878]
					],
					[
						[4.749771, 46.001945],
						[4.750008, 46.001707],
						[4.750026, 46.001568]
					],
					[
						[6.231481, 48.659687],
						[6.231776, 48.65978],
						[6.232005, 48.659765],
						[6.232616, 48.659419]
					],
					[
						[6.229092, 48.658201],
						[6.229472, 48.658706],
						[6.230127, 48.659386],
						[6.230339, 48.659508],
						[6.230601, 48.65956]
					],
					[
						[6.230989, 48.659474],
						[6.231481, 48.659687]
					],
					[
						[6.232694, 48.659466],
						[6.232616, 48.659419]
					],
					[
						[4.834069, 45.879988],
						[4.833612, 45.880092],
						[4.831113, 45.880396]
					],
					[
						[4.807866, 45.894433],
						[4.808661, 45.893126],
						[4.809202, 45.892378]
					],
					[
						[4.810333, 45.905684],
						[4.810252, 45.905605]
					],
					[
						[4.821271, 45.882528],
						[4.821504, 45.882431]
					],
					[
						[4.821496, 45.882563],
						[4.821271, 45.882528]
					],
					[
						[4.817392, 45.88423],
						[4.816803, 45.884618],
						[4.816588, 45.884828],
						[4.813788, 45.886959],
						[4.8127, 45.887852],
						[4.812165, 45.888376],
						[4.811807, 45.888785],
						[4.809202, 45.892378]
					],
					[
						[4.82158, 45.882419],
						[4.821729, 45.882341],
						[4.823901, 45.881743],
						[4.82686, 45.880983],
						[4.827473, 45.880865]
					],
					[
						[4.827473, 45.880865],
						[4.831113, 45.880396]
					],
					[
						[6.153896, 48.602319],
						[6.15428, 48.601926]
					],
					[
						[6.154622, 48.601483],
						[6.154929, 48.601042],
						[6.155139, 48.600581],
						[6.155599, 48.599107],
						[6.15562, 48.598739]
					],
					[
						[6.15562, 48.598739],
						[6.156664, 48.597284]
					],
					[
						[6.169176, 48.586858],
						[6.170571, 48.585578],
						[6.174216, 48.582522],
						[6.175793, 48.581129],
						[6.177297, 48.579971],
						[6.178608, 48.579241]
					],
					[
						[6.19845, 48.572396],
						[6.199523, 48.571908],
						[6.202786, 48.570596],
						[6.203075, 48.570522],
						[6.204795, 48.569837],
						[6.205757, 48.569526],
						[6.205979, 48.569403],
						[6.206065, 48.569218]
					],
					[
						[6.179819, 48.578961],
						[6.180435, 48.578848],
						[6.18089, 48.578691],
						[6.180974, 48.578618]
					],
					[
						[6.198404, 48.572342],
						[6.19845, 48.572396]
					],
					[
						[6.198253, 48.572178],
						[6.198404, 48.572342]
					],
					[
						[6.198032, 48.571991],
						[6.198253, 48.572178]
					],
					[
						[6.182124, 48.578207],
						[6.183639, 48.577544],
						[6.186191, 48.576337],
						[6.187047, 48.576003],
						[6.19219, 48.57413],
						[6.196805, 48.572681],
						[6.197471, 48.572279]
					],
					[
						[6.20819, 48.692335],
						[6.208193, 48.692291],
						[6.207638, 48.692001],
						[6.207087, 48.691804]
					],
					[
						[6.174662, 49.351741],
						[6.172651, 49.352054],
						[6.172525, 49.352104]
					],
					[
						[6.229453, 48.553318],
						[6.229554, 48.553164],
						[6.230671, 48.552393],
						[6.231319, 48.551766],
						[6.233555, 48.548417]
					],
					[
						[6.298753, 48.475335],
						[6.298636, 48.475335]
					],
					[
						[6.268144, 48.523671],
						[6.268191, 48.523604]
					],
					[
						[6.286655, 48.499334],
						[6.286678, 48.499241],
						[6.287192, 48.498828],
						[6.29013, 48.496124],
						[6.290944, 48.495285],
						[6.292008, 48.493912]
					],
					[
						[6.292008, 48.493912],
						[6.292668, 48.492835],
						[6.293086, 48.492005],
						[6.293617, 48.49055],
						[6.293903, 48.48931],
						[6.294596, 48.48418],
						[6.294915, 48.482882],
						[6.295357, 48.481887],
						[6.29824, 48.477627],
						[6.298656, 48.476644],
						[6.298735, 48.475505]
					],
					[
						[6.268191, 48.523604],
						[6.268145, 48.523511],
						[6.268215, 48.523328],
						[6.268731, 48.52253],
						[6.27123, 48.517877],
						[6.271547, 48.517417],
						[6.282647, 48.503064],
						[6.283251, 48.50243],
						[6.286655, 48.499334]
					],
					[
						[6.290866, 48.450133],
						[6.29066, 48.449728],
						[6.290022, 48.448861]
					],
					[
						[6.292197, 48.453818],
						[6.292105, 48.45354]
					],
					[
						[6.295767, 48.46486],
						[6.295689, 48.464838],
						[6.295577, 48.464566],
						[6.293649, 48.458652],
						[6.292652, 48.455826],
						[6.292067, 48.453975],
						[6.2921, 48.453865],
						[6.292197, 48.453818]
					],
					[
						[6.288583, 48.44727],
						[6.2884, 48.447118],
						[6.288173, 48.446761]
					],
					[
						[6.261296, 48.393825],
						[6.261364, 48.393643]
					],
					[
						[6.256512, 48.4062],
						[6.256364, 48.405269],
						[6.256316, 48.404329],
						[6.256437, 48.403272],
						[6.256862, 48.401882],
						[6.259974, 48.396081],
						[6.261218, 48.393838],
						[6.261296, 48.393825]
					],
					[
						[6.288173, 48.446761],
						[6.287542, 48.445996],
						[6.286917, 48.445352],
						[6.284834, 48.444131],
						[6.284407, 48.443776],
						[6.281212, 48.439276]
					],
					[
						[6.272008, 48.431375],
						[6.268609, 48.430105],
						[6.26809, 48.429866],
						[6.267375, 48.429389],
						[6.265493, 48.427354],
						[6.264114, 48.42573],
						[6.263716, 48.425161],
						[6.262748, 48.423493],
						[6.261754, 48.421558]
					],
					[
						[6.281059, 48.439086],
						[6.280855, 48.438907],
						[6.28074, 48.438713]
					],
					[
						[5.0224, 46.897314],
						[5.022657, 46.897656]
					],
					[
						[5.023507, 46.899271],
						[5.022458, 46.898648]
					],
					[
						[5.022657, 46.897656],
						[5.023139, 46.89811]
					],
					[
						[5.143567, 47.002636],
						[5.14381, 47.002697],
						[5.145277, 47.002554],
						[5.146613, 47.002499]
					],
					[
						[6.441889, 48.208705],
						[6.441604, 48.20785],
						[6.441593, 48.207612]
					],
					[
						[6.418889, 48.194624],
						[6.418851, 48.194525]
					],
					[
						[6.44083, 48.209866],
						[6.440789, 48.209771],
						[6.440651, 48.209679],
						[6.439443, 48.209127],
						[6.438789, 48.208898]
					],
					[
						[5.979907, 47.890673],
						[5.980119, 47.890313],
						[5.979963, 47.889993]
					],
					[
						[5.976658, 47.889719],
						[5.975601, 47.889452],
						[5.975536, 47.889404]
					],
					[
						[5.980842, 47.891402],
						[5.980763, 47.891554],
						[5.980921, 47.891725]
					],
					[
						[6.207918, 48.676937],
						[6.208386, 48.677078],
						[6.208736, 48.677284],
						[6.208898, 48.677496],
						[6.208914, 48.677806],
						[6.208767, 48.678032],
						[6.208259, 48.6784],
						[6.207964, 48.678883],
						[6.206084, 48.684237],
						[6.205931, 48.684944],
						[6.206042, 48.68644],
						[6.20572, 48.68761],
						[6.205743, 48.687684]
					],
					[
						[6.205743, 48.687684],
						[6.205583, 48.687764],
						[6.205451, 48.688525],
						[6.205047, 48.689626],
						[6.204917, 48.689795],
						[6.203978, 48.690593]
					],
					[
						[5.022606, 46.903233],
						[5.019145, 46.904525],
						[5.017249, 46.905311],
						[5.013597, 46.907152],
						[5.012857, 46.907421],
						[5.01178, 46.907699],
						[5.010279, 46.907899],
						[5.007415, 46.907798]
					],
					[
						[6.200646, 47.974992],
						[6.200803, 47.974789]
					],
					[
						[6.200487, 47.975208],
						[6.200646, 47.974992]
					],
					[
						[6.201398, 47.976624],
						[6.201131, 47.976425]
					],
					[
						[6.19614, 47.972585],
						[6.196315, 47.972546]
					],
					[
						[6.195791, 47.972704],
						[6.194081, 47.97068],
						[6.193603, 47.970239],
						[6.192836, 47.969857],
						[6.192178, 47.96967],
						[6.191659, 47.969589],
						[6.191284, 47.969579],
						[6.189297, 47.96979],
						[6.18114, 47.971053],
						[6.179817, 47.971139],
						[6.177891, 47.97114]
					],
					[
						[6.163628, 47.973349],
						[6.159957, 47.973232],
						[6.159015, 47.973172],
						[6.158511, 47.973087],
						[6.153299, 47.971751],
						[6.15165, 47.971126],
						[6.150694, 47.970683],
						[6.150171, 47.97035],
						[6.149624, 47.969754],
						[6.149392, 47.969296],
						[6.149316, 47.968851],
						[6.149273, 47.966478],
						[6.149341, 47.966038],
						[6.149549, 47.965582],
						[6.149812, 47.965369],
						[6.150454, 47.965175],
						[6.15132, 47.965027],
						[6.154566, 47.964718],
						[6.154781, 47.964648],
						[6.155003, 47.964495],
						[6.155136, 47.964316],
						[6.155181, 47.96414],
						[6.155115, 47.963921],
						[6.155004, 47.963783],
						[6.154737, 47.963637],
						[6.154046, 47.963374],
						[6.151516, 47.962885],
						[6.150028, 47.962528]
					],
					[
						[6.128159, 47.957734],
						[6.126859, 47.957896],
						[6.124564, 47.95833]
					],
					[
						[6.2137, 47.977986],
						[6.212562, 47.977698],
						[6.211765, 47.977668],
						[6.210719, 47.977784],
						[6.208875, 47.978136],
						[6.206912, 47.978256],
						[6.205317, 47.978116],
						[6.205038, 47.978045],
						[6.203159, 47.977326]
					],
					[
						[6.134083, 47.957782],
						[6.132747, 47.9577],
						[6.130605, 47.957737],
						[6.129227, 47.957568]
					],
					[
						[6.029879, 47.930523],
						[6.028412, 47.929887],
						[6.027972, 47.929753],
						[6.02656, 47.929469],
						[6.019268, 47.92921],
						[6.018373, 47.929145],
						[6.017506, 47.928995],
						[6.016535, 47.928706],
						[6.012744, 47.927127],
						[6.011764, 47.926802],
						[6.010786, 47.926638],
						[6.007911, 47.926389],
						[6.007334, 47.926287],
						[6.00623, 47.925967],
						[6.003073, 47.924434],
						[6.001014, 47.923345],
						[6.000397, 47.922938],
						[5.999924, 47.92253],
						[5.997278, 47.919926],
						[5.996784, 47.919187]
					],
					[
						[5.970358, 47.882278],
						[5.968532, 47.881824],
						[5.967977, 47.881781],
						[5.967604, 47.881802],
						[5.966165, 47.882045],
						[5.963207, 47.8826],
						[5.962267, 47.882719],
						[5.961564, 47.882681],
						[5.960664, 47.882471],
						[5.959735, 47.882174],
						[5.958948, 47.88184],
						[5.9582, 47.881414],
						[5.957029, 47.880266],
						[5.95688, 47.879987],
						[5.95683, 47.87974],
						[5.956846, 47.879342],
						[5.957051, 47.879016],
						[5.95732, 47.878606],
						[5.957597, 47.878534],
						[5.957533, 47.878237],
						[5.957827, 47.877703],
						[5.957823, 47.877307],
						[5.957606, 47.876886],
						[5.957381, 47.876636],
						[5.956902, 47.876296],
						[5.955203, 47.874884],
						[5.954941, 47.874496],
						[5.954761, 47.873682],
						[5.954544, 47.87325],
						[5.953969, 47.872754],
						[5.952751, 47.871838],
						[5.951538, 47.870989],
						[5.950609, 47.870466],
						[5.949336, 47.869255],
						[5.948861, 47.86898],
						[5.947029, 47.868183],
						[5.946657, 47.867971]
					],
					[
						[5.93245, 47.858266],
						[5.932585, 47.85816]
					],
					[
						[5.919626, 47.844191],
						[5.919481, 47.844194]
					],
					[
						[5.932328, 47.858297],
						[5.93245, 47.858266]
					],
					[
						[5.927983, 47.827965],
						[5.927509, 47.827634],
						[5.927486, 47.827532],
						[5.928218, 47.827087],
						[5.928636, 47.826938],
						[5.929244, 47.826836],
						[5.929715, 47.826644],
						[5.929917, 47.82649],
						[5.930188, 47.826152],
						[5.930312, 47.825735],
						[5.930556, 47.825392],
						[5.931562, 47.82493],
						[5.932218, 47.824746],
						[5.932848, 47.824742],
						[5.933618, 47.824855],
						[5.934164, 47.824757],
						[5.934769, 47.824379],
						[5.93588, 47.822991],
						[5.93632, 47.822699],
						[5.936615, 47.8226],
						[5.936944, 47.822532],
						[5.93723, 47.822525],
						[5.937855, 47.82263],
						[5.938113, 47.822724],
						[5.93897, 47.82324],
						[5.939401, 47.823318],
						[5.94014, 47.823238],
						[5.940674, 47.823115],
						[5.941128, 47.822953],
						[5.94142, 47.822987],
						[5.944241, 47.824251],
						[5.944551, 47.824333]
					],
					[
						[5.919481, 47.844194],
						[5.919363, 47.844246],
						[5.919402, 47.846202],
						[5.919561, 47.847149],
						[5.920012, 47.848051],
						[5.920779, 47.849209],
						[5.921042, 47.849516],
						[5.922431, 47.850844],
						[5.924753, 47.85346],
						[5.925549, 47.854164],
						[5.926309, 47.854671],
						[5.932328, 47.858297]
					],
					[
						[5.918517, 47.840677],
						[5.918445, 47.840598],
						[5.917787, 47.840405]
					],
					[
						[5.924328, 47.84221],
						[5.924374, 47.841245]
					],
					[
						[5.927983, 47.827965],
						[5.927372, 47.828383],
						[5.926712, 47.828979],
						[5.926282, 47.829752],
						[5.925565, 47.830188],
						[5.92545, 47.830305],
						[5.925829, 47.830777],
						[5.925953, 47.83111],
						[5.926238, 47.8334],
						[5.926545, 47.834083],
						[5.926542, 47.834183],
						[5.92609, 47.834515],
						[5.925708, 47.83489],
						[5.925612, 47.835087],
						[5.925503, 47.835663],
						[5.925443, 47.836584],
						[5.92546, 47.836688],
						[5.925687, 47.836876],
						[5.925708, 47.837013],
						[5.924651, 47.839499],
						[5.924333, 47.840937],
						[5.924374, 47.841245]
					],
					[
						[4.841221, 45.834524],
						[4.840884, 45.834637]
					],
					[
						[4.840884, 45.834637],
						[4.839031, 45.835427],
						[4.83825, 45.835874],
						[4.83585, 45.837416],
						[4.835329, 45.837793],
						[4.834949, 45.838152],
						[4.834482, 45.838698],
						[4.834098, 45.839354],
						[4.83391, 45.839815],
						[4.83368, 45.839815],
						[4.833712, 45.841327],
						[4.833806, 45.841855],
						[4.834962, 45.844735],
						[4.834995, 45.845122],
						[4.835324, 45.845645],
						[4.837247, 45.849417],
						[4.837274, 45.849527],
						[4.837212, 45.849693],
						[4.837454, 45.849946],
						[4.837749, 45.850657],
						[4.83846, 45.853091],
						[4.841021, 45.858292],
						[4.841214, 45.858781],
						[4.841274, 45.859372],
						[4.841213, 45.859765],
						[4.840431, 45.862953],
						[4.8396, 45.865654],
						[4.839524, 45.866153]
					],
					[
						[5.984941, 47.814265],
						[5.985336, 47.813735],
						[5.986036, 47.813278]
					],
					[
						[5.983887, 47.81463],
						[5.984075, 47.814652]
					],
					[
						[6.191394, 48.696005],
						[6.191521, 48.695793],
						[6.191116, 48.69565]
					],
					[
						[6.194117, 48.692146],
						[6.194778, 48.691009]
					],
					[
						[6.227145, 49.385521],
						[6.227163, 49.386108],
						[6.227242, 49.386263],
						[6.227387, 49.386346],
						[6.229064, 49.386828],
						[6.232283, 49.388046],
						[6.235651, 49.389145],
						[6.236295, 49.389324],
						[6.236416, 49.389333],
						[6.236679, 49.389254]
					],
					[
						[6.196785, 49.154045],
						[6.198828, 49.153683],
						[6.199392, 49.153533],
						[6.199949, 49.153339],
						[6.201505, 49.152546]
					],
					[
						[6.302908, 48.168039],
						[6.302851, 48.16803]
					],
					[
						[6.078342, 48.848989],
						[6.080205, 48.848788]
					],
					[
						[6.177252, 49.134571],
						[6.177544, 49.134542],
						[6.179002, 49.134972],
						[6.179772, 49.135133],
						[6.184797, 49.135755],
						[6.186825, 49.136058],
						[6.188371, 49.136397],
						[6.189699, 49.136829],
						[6.191337, 49.137527],
						[6.192474, 49.138187],
						[6.19395, 49.139699],
						[6.195238, 49.140756],
						[6.195539, 49.141073],
						[6.195834, 49.141576],
						[6.195762, 49.141702],
						[6.195321, 49.141883]
					],
					[
						[6.168909, 49.130593],
						[6.168906, 49.130726],
						[6.169291, 49.130924],
						[6.1744, 49.132846],
						[6.176266, 49.13364]
					],
					[
						[4.772628, 45.939952],
						[4.772062, 45.940033]
					],
					[
						[6.169722, 49.130114],
						[6.168909, 49.130593]
					],
					[
						[6.170141, 49.351329],
						[6.169855, 49.35111],
						[6.169541, 49.350681],
						[6.169404, 49.350441],
						[6.169353, 49.350088],
						[6.169067, 49.349799],
						[6.168951, 49.349593],
						[6.169377, 49.347397],
						[6.169487, 49.347247],
						[6.169603, 49.34672],
						[6.169778, 49.346424],
						[6.170036, 49.346289]
					],
					[
						[6.357595, 49.442068],
						[6.356839, 49.441956],
						[6.356122, 49.441918],
						[6.355232, 49.441957],
						[6.354718, 49.442066]
					],
					[
						[6.354718, 49.442066],
						[6.353877, 49.442259],
						[6.353413, 49.442455],
						[6.352586, 49.442996],
						[6.351026, 49.444153],
						[6.348736, 49.445236],
						[6.347529, 49.445943],
						[6.346109, 49.446682],
						[6.346156, 49.446846]
					],
					[
						[6.438806, 48.208874],
						[6.438789, 48.208898]
					],
					[
						[6.438849, 48.208871],
						[6.438929, 48.208897]
					],
					[
						[6.419164, 48.194652],
						[6.419024, 48.194502]
					],
					[
						[6.170036, 49.346289],
						[6.170218, 49.345916],
						[6.17036, 49.345797],
						[6.171213, 49.345393],
						[6.171406, 49.345229],
						[6.172387, 49.344004],
						[6.172498, 49.343786],
						[6.17272, 49.342945],
						[6.173099, 49.342665],
						[6.17308, 49.341634],
						[6.172892, 49.340755],
						[6.172313, 49.339612],
						[6.172264, 49.339228],
						[6.171897, 49.338508],
						[6.171916, 49.338265],
						[6.171459, 49.337486],
						[6.171395, 49.336906],
						[6.17128, 49.336716],
						[6.171186, 49.335986],
						[6.170906, 49.334901]
					],
					[
						[6.171713, 49.330832],
						[6.171698, 49.330811]
					],
					[
						[6.171713, 49.330832],
						[6.171847, 49.330791]
					],
					[
						[5.416589, 47.293865],
						[5.416201, 47.293726],
						[5.41342, 47.291909],
						[5.413081, 47.291632],
						[5.412468, 47.290926],
						[5.411694, 47.289839],
						[5.411054, 47.288496],
						[5.410499, 47.28712],
						[5.410281, 47.286433],
						[5.410217, 47.285499],
						[5.410741, 47.282411],
						[5.41133, 47.279947],
						[5.411463, 47.27874]
					],
					[
						[6.175293, 49.352473],
						[6.175603, 49.352563],
						[6.175878, 49.352733],
						[6.17594, 49.353118],
						[6.175805, 49.353258]
					],
					[
						[6.170384, 49.327246],
						[6.170096, 49.325126],
						[6.170174, 49.324834],
						[6.170159, 49.324203],
						[6.170531, 49.323338],
						[6.170834, 49.322938],
						[6.170862, 49.322814],
						[6.171277, 49.322384],
						[6.172153, 49.321125],
						[6.172292, 49.321026],
						[6.172671, 49.321045],
						[6.173274, 49.321288],
						[6.173825, 49.321269],
						[6.174029, 49.321191],
						[6.17412, 49.320848],
						[6.173964, 49.320787],
						[6.173017, 49.320644],
						[6.172822, 49.320531],
						[6.17284, 49.320417],
						[6.173578, 49.319828],
						[6.173948, 49.319376],
						[6.174687, 49.318634],
						[6.175714, 49.317992],
						[6.177036, 49.317502],
						[6.177036, 49.317434]
					],
					[
						[6.208019, 49.372276],
						[6.20787, 49.372187],
						[6.206532, 49.370864],
						[6.205315, 49.369929],
						[6.204306, 49.369294],
						[6.204423, 49.369185]
					],
					[
						[6.208611, 49.374653],
						[6.208547, 49.37626],
						[6.208332, 49.37707],
						[6.208139, 49.377412],
						[6.207302, 49.378341],
						[6.20697, 49.378802],
						[6.205017, 49.381799],
						[6.204738, 49.383],
						[6.204663, 49.383377],
						[6.204738, 49.384104],
						[6.205017, 49.384872],
						[6.205275, 49.385417],
						[6.205811, 49.386101],
						[6.206176, 49.386471],
						[6.206981, 49.3871],
						[6.208128, 49.387603],
						[6.209491, 49.38798],
						[6.210553, 49.388126],
						[6.211079, 49.388133],
						[6.212131, 49.388044],
						[6.213149, 49.387863],
						[6.215136, 49.387234],
						[6.218794, 49.386212],
						[6.220257, 49.385927],
						[6.220753, 49.385878]
					],
					[
						[5.749895, 47.569097],
						[5.749758, 47.569279]
					],
					[
						[5.749758, 47.569279],
						[5.749803, 47.569428],
						[5.750621, 47.569681],
						[5.750942, 47.569831]
					],
					[
						[4.871743, 46.783387],
						[4.868392, 46.785601]
					],
					[
						[4.867591, 46.786205],
						[4.868392, 46.785601]
					],
					[
						[6.175805, 49.353258],
						[6.175709, 49.353309]
					],
					[
						[6.172664, 49.313182],
						[6.172595, 49.313381],
						[6.172898, 49.314183],
						[6.173498, 49.314412]
					],
					[
						[6.179686, 49.362619],
						[6.177918, 49.361888],
						[6.176353, 49.361119]
					],
					[
						[5.444383, 47.351158],
						[5.445853, 47.350563],
						[5.452408, 47.347651]
					],
					[
						[5.443071, 47.352431],
						[5.443205, 47.352309]
					],
					[
						[5.443205, 47.352309],
						[5.443568, 47.352004],
						[5.443899, 47.351596]
					],
					[
						[5.454995, 47.327776],
						[5.454561, 47.32845]
					],
					[
						[5.459499, 47.329362],
						[5.458835, 47.329284]
					],
					[
						[5.458746, 47.330513],
						[5.459327, 47.329701],
						[5.459499, 47.329362]
					],
					[
						[5.461202, 47.331946],
						[5.461538, 47.332014],
						[5.461921, 47.331943],
						[5.463235, 47.331209],
						[5.463481, 47.331137],
						[5.463793, 47.331147]
					],
					[
						[6.176978, 49.317318],
						[6.176913, 49.317251],
						[6.17681, 49.317263],
						[6.176427, 49.317443],
						[6.175766, 49.317595],
						[6.174995, 49.317627],
						[6.174846, 49.317576],
						[6.174638, 49.317445],
						[6.174567, 49.317341],
						[6.174538, 49.316653],
						[6.174134, 49.315993]
					],
					[
						[6.177036, 49.317434],
						[6.176978, 49.317318]
					],
					[
						[6.056448, 49.03261],
						[6.056312, 49.032604],
						[6.056325, 49.032513],
						[6.056453, 49.032518],
						[6.056448, 49.03261]
					],
					[
						[6.055692, 49.030589],
						[6.055451, 49.030182],
						[6.055327, 49.030079]
					],
					[
						[6.056325, 49.032513],
						[6.05591, 49.031816],
						[6.05582, 49.031356]
					],
					[
						[4.885714, 46.409792],
						[4.886431, 46.409165],
						[4.886514, 46.409033],
						[4.886741, 46.408394],
						[4.887027, 46.407063],
						[4.887329, 46.406281],
						[4.887205, 46.405085],
						[4.886922, 46.404442],
						[4.886059, 46.403429],
						[4.885121, 46.402146],
						[4.884489, 46.401525],
						[4.88376, 46.400422],
						[4.881699, 46.398153],
						[4.880392, 46.396054],
						[4.879572, 46.39446],
						[4.878946, 46.393617],
						[4.877776, 46.392409],
						[4.877563, 46.392091],
						[4.87683, 46.391551],
						[4.875562, 46.390264],
						[4.874733, 46.38924],
						[4.874098, 46.388556],
						[4.873823, 46.388083],
						[4.873355, 46.387508],
						[4.872718, 46.386032],
						[4.872198, 46.385381],
						[4.872024, 46.384973],
						[4.870949, 46.383366],
						[4.870019, 46.382356],
						[4.868775, 46.381267],
						[4.868133, 46.380631],
						[4.86727, 46.379641],
						[4.866557, 46.378964],
						[4.865625, 46.377835],
						[4.865111, 46.377122]
					],
					[
						[4.885625, 46.409881],
						[4.885714, 46.409792]
					],
					[
						[4.83402, 46.297295],
						[4.830649, 46.297558]
					],
					[
						[4.830581, 46.298028],
						[4.830745, 46.29795],
						[4.830677, 46.297704],
						[4.830699, 46.29754],
						[4.830361, 46.296929],
						[4.83009, 46.29691]
					],
					[
						[4.830649, 46.297558],
						[4.830548, 46.297567]
					],
					[
						[4.830634, 46.297465],
						[4.833997, 46.297151]
					],
					[
						[6.190423, 49.282526],
						[6.191182, 49.28176],
						[6.19142, 49.280928],
						[6.191514, 49.280856],
						[6.192082, 49.280678]
					],
					[
						[6.181755, 49.287574],
						[6.181893, 49.287179],
						[6.181937, 49.286099],
						[6.181877, 49.285309],
						[6.181648, 49.284483],
						[6.181589, 49.283995],
						[6.181715, 49.283307],
						[6.181582, 49.28193],
						[6.181686, 49.281244]
					],
					[
						[5.45163, 47.265329],
						[5.452177, 47.264631],
						[5.452397, 47.263218],
						[5.452756, 47.262301],
						[5.452912, 47.262057]
					],
					[
						[5.45163, 47.265329],
						[5.451281, 47.265342],
						[5.450875, 47.265475],
						[5.450699, 47.265403],
						[5.450577, 47.265269],
						[5.450179, 47.265321],
						[5.449663, 47.26547],
						[5.449205, 47.265544],
						[5.448717, 47.265819]
					],
					[
						[5.452912, 47.262057],
						[5.452852, 47.262003],
						[5.452588, 47.261113],
						[5.451453, 47.259036],
						[5.449796, 47.257641],
						[5.448715, 47.256946],
						[5.448632, 47.256744],
						[5.44865, 47.256426],
						[5.448913, 47.256255],
						[5.449135, 47.256207]
					],
					[
						[4.876845, 46.775928],
						[4.876454, 46.776]
					],
					[
						[4.876454, 46.776],
						[4.876385, 46.776028],
						[4.876379, 46.776147],
						[4.87578, 46.777177]
					],
					[
						[4.877836, 46.772667],
						[4.877808, 46.772723],
						[4.878394, 46.774728],
						[4.878496, 46.774853],
						[4.878385, 46.774982],
						[4.878074, 46.775185],
						[4.877865, 46.775599],
						[4.876845, 46.775928]
					],
					[
						[4.87578, 46.777177],
						[4.875938, 46.777312],
						[4.876513, 46.777252],
						[4.876607, 46.777282],
						[4.876625, 46.777338]
					],
					[
						[4.876698, 46.777604],
						[4.876966, 46.777766],
						[4.877002, 46.777866],
						[4.876841, 46.778606],
						[4.876411, 46.779571],
						[4.875833, 46.780278]
					],
					[
						[4.876625, 46.777338],
						[4.876698, 46.777604]
					],
					[
						[6.372368, 49.460832],
						[6.372506, 49.459744],
						[6.372327, 49.459415],
						[6.372388, 49.459156]
					],
					[
						[4.891691, 46.815326],
						[4.891023, 46.815142],
						[4.89078, 46.814996],
						[4.890002, 46.814691],
						[4.889305, 46.814112]
					],
					[
						[4.863766, 46.807362],
						[4.865227, 46.809442]
					],
					[
						[4.815339, 45.767083],
						[4.813805, 45.767634],
						[4.813256, 45.767991]
					],
					[
						[6.372599, 49.458608],
						[6.372522, 49.458401],
						[6.372947, 49.457187],
						[6.373342, 49.456782],
						[6.373654, 49.455059],
						[6.373401, 49.454672],
						[6.373283, 49.454364],
						[6.372989, 49.453165],
						[6.372204, 49.451677],
						[6.371671, 49.450884],
						[6.371337, 49.450518],
						[6.371105, 49.450052],
						[6.370728, 49.449678],
						[6.369852, 49.449457],
						[6.368173, 49.448168],
						[6.366644, 49.44722],
						[6.365533, 49.446598]
					],
					[
						[6.359721, 49.442874],
						[6.358731, 49.44239],
						[6.357595, 49.442068]
					],
					[
						[6.364097, 49.445726],
						[6.362087, 49.44411]
					],
					[
						[4.812607, 45.769893],
						[4.81257, 45.770019]
					],
					[
						[4.895862, 46.769326],
						[4.894971, 46.769777],
						[4.89378, 46.770244],
						[4.893576, 46.770285]
					],
					[
						[6.014177, 47.784706],
						[6.015127, 47.784165],
						[6.015546, 47.783729]
					],
					[
						[6.014177, 47.784706],
						[6.013282, 47.783375]
					],
					[
						[5.536395, 47.406425],
						[5.536464, 47.405954]
					],
					[
						[5.544538, 47.411619],
						[5.544403, 47.411764],
						[5.544316, 47.411782],
						[5.544201, 47.411752],
						[5.543999, 47.411584],
						[5.541765, 47.408338],
						[5.5412, 47.407754],
						[5.540744, 47.407394],
						[5.539817, 47.406811],
						[5.53868, 47.406364],
						[5.537384, 47.405999],
						[5.536469, 47.40592]
					],
					[
						[5.471047, 47.332873],
						[5.470067, 47.333091],
						[5.469134, 47.333202],
						[5.467984, 47.33319],
						[5.467427, 47.33312],
						[5.466718, 47.332939]
					],
					[
						[5.471298, 47.332786],
						[5.471047, 47.332873]
					],
					[
						[5.466718, 47.332939],
						[5.466504, 47.332848]
					],
					[
						[5.43409, 47.323642],
						[5.433933, 47.323615]
					],
					[
						[5.434532, 47.323719],
						[5.43409, 47.323642]
					],
					[
						[5.433064, 47.323275],
						[5.43375, 47.32346],
						[5.433933, 47.323615]
					],
					[
						[5.432482, 47.323206],
						[5.430504, 47.322897],
						[5.428674, 47.322753]
					],
					[
						[4.755561, 45.970374],
						[4.755662, 45.970832],
						[4.75621, 45.97163],
						[4.756598, 45.972781],
						[4.756713, 45.973432],
						[4.756635, 45.974836],
						[4.756378, 45.975657],
						[4.75593, 45.976685]
					],
					[
						[4.753366, 45.981383],
						[4.753293, 45.981323],
						[4.75329, 45.981226],
						[4.754462, 45.979224],
						[4.755294, 45.977934],
						[4.75593, 45.976685]
					],
					[
						[5.37949, 47.188839],
						[5.379824, 47.189102]
					],
					[
						[5.37949, 47.188839],
						[5.379364, 47.188819],
						[5.376349, 47.187021],
						[5.358611, 47.176221],
						[5.358331, 47.176115],
						[5.357822, 47.175747],
						[5.356911, 47.17523],
						[5.356586, 47.174964],
						[5.35655, 47.174792]
					],
					[
						[5.35655, 47.174792],
						[5.356589, 47.17458]
					],
					[
						[5.356589, 47.17458],
						[5.356608, 47.174247],
						[5.356683, 47.174087],
						[5.356676, 47.173416],
						[5.3566, 47.172599],
						[5.356397, 47.171724],
						[5.356282, 47.170596],
						[5.356323, 47.170479],
						[5.356493, 47.170364],
						[5.35648, 47.170132],
						[5.35637, 47.169952],
						[5.356418, 47.169412],
						[5.356719, 47.167924],
						[5.357444, 47.16638],
						[5.357889, 47.165672],
						[5.358437, 47.1646],
						[5.359215, 47.163623],
						[5.360014, 47.162776],
						[5.362535, 47.161058],
						[5.363141, 47.160354],
						[5.364263, 47.15832],
						[5.364266, 47.158047],
						[5.364381, 47.157787],
						[5.366414, 47.154737],
						[5.367272, 47.153694],
						[5.368756, 47.151083],
						[5.369095, 47.149918],
						[5.369541, 47.148962],
						[5.369949, 47.147725],
						[5.370598, 47.146339],
						[5.371246, 47.145302],
						[5.371403, 47.144872]
					],
					[
						[5.391621, 47.201047],
						[5.391635, 47.200965]
					],
					[
						[5.391635, 47.200965],
						[5.391748, 47.200409]
					],
					[
						[5.404095, 47.213941],
						[5.404029, 47.213965]
					],
					[
						[5.403066, 47.210315],
						[5.402977, 47.210264]
					],
					[
						[5.404029, 47.213965],
						[5.403259, 47.214356],
						[5.402486, 47.215176],
						[5.401991, 47.216326]
					],
					[
						[5.402977, 47.210264],
						[5.398449, 47.207238],
						[5.394615, 47.20437]
					],
					[
						[5.402949, 47.232151],
						[5.403232, 47.232142]
					],
					[
						[5.403232, 47.232142],
						[5.40342, 47.232145]
					],
					[
						[6.154833, 48.747055],
						[6.154502, 48.746999],
						[6.153573, 48.747857],
						[6.15306, 48.748916],
						[6.152857, 48.750581],
						[6.152662, 48.750889],
						[6.152438, 48.751561],
						[6.151313, 48.752852],
						[6.150472, 48.753613]
					],
					[
						[6.174493, 48.722614],
						[6.174712, 48.722133]
					],
					[
						[6.170082, 48.735034],
						[6.17011, 48.734452],
						[6.170195, 48.734118],
						[6.171007, 48.732734],
						[6.171361, 48.73234]
					],
					[
						[5.419597, 47.304075],
						[5.419702, 47.304067]
					],
					[
						[5.418295, 47.304187],
						[5.419597, 47.304075]
					],
					[
						[4.941274, 46.694215],
						[4.942051, 46.691741],
						[4.942634, 46.686817],
						[4.943219, 46.684623],
						[4.94341, 46.68349],
						[4.944306, 46.680818],
						[4.945523, 46.678291]
					],
					[
						[4.929554, 46.709421],
						[4.929507, 46.709569],
						[4.930171, 46.709956],
						[4.930881, 46.71055]
					],
					[
						[4.937884, 46.713752],
						[4.937614, 46.713664]
					],
					[
						[4.937614, 46.713664],
						[4.93372, 46.712398],
						[4.93345, 46.712264],
						[4.932853, 46.711821]
					],
					[
						[6.155676, 48.601655],
						[6.155696, 48.601536]
					],
					[
						[6.215028, 48.630006],
						[6.214724, 48.630169],
						[6.214314, 48.630485],
						[6.214072, 48.630779],
						[6.213913, 48.631088],
						[6.212913, 48.634125],
						[6.212815, 48.634965],
						[6.212896, 48.63593],
						[6.213072, 48.636536],
						[6.213407, 48.637277],
						[6.213714, 48.637755],
						[6.214806, 48.639142],
						[6.215845, 48.640382],
						[6.21628, 48.640705],
						[6.217154, 48.641185],
						[6.217231, 48.641294]
					],
					[
						[6.171669, 49.33077],
						[6.170913, 49.330955],
						[6.170758, 49.33097],
						[6.170654, 49.330919],
						[6.170482, 49.330106],
						[6.170343, 49.328469],
						[6.170307, 49.327502],
						[6.170384, 49.327246]
					],
					[
						[6.171698, 49.330811],
						[6.171669, 49.33077]
					],
					[
						[4.952617, 46.654488],
						[4.952834, 46.65213],
						[4.952939, 46.651661]
					],
					[
						[4.953453, 46.645355],
						[4.953218, 46.644665],
						[4.953152, 46.643638],
						[4.953174, 46.642694],
						[4.953274, 46.642298],
						[4.953403, 46.640724],
						[4.954237, 46.638736],
						[4.954376, 46.63749],
						[4.954327, 46.636871],
						[4.954125, 46.636195],
						[4.954303, 46.63583],
						[4.954227, 46.632978],
						[4.954127, 46.632407],
						[4.953773, 46.631471],
						[4.952789, 46.629429],
						[4.952716, 46.629178],
						[4.952193, 46.628272],
						[4.951848, 46.627841],
						[4.950536, 46.626543],
						[4.949018, 46.625489],
						[4.947713, 46.624785],
						[4.945978, 46.623591],
						[4.945349, 46.623034]
					],
					[
						[5.995047, 47.9124],
						[5.995306, 47.912109]
					],
					[
						[5.994049, 47.9005],
						[5.993488, 47.900535],
						[5.992668, 47.900491],
						[5.992136, 47.900404],
						[5.991674, 47.900407],
						[5.991146, 47.900499],
						[5.990551, 47.900714],
						[5.988848, 47.901178],
						[5.986023, 47.902059],
						[5.985502, 47.902162],
						[5.985038, 47.902166],
						[5.984549, 47.902054],
						[5.984282, 47.901908],
						[5.984039, 47.901697],
						[5.983907, 47.90142],
						[5.983154, 47.899521],
						[5.983008, 47.899008],
						[5.982996, 47.898397],
						[5.983536, 47.895548],
						[5.983469, 47.894726],
						[5.983343, 47.894128],
						[5.983055, 47.89353],
						[5.982235, 47.892655],
						[5.980921, 47.891725]
					],
					[
						[6.114472, 49.100166],
						[6.114204, 49.09991],
						[6.113247, 49.099244],
						[6.110812, 49.097643],
						[6.110439, 49.097452],
						[6.107959, 49.096518],
						[6.107533, 49.09625],
						[6.106656, 49.095458],
						[6.105971, 49.095138]
					],
					[
						[6.105971, 49.095138],
						[6.105765, 49.095174],
						[6.10334, 49.096091],
						[6.103161, 49.096104],
						[6.1022, 49.095839],
						[6.101782, 49.095622],
						[6.101214, 49.095132],
						[6.100663, 49.094479],
						[6.099943, 49.09275],
						[6.09959, 49.092149],
						[6.099207, 49.091709],
						[6.098846, 49.09116],
						[6.098782, 49.09046],
						[6.098686, 49.090269],
						[6.098519, 49.090147]
					],
					[
						[5.407247, 47.243712],
						[5.406828, 47.243824]
					],
					[
						[5.406828, 47.243824],
						[5.406657, 47.243839],
						[5.406371, 47.243776],
						[5.405285, 47.243335],
						[5.404124, 47.243016],
						[5.400202, 47.242389],
						[5.399289, 47.242103],
						[5.398879, 47.241892],
						[5.398501, 47.241612],
						[5.396156, 47.239703],
						[5.396098, 47.239381],
						[5.395718, 47.239047],
						[5.395078, 47.238596],
						[5.394833, 47.238261],
						[5.394771, 47.23798],
						[5.394847, 47.237834],
						[5.402397, 47.232247],
						[5.402666, 47.232172],
						[5.402949, 47.232151]
					],
					[
						[5.472916, 47.331816],
						[5.472853, 47.331862]
					],
					[
						[5.472853, 47.331862],
						[5.471857, 47.332502],
						[5.471298, 47.332786]
					],
					[
						[4.888614, 46.814655],
						[4.888734, 46.814586]
					],
					[
						[6.206177, 48.676427],
						[6.205812, 48.676386]
					],
					[
						[6.203247, 48.67517],
						[6.203756, 48.674502],
						[6.204288, 48.673923],
						[6.205122, 48.673207],
						[6.205476, 48.672963],
						[6.205784, 48.672825],
						[6.206517, 48.672255],
						[6.207876, 48.671338],
						[6.208013, 48.671232],
						[6.208303, 48.670833],
						[6.209693, 48.669814],
						[6.21111, 48.668953],
						[6.212428, 48.668263],
						[6.213654, 48.667718],
						[6.219901, 48.665419],
						[6.222222, 48.6645],
						[6.223611, 48.663806],
						[6.22988, 48.660416],
						[6.230463, 48.660118],
						[6.230582, 48.660097]
					],
					[
						[6.169189, 48.712127],
						[6.169099, 48.712178]
					],
					[
						[6.175252, 48.704153],
						[6.176599, 48.704136],
						[6.177363, 48.704174],
						[6.178463, 48.704065],
						[6.180188, 48.703667],
						[6.181321, 48.703212],
						[6.181304, 48.703111]
					],
					[
						[6.173546, 48.718555],
						[6.173107, 48.716994],
						[6.172966, 48.715935],
						[6.172981, 48.715573],
						[6.1731, 48.715207],
						[6.173186, 48.71511]
					],
					[
						[6.155696, 48.601536],
						[6.1557, 48.601512]
					],
					[
						[6.442129, 48.21033],
						[6.442443, 48.210226],
						[6.442519, 48.210158],
						[6.442136, 48.209485],
						[6.441889, 48.208705]
					],
					[
						[5.594631, 47.448208],
						[5.592293, 47.448571]
					],
					[
						[4.952528, 46.879677],
						[4.952364, 46.879838]
					],
					[
						[4.952364, 46.879838],
						[4.951868, 46.880387],
						[4.950986, 46.881707],
						[4.950394, 46.883035],
						[4.950037, 46.884331],
						[4.950587, 46.886795],
						[4.951201, 46.888459],
						[4.95246, 46.890322],
						[4.952438, 46.890742]
					],
					[
						[6.195791, 47.972704],
						[6.19614, 47.972585]
					],
					[
						[5.403712, 47.22681],
						[5.403872, 47.227184],
						[5.404202, 47.227691],
						[5.404264, 47.228253],
						[5.403901, 47.22962],
						[5.403823, 47.22979],
						[5.403322, 47.230322],
						[5.403233, 47.230504],
						[5.403311, 47.231302],
						[5.403482, 47.232051],
						[5.40342, 47.232145]
					],
					[
						[5.403677, 47.226728],
						[5.403712, 47.22681]
					],
					[
						[6.178853, 48.743297],
						[6.178821, 48.743294]
					],
					[
						[6.080633, 49.068838],
						[6.080674, 49.06876]
					],
					[
						[6.080674, 49.06876],
						[6.080953, 49.068611]
					],
					[
						[6.082549, 49.070305],
						[6.082312, 49.070063]
					],
					[
						[6.081429, 49.06947],
						[6.081179, 49.069225],
						[6.080664, 49.068909],
						[6.080633, 49.068838]
					],
					[
						[6.080953, 49.068611],
						[6.081035, 49.068524]
					],
					[
						[6.094133, 49.08688],
						[6.093192, 49.085958],
						[6.092595, 49.084913],
						[6.09228, 49.08382],
						[6.092092, 49.082272],
						[6.092111, 49.081799],
						[6.092046, 49.081645],
						[6.091703, 49.081492],
						[6.091506, 49.081474],
						[6.091095, 49.081526],
						[6.090715, 49.081695],
						[6.090642, 49.081707],
						[6.090527, 49.081651],
						[6.090597, 49.081279],
						[6.091243, 49.079967],
						[6.091867, 49.077652],
						[6.092107, 49.077219],
						[6.092069, 49.077144],
						[6.091692, 49.076957],
						[6.091488, 49.076119],
						[6.09126, 49.075717],
						[6.090716, 49.075072],
						[6.089492, 49.074335],
						[6.088926, 49.074073],
						[6.0853, 49.072863],
						[6.084088, 49.072277],
						[6.083282, 49.071467],
						[6.083098, 49.070807],
						[6.082688, 49.070408]
					],
					[
						[6.081978, 49.069733],
						[6.081429, 49.06947]
					],
					[
						[6.044226, 47.694204],
						[6.044326, 47.695299],
						[6.044319, 47.696492]
					],
					[
						[5.56971, 47.447113],
						[5.569492, 47.447153],
						[5.567883, 47.447129],
						[5.56553, 47.446983]
					],
					[
						[5.458746, 47.330513],
						[5.460114, 47.331186]
					],
					[
						[5.455335, 47.327291],
						[5.45395, 47.326949],
						[5.451473, 47.326493],
						[5.436424, 47.323854],
						[5.434968, 47.323669],
						[5.434532, 47.323719]
					],
					[
						[5.455335, 47.327291],
						[5.454995, 47.327776]
					],
					[
						[5.383925, 47.115826],
						[5.383322, 47.116032],
						[5.382687, 47.116358]
					],
					[
						[5.356205, 47.083946],
						[5.343405, 47.086195],
						[5.342876, 47.086218],
						[5.34246, 47.086348],
						[5.338245, 47.087038],
						[5.337527, 47.087222],
						[5.3359, 47.087928],
						[5.335305, 47.088107],
						[5.334583, 47.088184],
						[5.329732, 47.0884],
						[5.329139, 47.088512],
						[5.328757, 47.088672],
						[5.328552, 47.088803],
						[5.328284, 47.089084],
						[5.327919, 47.0898],
						[5.327103, 47.090963],
						[5.325864, 47.091969],
						[5.325198, 47.092958],
						[5.325136, 47.09323],
						[5.325162, 47.093819],
						[5.325298, 47.095129],
						[5.325497, 47.096282],
						[5.325471, 47.096425],
						[5.325316, 47.096615],
						[5.32491, 47.096803],
						[5.324627, 47.096838],
						[5.323706, 47.096745],
						[5.32287, 47.096937],
						[5.321632, 47.09733],
						[5.320731, 47.097799],
						[5.320309, 47.098121],
						[5.320096, 47.098392],
						[5.319935, 47.099373],
						[5.319813, 47.099567],
						[5.319528, 47.099766],
						[5.318937, 47.100031],
						[5.317724, 47.100768],
						[5.317562, 47.100816],
						[5.317421, 47.100952],
						[5.316929, 47.101248],
						[5.316601, 47.101748],
						[5.316638, 47.102496],
						[5.316522, 47.1032],
						[5.315976, 47.104981],
						[5.315772, 47.10599],
						[5.315563, 47.106436],
						[5.315141, 47.106992],
						[5.314693, 47.107331],
						[5.314282, 47.107525],
						[5.313909, 47.107626],
						[5.313482, 47.107848]
					],
					[
						[5.356205, 47.083946],
						[5.356942, 47.084909]
					],
					[
						[5.027253, 46.894556],
						[5.026955, 46.894513]
					],
					[
						[5.083468, 46.903792],
						[5.082808, 46.903027],
						[5.082185, 46.902429],
						[5.081622, 46.901976],
						[5.080565, 46.901287],
						[5.079257, 46.900707],
						[5.076181, 46.899125],
						[5.075747, 46.899084],
						[5.075442, 46.899095],
						[5.075257, 46.899153]
					],
					[
						[5.02932, 46.89604],
						[5.029201, 46.896121],
						[5.028077, 46.896399],
						[5.028022, 46.896452]
					],
					[
						[5.027253, 46.894556],
						[5.027156, 46.894681],
						[5.027151, 46.894814],
						[5.027282, 46.895694],
						[5.027395, 46.895873],
						[5.027785, 46.896177]
					],
					[
						[4.971527, 46.897684],
						[4.97082, 46.900876]
					],
					[
						[4.97082, 46.900876],
						[4.972157, 46.901236],
						[4.972889, 46.901485],
						[4.9763, 46.902237],
						[4.97703, 46.902496]
					],
					[
						[4.933215, 46.823095],
						[4.932498, 46.823393],
						[4.932059, 46.823647],
						[4.930595, 46.824802]
					],
					[
						[4.953917, 46.86409],
						[4.953914, 46.86471],
						[4.954041, 46.865383],
						[4.954661, 46.866427],
						[4.955065, 46.866783],
						[4.957052, 46.867984]
					],
					[
						[4.895487, 46.814848],
						[4.894839, 46.814934],
						[4.893738, 46.814928],
						[4.89289, 46.814994],
						[4.891691, 46.815326]
					],
					[
						[5.313378, 47.107811],
						[5.313319, 47.107745]
					],
					[
						[5.313319, 47.107745],
						[5.312967, 47.10747],
						[5.312274, 47.107638],
						[5.311897, 47.107609],
						[5.310144, 47.107271],
						[5.309031, 47.107149],
						[5.30648, 47.106689],
						[5.305194, 47.106247],
						[5.303544, 47.105485],
						[5.303015, 47.105132],
						[5.301749, 47.103747],
						[5.300485, 47.102742],
						[5.299691, 47.102244],
						[5.298965, 47.101929],
						[5.298071, 47.101618],
						[5.297683, 47.101528],
						[5.297168, 47.101437],
						[5.295474, 47.101447],
						[5.294753, 47.101399],
						[5.293001, 47.101493],
						[5.291251, 47.101638],
						[5.286779, 47.102212],
						[5.286322, 47.102235],
						[5.283908, 47.102088],
						[5.281053, 47.101681]
					],
					[
						[4.868566, 46.796918],
						[4.868488, 46.798349],
						[4.868288, 46.798918],
						[4.867931, 46.799532],
						[4.867198, 46.800242],
						[4.865324, 46.801514]
					],
					[
						[4.868437, 46.79692],
						[4.868301, 46.794779],
						[4.868142, 46.794342],
						[4.867687, 46.793684],
						[4.867585, 46.793382],
						[4.867457, 46.791669]
					],
					[
						[5.660027, 47.493455],
						[5.659075, 47.494204],
						[5.656865, 47.495563],
						[5.65357, 47.497352],
						[5.653153, 47.497859],
						[5.653033, 47.498219],
						[5.652881, 47.499158],
						[5.652849, 47.499569],
						[5.653046, 47.500436],
						[5.653901, 47.501999],
						[5.654506, 47.503038],
						[5.657409, 47.506702],
						[5.658222, 47.508253],
						[5.659238, 47.509897],
						[5.659693, 47.510882],
						[5.659597, 47.515212],
						[5.659669, 47.515963],
						[5.659441, 47.522121],
						[5.659132, 47.523315],
						[5.658295, 47.524398],
						[5.656458, 47.526217],
						[5.654758, 47.527694],
						[5.653968, 47.528509],
						[5.653798, 47.528765],
						[5.653684, 47.529007],
						[5.653703, 47.529105],
						[5.654264, 47.530325],
						[5.654893, 47.531224],
						[5.655582, 47.532096],
						[5.65694, 47.533361],
						[5.658182, 47.534102],
						[5.659332, 47.534564],
						[5.660031, 47.534635],
						[5.663115, 47.534302],
						[5.664736, 47.534377],
						[5.66752, 47.535278],
						[5.669869, 47.535778],
						[5.671371, 47.535908],
						[5.672875, 47.535939],
						[5.674331, 47.53593],
						[5.677473, 47.535735],
						[5.680138, 47.535504],
						[5.680935, 47.535355],
						[5.682028, 47.534982],
						[5.682838, 47.534589],
						[5.683848, 47.534001],
						[5.684636, 47.533366],
						[5.685454, 47.53298],
						[5.687453, 47.531555],
						[5.688408, 47.531201]
					],
					[
						[5.669674, 47.487176],
						[5.669641, 47.487255]
					],
					[
						[5.971481, 47.664846],
						[5.971407, 47.66494],
						[5.971285, 47.664895]
					],
					[
						[6.058267, 48.898304],
						[6.058813, 48.898666]
					],
					[
						[6.041524, 49.006891],
						[6.041909, 49.007005],
						[6.042784, 49.007467],
						[6.04349, 49.007964],
						[6.043727, 49.008001]
					],
					[
						[6.30329, 48.167978],
						[6.303162, 48.168043]
					],
					[
						[6.441562, 48.208173],
						[6.440953, 48.208231],
						[6.440693, 48.208307],
						[6.440323, 48.208472],
						[6.439908, 48.208765],
						[6.439748, 48.208823],
						[6.43905, 48.208765]
					],
					[
						[6.418851, 48.194525],
						[6.419001, 48.194469]
					],
					[
						[6.178396, 49.295441],
						[6.17812, 49.295744],
						[6.177465, 49.296086],
						[6.176022, 49.29679],
						[6.175486, 49.29694],
						[6.174756, 49.297409],
						[6.172798, 49.298196],
						[6.172348, 49.298322],
						[6.171693, 49.298679],
						[6.171334, 49.299007],
						[6.170996, 49.299172]
					],
					[
						[5.383337, 47.193855],
						[5.383158, 47.193438],
						[5.382575, 47.192649],
						[5.382571, 47.192501],
						[5.381319, 47.190654],
						[5.381216, 47.190527],
						[5.38096, 47.190376],
						[5.381003, 47.190193],
						[5.380953, 47.190075],
						[5.380262, 47.189348],
						[5.379824, 47.189102]
					],
					[
						[6.029845, 48.983258],
						[6.029519, 48.983158],
						[6.028729, 48.981524]
					],
					[
						[6.030365, 48.983335],
						[6.030041, 48.983281]
					],
					[
						[6.193594, 48.692029],
						[6.194117, 48.692146]
					],
					[
						[6.198085, 48.684427],
						[6.199709, 48.681274],
						[6.199654, 48.68117],
						[6.199322, 48.681078],
						[6.199273, 48.681027],
						[6.199798, 48.679955]
					],
					[
						[6.192593, 48.694301],
						[6.19274, 48.694104],
						[6.19233, 48.693874]
					],
					[
						[6.192156, 48.694131],
						[6.192593, 48.694301]
					],
					[
						[6.203347, 49.386282],
						[6.203934, 49.386594],
						[6.205006, 49.387519],
						[6.20609, 49.388259],
						[6.207581, 49.388881],
						[6.208922, 49.389265],
						[6.209459, 49.389342],
						[6.210961, 49.389516],
						[6.211465, 49.389544],
						[6.212291, 49.389516],
						[6.213182, 49.389362],
						[6.217302, 49.388245],
						[6.218031, 49.388098],
						[6.224865, 49.387693],
						[6.225681, 49.3877],
						[6.226378, 49.387735],
						[6.226968, 49.387819],
						[6.227505, 49.387931],
						[6.229264, 49.388427],
						[6.232247, 49.389439],
						[6.232576, 49.389703]
					],
					[
						[6.203306, 49.386172],
						[6.203347, 49.386282]
					],
					[
						[6.255774, 49.400661],
						[6.255887, 49.40066]
					],
					[
						[6.255887, 49.40066],
						[6.256402, 49.400688]
					],
					[
						[6.265049, 49.397799],
						[6.265248, 49.3979],
						[6.267383, 49.39843],
						[6.267487, 49.398568]
					],
					[
						[4.945523, 46.678291],
						[4.945965, 46.677198],
						[4.947263, 46.672363]
					],
					[
						[4.937055, 46.699078],
						[4.938191, 46.697986],
						[4.940702, 46.6952],
						[4.941274, 46.694215]
					],
					[
						[4.947963, 46.668242],
						[4.947988, 46.668013],
						[4.947885, 46.667631],
						[4.948403, 46.663419],
						[4.950591, 46.659841],
						[4.951607, 46.65805]
					],
					[
						[4.936279, 46.70101],
						[4.936496, 46.70091],
						[4.936566, 46.700797],
						[4.936544, 46.700412],
						[4.936601, 46.700111],
						[4.936858, 46.69947]
					],
					[
						[4.945349, 46.623034],
						[4.94364, 46.621102],
						[4.943164, 46.620036],
						[4.942763, 46.61903],
						[4.941963, 46.616599],
						[4.941353, 46.613542],
						[4.940789, 46.612553],
						[4.940054, 46.611572],
						[4.93891, 46.610195],
						[4.938767, 46.60985],
						[4.938395, 46.609516],
						[4.936836, 46.607794],
						[4.936407, 46.607476],
						[4.931441, 46.602894]
					],
					[
						[4.929533, 46.600603],
						[4.928398, 46.599304]
					],
					[
						[4.931453, 46.709986],
						[4.93249, 46.709016],
						[4.933458, 46.707534],
						[4.9339, 46.706313],
						[4.933949, 46.70594],
						[4.9344, 46.70479],
						[4.934633, 46.703616],
						[4.934993, 46.703145],
						[4.935316, 46.702295],
						[4.93586, 46.701339],
						[4.936117, 46.701087],
						[4.936279, 46.70101]
					],
					[
						[4.947263, 46.672363],
						[4.947711, 46.669026],
						[4.947864, 46.668388],
						[4.947963, 46.668242]
					],
					[
						[6.058568, 48.899542],
						[6.058718, 48.899632],
						[6.058743, 48.899701]
					],
					[
						[5.971627, 47.664444],
						[5.971529, 47.664716]
					],
					[
						[6.267487, 49.398568],
						[6.267429, 49.398743],
						[6.267069, 49.399256]
					],
					[
						[6.051225, 48.908276],
						[6.052352, 48.907349],
						[6.052999, 48.906983],
						[6.055905, 48.904266],
						[6.056298, 48.903989]
					],
					[
						[6.076944, 49.063403],
						[6.074957, 49.062936],
						[6.073298, 49.062121],
						[6.071847, 49.061307],
						[6.071037, 49.061047],
						[6.070059, 49.060828],
						[6.067417, 49.059765],
						[6.067075, 49.059548],
						[6.066614, 49.059089],
						[6.066174, 49.058917],
						[6.065911, 49.058714],
						[6.065818, 49.058635],
						[6.065741, 49.05841],
						[6.065217, 49.058075],
						[6.064979, 49.057822]
					],
					[
						[5.404606, 47.271994],
						[5.404812, 47.272084]
					],
					[
						[6.164496, 49.345312],
						[6.164919, 49.345019],
						[6.165147, 49.344666]
					],
					[
						[6.029252, 48.977621],
						[6.02957, 48.977832],
						[6.029839, 48.977786],
						[6.030064, 48.977513],
						[6.030155, 48.97711]
					],
					[
						[6.030321, 48.977049],
						[6.030377, 48.977044]
					],
					[
						[6.413629, 48.193079],
						[6.412464, 48.193228],
						[6.41202, 48.193246],
						[6.411789, 48.193198],
						[6.410928, 48.192841]
					],
					[
						[4.906238, 46.749033],
						[4.912175, 46.746567]
					],
					[
						[4.913745, 46.745919],
						[4.915293, 46.745272]
					],
					[
						[4.901261, 46.755137],
						[4.901004, 46.754817]
					],
					[
						[4.901261, 46.755137],
						[4.900961, 46.756056],
						[4.900823, 46.756872],
						[4.900821, 46.757682],
						[4.900945, 46.75894]
					],
					[
						[6.264341, 49.398935],
						[6.26471, 49.398972],
						[6.266638, 49.39959],
						[6.266833, 49.399556],
						[6.266944, 49.399428]
					],
					[
						[6.190165, 49.267924],
						[6.190042, 49.267745],
						[6.18767, 49.265885],
						[6.186773, 49.265301],
						[6.185958, 49.264989],
						[6.183693, 49.264374],
						[6.183419, 49.264217]
					],
					[
						[6.193479, 49.270272],
						[6.194005, 49.269853],
						[6.194757, 49.269432]
					],
					[
						[6.183271, 49.264325],
						[6.183419, 49.264217]
					],
					[
						[6.001469, 47.786295],
						[6.001359, 47.786634],
						[6.000785, 47.787373],
						[6.000182, 47.787802]
					],
					[
						[6.001494, 47.786188],
						[6.001469, 47.786295]
					],
					[
						[6.293062, 49.424555],
						[6.293348, 49.424519],
						[6.293551, 49.42468],
						[6.29367, 49.425636],
						[6.293884, 49.426124]
					],
					[
						[5.418385, 47.304815],
						[5.418356, 47.304713]
					],
					[
						[5.418356, 47.304713],
						[5.418219, 47.304196]
					],
					[
						[6.040967, 49.006898],
						[6.041355, 49.006895]
					],
					[
						[6.041355, 49.006895],
						[6.041524, 49.006891]
					],
					[
						[4.807986, 45.77847],
						[4.808399, 45.779243],
						[4.809103, 45.780347]
					],
					[
						[4.808694, 45.774739],
						[4.808594, 45.774858]
					],
					[
						[4.80922, 45.774004],
						[4.808694, 45.774739]
					],
					[
						[4.80966, 45.773497],
						[4.809532, 45.773614]
					],
					[
						[4.834952, 46.304164],
						[4.835674, 46.305008]
					],
					[
						[4.835832, 46.305168],
						[4.836024, 46.305397]
					],
					[
						[4.835674, 46.305008],
						[4.835832, 46.305168]
					],
					[
						[5.024527, 46.896701],
						[5.024217, 46.896828],
						[5.024186, 46.896892]
					],
					[
						[5.1452, 46.996638],
						[5.147347, 46.993874],
						[5.147466, 46.993222],
						[5.147443, 46.992959],
						[5.146986, 46.992068]
					],
					[
						[4.836981, 46.307012],
						[4.837075, 46.307251]
					],
					[
						[4.837075, 46.307251],
						[4.837034, 46.30727],
						[4.837202, 46.307746]
					],
					[
						[4.829539, 45.763311],
						[4.829439, 45.763463],
						[4.829403, 45.764488],
						[4.829167, 45.764805],
						[4.829121, 45.76548],
						[4.828863, 45.766267]
					],
					[
						[6.041499, 47.732995],
						[6.041326, 47.732991],
						[6.039101, 47.733529],
						[6.038538, 47.73377],
						[6.037835, 47.73429],
						[6.037581, 47.734377],
						[6.034497, 47.735244],
						[6.033873, 47.735331],
						[6.033195, 47.735357],
						[6.032874, 47.735752],
						[6.032476, 47.736027],
						[6.032041, 47.736061],
						[6.030892, 47.735942],
						[6.028849, 47.736193],
						[6.027831, 47.736428],
						[6.027421, 47.736736],
						[6.025365, 47.739302],
						[6.025118, 47.739439],
						[6.024586, 47.739613],
						[6.023228, 47.74005],
						[6.022326, 47.74029],
						[6.022525, 47.740522],
						[6.023051, 47.741402],
						[6.02338, 47.741621],
						[6.024087, 47.741847],
						[6.024794, 47.742197],
						[6.025561, 47.743069],
						[6.026461, 47.743676],
						[6.02779, 47.744795],
						[6.028541, 47.744997],
						[6.029319, 47.745138],
						[6.028912, 47.746377],
						[6.028986, 47.747867],
						[6.029293, 47.749907],
						[6.029257, 47.750707],
						[6.02904, 47.751413],
						[6.029221, 47.7521],
						[6.029052, 47.752572],
						[6.027787, 47.753629],
						[6.027576, 47.753888]
					],
					[
						[6.025561, 47.774429],
						[6.025662, 47.774363]
					],
					[
						[6.025662, 47.774363],
						[6.026998, 47.773425],
						[6.027769, 47.772995]
					],
					[
						[5.915889, 47.626593],
						[5.915946, 47.626631]
					],
					[
						[5.915946, 47.626631],
						[5.916246, 47.626901],
						[5.916479, 47.627209],
						[5.916999, 47.62839],
						[5.917351, 47.629562],
						[5.917493, 47.630824],
						[5.917308, 47.632003],
						[5.917123, 47.632709]
					],
					[
						[4.834727, 46.303898],
						[4.834952, 46.304164]
					],
					[
						[4.879623, 46.815594],
						[4.880371, 46.815871],
						[4.880547, 46.815895]
					],
					[
						[4.880788, 46.815519],
						[4.881223, 46.814592]
					],
					[
						[4.880547, 46.815895],
						[4.880788, 46.815519]
					],
					[
						[6.199769, 48.679819],
						[6.200296, 48.679156],
						[6.201043, 48.67852],
						[6.201128, 48.678226],
						[6.201383, 48.677947],
						[6.201605, 48.677537],
						[6.202032, 48.676463]
					],
					[
						[6.202624, 48.67543],
						[6.202549, 48.675623]
					],
					[
						[6.203323, 48.675558],
						[6.20362, 48.675449],
						[6.203328, 48.675276],
						[6.203247, 48.67517]
					],
					[
						[5.242155, 47.081375],
						[5.241972, 47.081376]
					],
					[
						[5.241972, 47.081376],
						[5.241183, 47.081342],
						[5.240315, 47.081363],
						[5.239721, 47.081473],
						[5.23898, 47.081713],
						[5.238329, 47.082013],
						[5.236096, 47.083339],
						[5.23482, 47.08446],
						[5.232974, 47.085459],
						[5.232417, 47.085586],
						[5.231238, 47.08552],
						[5.230683, 47.085379],
						[5.230151, 47.085081],
						[5.227305, 47.082339],
						[5.224389, 47.080664],
						[5.223839, 47.080407],
						[5.222083, 47.079779],
						[5.220916, 47.079481],
						[5.219693, 47.079243],
						[5.218483, 47.079107],
						[5.216214, 47.079057],
						[5.215106, 47.078991],
						[5.214016, 47.078712],
						[5.21362, 47.07856],
						[5.212535, 47.077909],
						[5.210504, 47.07654],
						[5.208359, 47.075809],
						[5.207184, 47.075041],
						[5.20456, 47.07238],
						[5.203686, 47.071563],
						[5.19958, 47.067293],
						[5.197369, 47.064887],
						[5.196631, 47.064239],
						[5.191423, 47.05886],
						[5.187396, 47.054903],
						[5.187185, 47.054612]
					],
					[
						[6.22733, 48.656663],
						[6.228234, 48.657144],
						[6.228539, 48.657378],
						[6.228862, 48.657723]
					],
					[
						[6.204384, 48.619475],
						[6.204344, 48.619499]
					],
					[
						[5.022458, 46.898648],
						[5.023139, 46.89811]
					],
					[
						[5.024034, 46.895041],
						[5.023937, 46.894759]
					],
					[
						[5.024267, 46.895588],
						[5.024127, 46.895311]
					],
					[
						[5.987146, 47.809887],
						[5.987162, 47.810085],
						[5.987063, 47.810249]
					],
					[
						[5.976658, 47.889719],
						[5.978011, 47.889921],
						[5.979963, 47.889993]
					],
					[
						[5.971601, 47.82057],
						[5.972481, 47.820738],
						[5.972925, 47.82097],
						[5.97309, 47.821005],
						[5.974435, 47.820971],
						[5.974765, 47.820888]
					],
					[
						[5.980986, 47.818032],
						[5.981339, 47.817751],
						[5.982672, 47.816057],
						[5.983068, 47.815055],
						[5.983368, 47.814768],
						[5.983593, 47.814632],
						[5.983887, 47.81463]
					],
					[
						[6.121665, 47.958976],
						[6.120998, 47.959125],
						[6.118961, 47.959459],
						[6.118095, 47.959557],
						[6.116293, 47.959607],
						[6.112465, 47.959483],
						[6.10833, 47.958883],
						[6.107447, 47.958849],
						[6.106115, 47.958966],
						[6.103277, 47.959349],
						[6.098649, 47.960704],
						[6.097371, 47.96091],
						[6.095642, 47.961115],
						[6.092882, 47.961419],
						[6.090637, 47.9616],
						[6.088717, 47.961582],
						[6.085626, 47.961355],
						[6.084805, 47.961242],
						[6.083532, 47.960929],
						[6.08245, 47.960423],
						[6.082087, 47.960186],
						[6.0816, 47.959744],
						[6.077789, 47.956045],
						[6.077093, 47.95566],
						[6.076416, 47.955417],
						[6.075655, 47.955283],
						[6.069591, 47.954908],
						[6.067549, 47.954597],
						[6.0665, 47.954335],
						[6.060017, 47.952188],
						[6.058346, 47.951821],
						[6.056933, 47.951673],
						[6.054878, 47.951628],
						[6.054462, 47.951669],
						[6.054112, 47.951768],
						[6.051677, 47.952052],
						[6.0514, 47.952039],
						[6.050908, 47.951999],
						[6.047825, 47.951202],
						[6.04741, 47.95101],
						[6.046953, 47.95071],
						[6.046608, 47.950364],
						[6.046461, 47.949981],
						[6.04581, 47.947266],
						[6.04568, 47.946207],
						[6.045708, 47.945115],
						[6.046517, 47.940092],
						[6.046439, 47.939474],
						[6.046056, 47.938746],
						[6.041913, 47.934823],
						[6.041461, 47.934472],
						[6.040972, 47.93419],
						[6.040343, 47.93394],
						[6.039726, 47.933773],
						[6.036705, 47.933344],
						[6.035797, 47.933152],
						[6.035303, 47.933001],
						[6.033527, 47.932264],
						[6.029879, 47.930523]
					],
					[
						[5.979907, 47.890673],
						[5.979977, 47.890865],
						[5.980842, 47.891402]
					],
					[
						[6.198449, 48.700768],
						[6.195735, 48.702025]
					],
					[
						[5.446074, 47.264904],
						[5.44273, 47.264037],
						[5.440938, 47.263402],
						[5.440574, 47.263339],
						[5.438563, 47.263224],
						[5.437672, 47.263226],
						[5.43727, 47.263348],
						[5.435835, 47.264099],
						[5.434534, 47.264636],
						[5.431445, 47.266256],
						[5.431115, 47.266507],
						[5.430543, 47.267309],
						[5.430327, 47.267454],
						[5.409828, 47.27032],
						[5.407113, 47.2706],
						[5.406296, 47.270791],
						[5.405879, 47.270946],
						[5.405575, 47.271119],
						[5.404764, 47.271888]
					],
					[
						[5.404764, 47.271888],
						[5.404606, 47.271994]
					],
					[
						[5.445978, 47.241456],
						[5.445957, 47.241379]
					],
					[
						[5.445957, 47.241379],
						[5.445602, 47.240899],
						[5.445179, 47.240107],
						[5.444987, 47.239898],
						[5.444331, 47.239509],
						[5.443637, 47.239014],
						[5.442677, 47.237902],
						[5.442176, 47.237463],
						[5.442057, 47.237179],
						[5.442074, 47.236889],
						[5.442227, 47.236589],
						[5.442497, 47.236329],
						[5.447025, 47.23305],
						[5.447515, 47.23283],
						[5.44855, 47.232644]
					],
					[
						[5.4474, 47.230924],
						[5.446074, 47.230284],
						[5.445591, 47.230244]
					],
					[
						[5.420003, 47.238062],
						[5.421042, 47.237532],
						[5.435155, 47.234191],
						[5.435579, 47.233971],
						[5.436944, 47.232985],
						[5.440759, 47.231465]
					],
					[
						[5.419894, 47.238124],
						[5.420003, 47.238062]
					],
					[
						[5.408636, 47.245169],
						[5.409048, 47.245162],
						[5.410611, 47.244925],
						[5.410794, 47.244887],
						[5.410984, 47.244765],
						[5.411255, 47.24081],
						[5.411344, 47.240678],
						[5.411615, 47.240601],
						[5.412965, 47.240424],
						[5.414438, 47.240304],
						[5.415569, 47.240002],
						[5.41632, 47.239718],
						[5.417187, 47.239221],
						[5.418603, 47.238733],
						[5.419894, 47.238124]
					],
					[
						[5.408636, 47.245169],
						[5.408282, 47.244968],
						[5.408035, 47.244736],
						[5.407415, 47.243682]
					],
					[
						[6.20061, 47.974666],
						[6.200803, 47.974789]
					],
					[
						[6.196505, 47.972655],
						[6.197159, 47.973284]
					],
					[
						[6.200504, 47.975571],
						[6.200401, 47.975436]
					],
					[
						[4.907864, 46.81857],
						[4.908005, 46.818582]
					],
					[
						[4.908005, 46.818582],
						[4.908075, 46.818566],
						[4.908773, 46.818814],
						[4.910745, 46.819618],
						[4.910845, 46.819621]
					],
					[
						[6.03812, 48.956623],
						[6.038284, 48.956049],
						[6.038749, 48.955301],
						[6.038742, 48.955147]
					],
					[
						[4.957052, 46.867984],
						[4.95712, 46.868022]
					],
					[
						[4.95712, 46.868022],
						[4.959797, 46.869148],
						[4.960038, 46.869715],
						[4.960273, 46.870041],
						[4.960504, 46.870186],
						[4.960658, 46.870468],
						[4.960771, 46.870558],
						[4.960936, 46.870577],
						[4.961799, 46.870123],
						[4.962329, 46.869896],
						[4.962468, 46.869905],
						[4.963323, 46.870745],
						[4.96363, 46.871229],
						[4.963732, 46.871631],
						[4.963677, 46.872288],
						[4.963336, 46.872827],
						[4.962851, 46.873419],
						[4.962417, 46.873799],
						[4.960389, 46.8749],
						[4.959186, 46.875657],
						[4.955774, 46.877377],
						[4.954785, 46.878021],
						[4.95448, 46.878367],
						[4.953497, 46.879094],
						[4.952528, 46.879677]
					],
					[
						[4.930595, 46.824802],
						[4.930516, 46.824872]
					],
					[
						[4.930516, 46.824872],
						[4.928645, 46.826366]
					],
					[
						[6.164394, 49.124964],
						[6.164747, 49.125268]
					],
					[
						[6.164518, 49.12542],
						[6.164702, 49.125299]
					],
					[
						[6.203159, 47.977326],
						[6.202534, 47.977167],
						[6.202081, 47.976952]
					],
					[
						[6.368952, 48.178202],
						[6.368396, 48.178153],
						[6.367926, 48.178047],
						[6.367316, 48.177817],
						[6.36673, 48.177426],
						[6.365706, 48.176353],
						[6.36542, 48.17613],
						[6.364771, 48.175789],
						[6.364031, 48.175572],
						[6.363528, 48.175505],
						[6.361856, 48.175487],
						[6.360868, 48.175618],
						[6.357298, 48.176297],
						[6.356994, 48.176307],
						[6.356446, 48.176241],
						[6.355852, 48.176061],
						[6.355302, 48.175718],
						[6.354963, 48.175258],
						[6.354927, 48.174914],
						[6.355109, 48.17399],
						[6.355407, 48.173085],
						[6.355893, 48.171166],
						[6.355825, 48.170945],
						[6.354399, 48.170016],
						[6.353763, 48.169767],
						[6.352991, 48.169674],
						[6.35263, 48.169702],
						[6.352205, 48.169809],
						[6.351572, 48.170089]
					],
					[
						[5.175998, 47.063237],
						[5.184925, 47.064568],
						[5.186413, 47.064541],
						[5.187832, 47.064436],
						[5.189008, 47.064275],
						[5.191502, 47.063764],
						[5.193543, 47.063648],
						[5.194244, 47.063637],
						[5.194923, 47.063681]
					],
					[
						[6.27657, 48.065582],
						[6.275748, 48.065243],
						[6.27543, 48.065003],
						[6.275185, 48.064662],
						[6.274925, 48.063943],
						[6.274883, 48.063465],
						[6.275196, 48.060967],
						[6.275198, 48.060553],
						[6.273592, 48.053499],
						[6.273462, 48.052491],
						[6.273433, 48.051708],
						[6.273503, 48.051205],
						[6.273727, 48.0505]
					],
					[
						[6.182679, 49.217778],
						[6.182614, 49.217317],
						[6.182409, 49.21673],
						[6.181576, 49.209309],
						[6.181357, 49.207878],
						[6.181214, 49.20603],
						[6.1814, 49.20602],
						[6.181338, 49.205276],
						[6.181124, 49.203805],
						[6.18079, 49.202614],
						[6.180651, 49.201653],
						[6.180802, 49.201634],
						[6.180687, 49.200974],
						[6.180726, 49.200833],
						[6.18097, 49.200614],
						[6.181641, 49.20046],
						[6.181793, 49.200389],
						[6.183063, 49.200234],
						[6.183084, 49.200102],
						[6.183199, 49.200061],
						[6.184392, 49.200107],
						[6.184493, 49.200022],
						[6.184676, 49.199614],
						[6.184847, 49.199543]
					],
					[
						[4.910882, 46.819446],
						[4.910845, 46.819621]
					],
					[
						[4.815951, 45.73213],
						[4.816691, 45.731802]
					],
					[
						[5.172153, 47.063174],
						[5.172213, 47.06339],
						[5.172837, 47.064146]
					],
					[
						[4.861848, 46.80606],
						[4.861865, 46.805861],
						[4.861518, 46.804977],
						[4.861399, 46.804068],
						[4.861426, 46.803517]
					],
					[
						[4.889305, 46.814112],
						[4.88892, 46.814368]
					],
					[
						[4.88892, 46.814368],
						[4.888734, 46.814586]
					],
					[
						[4.781587, 46.186691],
						[4.781794, 46.185586],
						[4.781922, 46.184064],
						[4.78231, 46.177163],
						[4.78254, 46.175679],
						[4.782988, 46.173758],
						[4.78328, 46.172973],
						[4.783827, 46.172004]
					],
					[
						[4.781561, 46.186912],
						[4.781587, 46.186691]
					],
					[
						[4.914218, 46.468505],
						[4.914206, 46.468415]
					],
					[
						[4.914206, 46.468415],
						[4.914161, 46.467939],
						[4.914027, 46.46761],
						[4.913841, 46.46736]
					],
					[
						[4.834089, 46.297039],
						[4.834286, 46.296979]
					],
					[
						[6.171361, 48.73234],
						[6.171468, 48.732319],
						[6.172735, 48.731529],
						[6.173528, 48.730907],
						[6.174228, 48.730185],
						[6.174644, 48.729545],
						[6.174808, 48.729125]
					],
					[
						[6.174712, 48.722133],
						[6.174873, 48.721704],
						[6.174923, 48.721172],
						[6.174825, 48.720345],
						[6.17438, 48.719631],
						[6.173572, 48.718764]
					],
					[
						[6.174808, 48.729125],
						[6.174987, 48.728129],
						[6.174921, 48.727455],
						[6.174026, 48.725219]
					],
					[
						[6.183897, 48.702064],
						[6.186121, 48.701923]
					],
					[
						[6.169918, 48.704851],
						[6.170496, 48.704613]
					],
					[
						[6.182723, 48.702179],
						[6.182932, 48.702354],
						[6.183237, 48.702246]
					],
					[
						[6.188735, 48.69987],
						[6.189191, 48.699264]
					],
					[
						[6.186909, 48.701751],
						[6.187314, 48.701567],
						[6.187654, 48.701345],
						[6.188086, 48.70085]
					],
					[
						[4.952939, 46.651661],
						[4.952945, 46.651533]
					],
					[
						[4.952945, 46.651533],
						[4.953215, 46.65044]
					],
					[
						[4.928398, 46.599304],
						[4.928344, 46.599198]
					],
					[
						[4.931441, 46.602894],
						[4.931257, 46.602697]
					],
					[
						[4.928344, 46.599198],
						[4.92834, 46.598748],
						[4.928077, 46.598062],
						[4.92729, 46.596957],
						[4.926729, 46.595962],
						[4.926412, 46.595563],
						[4.925362, 46.594586],
						[4.924774, 46.594162],
						[4.922961, 46.5924],
						[4.921458, 46.591152],
						[4.920639, 46.590531],
						[4.919275, 46.589786],
						[4.918666, 46.589366],
						[4.915823, 46.586626],
						[4.915433, 46.586142],
						[4.914989, 46.585446],
						[4.914715, 46.585169]
					],
					[
						[4.931257, 46.602697],
						[4.930783, 46.602232],
						[4.929533, 46.600603]
					],
					[
						[5.147945, 47.042648],
						[5.148186, 47.042114],
						[5.148585, 47.040528],
						[5.148766, 47.040025],
						[5.149141, 47.039356],
						[5.149286, 47.039186],
						[5.14945, 47.03909]
					],
					[
						[5.121138, 46.961126],
						[5.120912, 46.960904]
					],
					[
						[4.865214, 46.801461],
						[4.867313, 46.800063],
						[4.867785, 46.799586],
						[4.868199, 46.798903],
						[4.868368, 46.798449],
						[4.868459, 46.797747],
						[4.868437, 46.79692]
					],
					[
						[4.867591, 46.786205],
						[4.866821, 46.786895],
						[4.867072, 46.787193]
					],
					[
						[4.867794, 46.785716],
						[4.868284, 46.785514]
					],
					[
						[4.884899, 46.812836],
						[4.883764, 46.81384],
						[4.883562, 46.814652]
					],
					[
						[5.59479, 47.448164],
						[5.595154, 47.44798]
					],
					[
						[5.59218, 47.448597],
						[5.591854, 47.448734]
					],
					[
						[5.591198, 47.448662],
						[5.591586, 47.448574]
					],
					[
						[5.591536, 47.448712],
						[5.591198, 47.448662]
					],
					[
						[5.595154, 47.44798],
						[5.595294, 47.44811]
					],
					[
						[5.595383, 47.448224],
						[5.595487, 47.448276]
					],
					[
						[5.591854, 47.448734],
						[5.591652, 47.448784]
					],
					[
						[5.365702, 47.123114],
						[5.363497, 47.124913],
						[5.363137, 47.125278]
					],
					[
						[5.378075, 47.118749],
						[5.377404, 47.118867],
						[5.376834, 47.118895],
						[5.376028, 47.118859],
						[5.374506, 47.118654],
						[5.372997, 47.11881],
						[5.372283, 47.118958],
						[5.37182, 47.119114],
						[5.370658, 47.11972],
						[5.370065, 47.120158]
					],
					[
						[6.251856, 49.395326],
						[6.251918, 49.395271],
						[6.25205, 49.395266],
						[6.252785, 49.395449],
						[6.253011, 49.395549]
					],
					[
						[6.253011, 49.395549],
						[6.253801, 49.3959],
						[6.25478, 49.396488],
						[6.25545, 49.397092],
						[6.256394, 49.398285],
						[6.256673, 49.398819],
						[6.256689, 49.398997],
						[6.256474, 49.399504],
						[6.256592, 49.399954],
						[6.256402, 49.400688]
					],
					[
						[5.023507, 46.899271],
						[5.021842, 46.900552]
					],
					[
						[4.865229, 46.788546],
						[4.864987, 46.788372],
						[4.865005, 46.788139],
						[4.865242, 46.787991],
						[4.865557, 46.787991],
						[4.865786, 46.788132],
						[4.865818, 46.788354],
						[4.865621, 46.788527],
						[4.865414, 46.788569],
						[4.865229, 46.788546]
					],
					[
						[5.094518, 46.93597],
						[5.094018, 46.934991],
						[5.093927, 46.934659],
						[5.093948, 46.934061],
						[5.094207, 46.932954],
						[5.094418, 46.931065],
						[5.094314, 46.930344],
						[5.093859, 46.929076],
						[5.093394, 46.927964],
						[5.092345, 46.926767],
						[5.091278, 46.92493],
						[5.090438, 46.923972],
						[5.089925, 46.923551]
					],
					[
						[5.11484, 46.945078],
						[5.110855, 46.944413],
						[5.108388, 46.943593],
						[5.106392, 46.943185],
						[5.104811, 46.942939],
						[5.103969, 46.942721],
						[5.100381, 46.94151],
						[5.097156, 46.939907]
					],
					[
						[5.147381, 47.020856],
						[5.147818, 47.020553]
					],
					[
						[5.147301, 47.020917],
						[5.147381, 47.020856]
					],
					[
						[5.148782, 47.01674],
						[5.14884, 47.016195],
						[5.149566, 47.015824],
						[5.150103, 47.01545],
						[5.150327, 47.015383]
					],
					[
						[5.261876, 47.09977],
						[5.26163, 47.098992],
						[5.26147, 47.098127],
						[5.259304, 47.089441]
					],
					[
						[4.844926, 46.321594],
						[4.84485, 46.321734],
						[4.844789, 46.322162],
						[4.844791, 46.322827],
						[4.84494, 46.325302],
						[4.844989, 46.325305]
					],
					[
						[4.830293, 46.2974],
						[4.830357, 46.297462],
						[4.830513, 46.297477]
					],
					[
						[4.830581, 46.298028],
						[4.83109, 46.299053]
					],
					[
						[5.44886, 47.255467],
						[5.4478, 47.253459],
						[5.447688, 47.252857],
						[5.447728, 47.25199],
						[5.447629, 47.251063],
						[5.447915, 47.250156],
						[5.44787, 47.24981],
						[5.447082, 47.247832],
						[5.4469, 47.247141],
						[5.446598, 47.245149],
						[5.44656, 47.243986],
						[5.446175, 47.242093],
						[5.445978, 47.241456]
					],
					[
						[5.449135, 47.256207],
						[5.449009, 47.255743],
						[5.44886, 47.255467]
					],
					[
						[5.440759, 47.231465],
						[5.44148, 47.231209]
					],
					[
						[5.447752, 47.231294],
						[5.447533, 47.231122],
						[5.4474, 47.230924]
					],
					[
						[5.383646, 47.096267],
						[5.385241, 47.095693],
						[5.385661, 47.095597],
						[5.386785, 47.09552],
						[5.388536, 47.094964],
						[5.388824, 47.094948],
						[5.389581, 47.095855],
						[5.389789, 47.096241],
						[5.390579, 47.097277],
						[5.391158, 47.098698],
						[5.39168, 47.099497],
						[5.391795, 47.099828]
					],
					[
						[5.393087, 47.105393],
						[5.392987, 47.105473],
						[5.391456, 47.106132],
						[5.391111, 47.10633],
						[5.384612, 47.111661],
						[5.384287, 47.112103],
						[5.383537, 47.113916],
						[5.383541, 47.114349],
						[5.383726, 47.115384],
						[5.383925, 47.115826]
					],
					[
						[5.361979, 47.092334],
						[5.362829, 47.092938],
						[5.363025, 47.093013],
						[5.363415, 47.093024],
						[5.364197, 47.09285],
						[5.364624, 47.092823],
						[5.366045, 47.093018],
						[5.366577, 47.093157],
						[5.367083, 47.093387],
						[5.367804, 47.093983]
					],
					[
						[6.039961, 48.932776],
						[6.039722, 48.931831],
						[6.039597, 48.930411],
						[6.039792, 48.928921],
						[6.039944, 48.926421],
						[6.040011, 48.92284],
						[6.040233, 48.921594]
					],
					[
						[6.302809, 48.168714],
						[6.302851, 48.16803]
					],
					[
						[4.894945, 46.448414],
						[4.894972, 46.448011],
						[4.894925, 46.447854],
						[4.894804, 46.447734],
						[4.894498, 46.447585],
						[4.894091, 46.447471]
					],
					[
						[4.894091, 46.447471],
						[4.89301, 46.446258],
						[4.89198, 46.444062]
					],
					[
						[4.884899, 46.812836],
						[4.885356, 46.812905],
						[4.886688, 46.813326],
						[4.887026, 46.813502],
						[4.888614, 46.814655]
					],
					[
						[5.875381, 47.602116],
						[5.876452, 47.602494],
						[5.878288, 47.603361],
						[5.879372, 47.603651]
					],
					[
						[5.939304, 47.640619],
						[5.94058, 47.640024],
						[5.943807, 47.639373],
						[5.944432, 47.639294],
						[5.950549, 47.638152],
						[5.951481, 47.638046]
					],
					[
						[5.875223, 47.602079],
						[5.875381, 47.602116]
					],
					[
						[5.936408, 47.640934],
						[5.938385, 47.640868],
						[5.938923, 47.640752],
						[5.939304, 47.640619]
					],
					[
						[5.836484, 47.601272],
						[5.83724, 47.601518],
						[5.838313, 47.601964],
						[5.839492, 47.60219],
						[5.839754, 47.602324],
						[5.839979, 47.602676]
					],
					[
						[5.14951, 47.038746],
						[5.149508, 47.038309],
						[5.1491, 47.037226],
						[5.148888, 47.036342],
						[5.14886, 47.035944],
						[5.148974, 47.034244],
						[5.148934, 47.033836],
						[5.147797, 47.030271],
						[5.14741, 47.028236],
						[5.147218, 47.027877],
						[5.146943, 47.027594],
						[5.145015, 47.026232],
						[5.144529, 47.02581],
						[5.144348, 47.025486],
						[5.144271, 47.025143],
						[5.144308, 47.024827],
						[5.144533, 47.024391]
					],
					[
						[5.1469, 47.044214],
						[5.147945, 47.042648]
					],
					[
						[4.920101, 46.550719],
						[4.919535, 46.552075],
						[4.918445, 46.55419]
					],
					[
						[4.921989, 46.547686],
						[4.921257, 46.548378],
						[4.920937, 46.54885],
						[4.920553, 46.549569],
						[4.920101, 46.550719]
					],
					[
						[6.125109, 48.81996],
						[6.125635, 48.819797],
						[6.126249, 48.819325],
						[6.126494, 48.819041],
						[6.127044, 48.818145],
						[6.12715, 48.817849],
						[6.127278, 48.817028]
					],
					[
						[5.445591, 47.230244],
						[5.445343, 47.230294],
						[5.443673, 47.23091],
						[5.443052, 47.231095],
						[5.442451, 47.23121],
						[5.44148, 47.231209]
					],
					[
						[5.458835, 47.329284],
						[5.45869, 47.329241],
						[5.458132, 47.329349],
						[5.457282, 47.329258],
						[5.456791, 47.329094],
						[5.45638, 47.328875],
						[5.454561, 47.32845]
					],
					[
						[5.384077, 47.195011],
						[5.383415, 47.194602]
					],
					[
						[5.383279, 47.194084],
						[5.383337, 47.193855]
					],
					[
						[5.383415, 47.194602],
						[5.383284, 47.194332],
						[5.383279, 47.194084]
					],
					[
						[6.297429, 49.428761],
						[6.298457, 49.42942],
						[6.299431, 49.429856],
						[6.300832, 49.430328],
						[6.303787, 49.431196],
						[6.304468, 49.431294],
						[6.305161, 49.43155],
						[6.30619, 49.431562],
						[6.306393, 49.431524],
						[6.306851, 49.431327]
					],
					[
						[6.323395, 49.443801],
						[6.323834, 49.44414],
						[6.324684, 49.445031],
						[6.325708, 49.446495],
						[6.326482, 49.448054],
						[6.32651, 49.44821],
						[6.326447, 49.448454]
					],
					[
						[6.320674, 49.428713],
						[6.320577, 49.429774],
						[6.31984, 49.434056],
						[6.318952, 49.436041],
						[6.318877, 49.436295],
						[6.318882, 49.436836],
						[6.319205, 49.438141],
						[6.319531, 49.438945],
						[6.320939, 49.440965],
						[6.321188, 49.441613],
						[6.321308, 49.442188],
						[6.321485, 49.442384],
						[6.323395, 49.443801]
					],
					[
						[6.308167, 49.430947],
						[6.308612, 49.430185],
						[6.308943, 49.429336],
						[6.308981, 49.42718],
						[6.309042, 49.426619],
						[6.309174, 49.426065],
						[6.309533, 49.425471],
						[6.310245, 49.424715],
						[6.310921, 49.424184],
						[6.31105, 49.424128],
						[6.312144, 49.424017],
						[6.313001, 49.423824],
						[6.313968, 49.423305],
						[6.314312, 49.4232],
						[6.315151, 49.423107],
						[6.315618, 49.422978],
						[6.315843, 49.42297],
						[6.31605, 49.422984],
						[6.317485, 49.423327],
						[6.318588, 49.423788],
						[6.319888, 49.424595],
						[6.320205, 49.424879],
						[6.320476, 49.425261],
						[6.320835, 49.426166],
						[6.320921, 49.426725],
						[6.320874, 49.427682],
						[6.320674, 49.428713]
					],
					[
						[6.22237, 49.382489],
						[6.222257, 49.383041]
					],
					[
						[4.871845, 46.783589],
						[4.871841, 46.78349],
						[4.872297, 46.783068]
					],
					[
						[4.871365, 46.783233],
						[4.872115, 46.782919]
					],
					[
						[4.834286, 46.296979],
						[4.834526, 46.29651]
					],
					[
						[4.861848, 46.80606],
						[4.861986, 46.806209],
						[4.861943, 46.806342],
						[4.861777, 46.80643],
						[4.861547, 46.806415],
						[4.861405, 46.806304],
						[4.861433, 46.806124],
						[4.861643, 46.80603],
						[4.861848, 46.80606]
					],
					[
						[6.275232, 49.400464],
						[6.274994, 49.400357],
						[6.274654, 49.400661],
						[6.274456, 49.400677],
						[6.273739, 49.400516],
						[6.268916, 49.399135],
						[6.268123, 49.398653],
						[6.267859, 49.398575],
						[6.267487, 49.398568]
					],
					[
						[6.275316, 49.40051],
						[6.275232, 49.400464]
					],
					[
						[4.81158, 45.912452],
						[4.811737, 45.91071],
						[4.811956, 45.910389],
						[4.812302, 45.910181],
						[4.812448, 45.909993]
					],
					[
						[4.753135, 46.083282],
						[4.753211, 46.082864],
						[4.753371, 46.082668],
						[4.754546, 46.081882]
					],
					[
						[5.418442, 47.304964],
						[5.41925, 47.305753],
						[5.419986, 47.306376],
						[5.420535, 47.306794],
						[5.420709, 47.306848],
						[5.420882, 47.306969],
						[5.422009, 47.307881],
						[5.422557, 47.308201],
						[5.422981, 47.308641]
					],
					[
						[5.433064, 47.314278],
						[5.432795, 47.314543],
						[5.43227, 47.314816],
						[5.430135, 47.315641],
						[5.429153, 47.316158],
						[5.426052, 47.318286]
					],
					[
						[5.428552, 47.312027],
						[5.431326, 47.31235],
						[5.431751, 47.312447],
						[5.432533, 47.312761],
						[5.433056, 47.313224],
						[5.433147, 47.313398],
						[5.433235, 47.313911],
						[5.433064, 47.314278]
					],
					[
						[5.423638, 47.309674],
						[5.424493, 47.310844],
						[5.425265, 47.311676],
						[5.42566, 47.311797],
						[5.426354, 47.31177],
						[5.427465, 47.311899]
					],
					[
						[5.425616, 47.318794],
						[5.425632, 47.319911],
						[5.425745, 47.320481],
						[5.425921, 47.321043],
						[5.426247, 47.321603],
						[5.426748, 47.32198],
						[5.427396, 47.322361],
						[5.427967, 47.32258],
						[5.428674, 47.322753]
					],
					[
						[5.426052, 47.318286],
						[5.425827, 47.318474],
						[5.425616, 47.318794]
					],
					[
						[5.411463, 47.27874],
						[5.411164, 47.27773],
						[5.410898, 47.277378],
						[5.410614, 47.276827],
						[5.41009, 47.27619],
						[5.409455, 47.275781],
						[5.408511, 47.275269],
						[5.407724, 47.274962],
						[5.406484, 47.274643]
					],
					[
						[5.423348, 47.309168],
						[5.423638, 47.309674]
					],
					[
						[5.422981, 47.308641],
						[5.423348, 47.309168]
					],
					[
						[6.114724, 48.821893],
						[6.115269, 48.821625],
						[6.116978, 48.821147],
						[6.117871, 48.821043],
						[6.120255, 48.820968],
						[6.121945, 48.820813],
						[6.123194, 48.820511]
					],
					[
						[6.112617, 48.8228],
						[6.113968, 48.822288],
						[6.114724, 48.821893]
					],
					[
						[4.747542, 46.035491],
						[4.74822, 46.033907],
						[4.74832, 46.033208],
						[4.748092, 46.032502],
						[4.748443, 46.031934],
						[4.748645, 46.03147],
						[4.7491, 46.028963],
						[4.749024, 46.027915]
					],
					[
						[4.913343, 46.476474],
						[4.913786, 46.475419],
						[4.914145, 46.473635],
						[4.914161, 46.472205],
						[4.914081, 46.470812],
						[4.914123, 46.469751]
					],
					[
						[4.914398, 46.490903],
						[4.913378, 46.489823],
						[4.912944, 46.489043],
						[4.912617, 46.488228],
						[4.912464, 46.487695],
						[4.912532, 46.487617]
					],
					[
						[4.887587, 46.434597],
						[4.887515, 46.434436],
						[4.887595, 46.43423],
						[4.887274, 46.432492],
						[4.887277, 46.432254]
					],
					[
						[4.885143, 46.443097],
						[4.885084, 46.442946],
						[4.88486, 46.442737],
						[4.883177, 46.439285],
						[4.883149, 46.439163],
						[4.883223, 46.439]
					],
					[
						[4.887584, 46.430711],
						[4.888166, 46.429783],
						[4.888178, 46.429535]
					],
					[
						[4.887277, 46.432254],
						[4.887341, 46.431317],
						[4.887584, 46.430711]
					],
					[
						[4.886734, 46.417065],
						[4.885901, 46.414241],
						[4.885683, 46.4119],
						[4.885836, 46.410321]
					],
					[
						[4.913841, 46.46736],
						[4.913676, 46.466975],
						[4.913748, 46.46665],
						[4.913714, 46.466445],
						[4.913319, 46.465602],
						[4.913298, 46.465319],
						[4.913012, 46.46445],
						[4.91303, 46.463954],
						[4.912972, 46.463662],
						[4.912519, 46.462324],
						[4.912112, 46.461564],
						[4.911679, 46.460855],
						[4.91112, 46.460149],
						[4.90999, 46.459103],
						[4.908904, 46.458386]
					],
					[
						[4.914123, 46.469751],
						[4.914218, 46.468505]
					],
					[
						[4.908904, 46.458386],
						[4.907802, 46.457448],
						[4.907199, 46.457048],
						[4.903258, 46.454969],
						[4.900252, 46.452792],
						[4.899034, 46.452005]
					],
					[
						[4.845004, 46.32574],
						[4.846762, 46.326223],
						[4.848063, 46.327011],
						[4.848652, 46.327607],
						[4.85025, 46.328486],
						[4.850521, 46.329193],
						[4.850789, 46.330615],
						[4.850879, 46.331691],
						[4.850897, 46.332144],
						[4.850507, 46.335425],
						[4.850539, 46.336272],
						[4.850653, 46.336593],
						[4.850601, 46.336801],
						[4.850638, 46.337189]
					],
					[
						[5.771904, 47.581165],
						[5.772509, 47.581324],
						[5.773275, 47.581407],
						[5.77387, 47.581428],
						[5.77528, 47.581323],
						[5.776902, 47.580994],
						[5.779486, 47.580613],
						[5.780952, 47.580298],
						[5.784655, 47.579885]
					],
					[
						[5.784655, 47.579885],
						[5.785434, 47.579795],
						[5.785879, 47.579651],
						[5.786508, 47.579686],
						[5.801119, 47.578175],
						[5.801876, 47.578054],
						[5.805336, 47.577735],
						[5.807868, 47.577436],
						[5.813126, 47.576915],
						[5.821335, 47.576015],
						[5.822143, 47.575976],
						[5.822696, 47.576007],
						[5.823322, 47.576121],
						[5.824455, 47.576489],
						[5.825905, 47.577066]
					],
					[
						[6.115669, 49.100256],
						[6.115703, 49.10059],
						[6.115607, 49.100678],
						[6.115405, 49.100713],
						[6.114611, 49.100104]
					],
					[
						[6.114611, 49.100104],
						[6.114575, 49.100023],
						[6.114744, 49.099878],
						[6.114943, 49.099867],
						[6.115292, 49.09993]
					],
					[
						[5.934399, 47.641374],
						[5.934508, 47.64135]
					],
					[
						[5.934508, 47.64135],
						[5.93561, 47.641067],
						[5.936408, 47.640934]
					],
					[
						[5.668439, 47.477431],
						[5.668464, 47.477452]
					],
					[
						[5.668464, 47.477452],
						[5.668927, 47.47786],
						[5.669398, 47.478629],
						[5.669926, 47.47967],
						[5.670049, 47.480047],
						[5.670063, 47.480224],
						[5.669837, 47.481135],
						[5.669814, 47.481531],
						[5.669996, 47.483741],
						[5.670262, 47.484343],
						[5.670344, 47.484708],
						[5.670318, 47.485097],
						[5.66987, 47.486029],
						[5.669674, 47.487176]
					],
					[
						[5.9973, 47.789154],
						[5.997154, 47.789398]
					],
					[
						[6.43587, 48.225694],
						[6.435798, 48.225304],
						[6.435885, 48.224991],
						[6.435973, 48.224913],
						[6.436268, 48.224806],
						[6.436337, 48.224507],
						[6.436712, 48.22428],
						[6.436795, 48.224161],
						[6.436763, 48.223964],
						[6.43647, 48.223615]
					],
					[
						[6.436437, 48.222798],
						[6.436407, 48.222629],
						[6.436656, 48.222128],
						[6.438613, 48.217171],
						[6.438865, 48.216741],
						[6.438962, 48.216342]
					],
					[
						[4.812894, 46.245458],
						[4.811571, 46.241844],
						[4.811358, 46.241737],
						[4.811311, 46.241488],
						[4.811386, 46.241358],
						[4.811341, 46.241107],
						[4.810927, 46.240842],
						[4.810766, 46.240671],
						[4.810719, 46.240529],
						[4.810812, 46.240249],
						[4.811059, 46.240022]
					],
					[
						[4.75256, 46.054083],
						[4.750457, 46.053379],
						[4.749769, 46.05321],
						[4.749152, 46.053001],
						[4.747635, 46.052358]
					],
					[
						[4.781808, 46.124731],
						[4.780474, 46.123704],
						[4.779204, 46.122503],
						[4.777996, 46.121657],
						[4.777921, 46.121496]
					],
					[
						[4.80105, 46.160631],
						[4.801221, 46.160444],
						[4.802786, 46.159449],
						[4.803829, 46.158571],
						[4.804142, 46.158223],
						[4.804437, 46.157737],
						[4.804861, 46.156087],
						[4.805215, 46.155284],
						[4.805269, 46.154994],
						[4.805236, 46.154392],
						[4.805046, 46.153475],
						[4.80429, 46.151044],
						[4.803284, 46.148253],
						[4.802388, 46.146274]
					],
					[
						[4.883223, 46.439],
						[4.884652, 46.438828],
						[4.884865, 46.438769],
						[4.884915, 46.438696],
						[4.884053, 46.436237],
						[4.884065, 46.436014],
						[4.884136, 46.435952],
						[4.886534, 46.434968],
						[4.887587, 46.434597]
					],
					[
						[4.88671, 46.417433],
						[4.886714, 46.417369]
					],
					[
						[4.886714, 46.417369],
						[4.886734, 46.417065]
					],
					[
						[4.849742, 46.352744],
						[4.849735, 46.352475],
						[4.849966, 46.35171],
						[4.850369, 46.349843],
						[4.850587, 46.34823],
						[4.850971, 46.346846],
						[4.851182, 46.342631],
						[4.8511, 46.341841],
						[4.850681, 46.33964]
					],
					[
						[4.865111, 46.377122],
						[4.86457, 46.376458],
						[4.863679, 46.375631],
						[4.863318, 46.375142]
					],
					[
						[4.863318, 46.375142],
						[4.861924, 46.3736],
						[4.861317, 46.373046],
						[4.859554, 46.371128],
						[4.858895, 46.370285]
					],
					[
						[4.858895, 46.370285],
						[4.857475, 46.368429]
					],
					[
						[4.888336, 46.429052],
						[4.888494, 46.428413],
						[4.88849, 46.4281],
						[4.888248, 46.424736],
						[4.887162, 46.419229],
						[4.887008, 46.417951],
						[4.88671, 46.417433]
					],
					[
						[4.885836, 46.410321],
						[4.88558, 46.409984]
					],
					[
						[4.897043, 46.45065],
						[4.896152, 46.449847],
						[4.894945, 46.448414]
					],
					[
						[4.808649, 45.922151],
						[4.809193, 45.921822]
					],
					[
						[6.168886, 49.298121],
						[6.170395, 49.297102],
						[6.171171, 49.296696],
						[6.176762, 49.29434],
						[6.177894, 49.293675],
						[6.178581, 49.293201],
						[6.17927, 49.292496],
						[6.180442, 49.2909],
						[6.180855, 49.290199],
						[6.181272, 49.289363],
						[6.181609, 49.288431],
						[6.181636, 49.28796]
					],
					[
						[6.165169, 49.300813],
						[6.16602, 49.300009],
						[6.168886, 49.298121]
					],
					[
						[6.297003, 49.42558],
						[6.296773, 49.425473]
					],
					[
						[5.144316, 46.998422],
						[5.144353, 46.998019],
						[5.144545, 46.997633]
					],
					[
						[5.144286, 46.999114],
						[5.144316, 46.998422]
					],
					[
						[5.146613, 47.002499],
						[5.14685, 47.0035],
						[5.14697, 47.00373],
						[5.147787, 47.004911],
						[5.149132, 47.006638]
					],
					[
						[5.143567, 47.002636],
						[5.143405, 47.002484],
						[5.143197, 47.001702],
						[5.143315, 47.001241],
						[5.143533, 47.000759]
					],
					[
						[5.145263, 46.989822],
						[5.145102, 46.989259],
						[5.145047, 46.988211]
					],
					[
						[6.408453, 48.191872],
						[6.405682, 48.191462],
						[6.403735, 48.19147],
						[6.403393, 48.191434],
						[6.40295, 48.191305],
						[6.402575, 48.191078]
					],
					[
						[6.02614, 47.759081],
						[6.026323, 47.759463],
						[6.026365, 47.759884]
					],
					[
						[5.974174, 47.662879],
						[5.974309, 47.66282],
						[5.975619, 47.66263],
						[5.975912, 47.662537],
						[5.977346, 47.661608],
						[5.98087, 47.659838]
					],
					[
						[5.982611, 47.658845],
						[5.983046, 47.65859],
						[5.98336, 47.658175],
						[5.983774, 47.657894],
						[5.987316, 47.656555],
						[5.991602, 47.655704],
						[5.994744, 47.654769],
						[5.997678, 47.653634]
					],
					[
						[6.195022, 49.142476],
						[6.195026, 49.142273],
						[6.195219, 49.142091],
						[6.195321, 49.141883]
					],
					[
						[5.98115, 47.807671],
						[5.981528, 47.807845]
					],
					[
						[5.980243, 47.807264],
						[5.98115, 47.807671]
					],
					[
						[5.979839, 47.807074],
						[5.980243, 47.807264]
					],
					[
						[5.981528, 47.807845],
						[5.983123, 47.808532],
						[5.983623, 47.808633]
					],
					[
						[4.953538, 46.722175],
						[4.953468, 46.722505],
						[4.953182, 46.723121],
						[4.95255, 46.724131]
					],
					[
						[4.945471, 46.732705],
						[4.94632, 46.732353]
					],
					[
						[5.058553, 46.899554],
						[5.056625, 46.899496],
						[5.055895, 46.899392],
						[5.051238, 46.898377],
						[5.048679, 46.897959],
						[5.040739, 46.896273],
						[5.038113, 46.895807],
						[5.033586, 46.895164]
					],
					[
						[5.089925, 46.923551],
						[5.089114, 46.923028],
						[5.088706, 46.922661],
						[5.088215, 46.922029],
						[5.087961, 46.921488],
						[5.087896, 46.921132],
						[5.0879, 46.920294],
						[5.088233, 46.918581],
						[5.088268, 46.918074],
						[5.088074, 46.9166],
						[5.087637, 46.915782],
						[5.087702, 46.915301],
						[5.087656, 46.915115],
						[5.087467, 46.9149],
						[5.085947, 46.913626],
						[5.083934, 46.911584],
						[5.083328, 46.910578],
						[5.082845, 46.909141]
					],
					[
						[4.834475, 46.29701],
						[4.834622, 46.297153],
						[4.834612, 46.297272],
						[4.834502, 46.297376],
						[4.834232, 46.297414]
					],
					[
						[4.830417, 46.297729],
						[4.830581, 46.298028]
					],
					[
						[4.83009, 46.29691],
						[4.830293, 46.2974]
					],
					[
						[4.833997, 46.297151],
						[4.834089, 46.297039]
					],
					[
						[6.170496, 48.704613],
						[6.171413, 48.704322],
						[6.172213, 48.704186],
						[6.172973, 48.704122],
						[6.174145, 48.704133]
					],
					[
						[6.184285, 48.705948],
						[6.18438, 48.70594],
						[6.184452, 48.706047]
					],
					[
						[6.173239, 48.732601],
						[6.172788, 48.733032],
						[6.172417, 48.73355],
						[6.172082, 48.734493],
						[6.172109, 48.73543],
						[6.172439, 48.736305],
						[6.172875, 48.73688],
						[6.173351, 48.737369],
						[6.180013, 48.742573],
						[6.180287, 48.742874],
						[6.180392, 48.743165]
					],
					[
						[6.185466, 48.705916],
						[6.186218, 48.705762],
						[6.187391, 48.705618]
					],
					[
						[6.176275, 48.713171],
						[6.176648, 48.712876],
						[6.176829, 48.712838]
					],
					[
						[6.175105, 48.730944],
						[6.174014, 48.732075],
						[6.173239, 48.732601]
					],
					[
						[6.176275, 48.713171],
						[6.176197, 48.713149],
						[6.176122, 48.713182],
						[6.175957, 48.713322],
						[6.17492, 48.714243],
						[6.174494, 48.714722],
						[6.174272, 48.715059],
						[6.17409, 48.715785],
						[6.174135, 48.716518],
						[6.174303, 48.717041],
						[6.174594, 48.717383],
						[6.17655, 48.720274],
						[6.176627, 48.720587],
						[6.176441, 48.721725],
						[6.175886, 48.722702],
						[6.175394, 48.724053],
						[6.175322, 48.724486],
						[6.175395, 48.72491],
						[6.175909, 48.726329],
						[6.176581, 48.727394],
						[6.176651, 48.727598],
						[6.176653, 48.728104],
						[6.176402, 48.729021],
						[6.175361, 48.730667],
						[6.175105, 48.730944]
					],
					[
						[6.230821, 48.659401],
						[6.230989, 48.659474]
					],
					[
						[4.806895, 45.896763],
						[4.807066, 45.896476],
						[4.807111, 45.895998],
						[4.807236, 45.895594],
						[4.807866, 45.894433]
					],
					[
						[6.190729, 49.364025],
						[6.190881, 49.364014]
					],
					[
						[6.184163, 49.362251],
						[6.184383, 49.362699],
						[6.185214, 49.362958],
						[6.186005, 49.363386]
					],
					[
						[6.232576, 49.389703],
						[6.233212, 49.39062],
						[6.233502, 49.390857],
						[6.234146, 49.391248]
					],
					[
						[6.098519, 49.090147],
						[6.097836, 49.09004],
						[6.095757, 49.088619]
					],
					[
						[6.170446, 49.358111],
						[6.169914, 49.357807],
						[6.169493, 49.357497],
						[6.168891, 49.356932],
						[6.166708, 49.355733]
					],
					[
						[6.124564, 47.95833],
						[6.123629, 47.958468],
						[6.121762, 47.958945]
					],
					[
						[6.025858, 47.758765],
						[6.026166, 47.758592]
					],
					[
						[6.001924, 47.785644],
						[6.001631, 47.785689]
					],
					[
						[6.001656, 47.7856],
						[6.001924, 47.785644]
					],
					[
						[5.996202, 47.790948],
						[5.996607, 47.790564],
						[5.996932, 47.790141],
						[5.997071, 47.789837],
						[5.997154, 47.789398]
					],
					[
						[6.036116, 47.684701],
						[6.036239, 47.684256],
						[6.035909, 47.683571],
						[6.035677, 47.682445],
						[6.035675, 47.681979],
						[6.035811, 47.681227],
						[6.035689, 47.680484],
						[6.03571, 47.680345],
						[6.036351, 47.679478]
					],
					[
						[6.039511, 49.008402],
						[6.03955, 49.008305],
						[6.039425, 49.007635],
						[6.039462, 49.007368],
						[6.039608, 49.007086],
						[6.039816, 49.006929],
						[6.040967, 49.006898]
					],
					[
						[6.196975, 49.161303],
						[6.197045, 49.16077],
						[6.196925, 49.158756],
						[6.196991, 49.158707]
					],
					[
						[6.250993, 49.393509],
						[6.251181, 49.393408],
						[6.251591, 49.39342],
						[6.252567, 49.393677]
					],
					[
						[6.029431, 48.991597],
						[6.028978, 48.990796],
						[6.028785, 48.990324],
						[6.028556, 48.98928],
						[6.028567, 48.988295],
						[6.028662, 48.987836],
						[6.028874, 48.987108],
						[6.029128, 48.986524]
					],
					[
						[6.040002, 48.951266],
						[6.040481, 48.951037],
						[6.040624, 48.950874],
						[6.042159, 48.947256],
						[6.042404, 48.946521],
						[6.042821, 48.944027],
						[6.042797, 48.940291],
						[6.042707, 48.939227],
						[6.042449, 48.937972],
						[6.041822, 48.936243]
					],
					[
						[4.814734, 45.743531],
						[4.815567, 45.743179]
					],
					[
						[4.816691, 45.731802],
						[4.817305, 45.731374],
						[4.817818, 45.730882]
					],
					[
						[5.964722, 47.653623],
						[5.964728, 47.653658]
					],
					[
						[5.964728, 47.653658],
						[5.964821, 47.653861],
						[5.964794, 47.654058]
					],
					[
						[5.963095, 47.658283],
						[5.963171, 47.658963],
						[5.963283, 47.659219],
						[5.963584, 47.659649],
						[5.964215, 47.660162],
						[5.964511, 47.660567],
						[5.964545, 47.660797],
						[5.964345, 47.661387]
					],
					[
						[5.580319, 47.449585],
						[5.577564, 47.448863]
					],
					[
						[5.588786, 47.448428],
						[5.589168, 47.448592]
					],
					[
						[5.589168, 47.448592],
						[5.591013, 47.448678]
					],
					[
						[5.591013, 47.448678],
						[5.591198, 47.448662]
					],
					[
						[5.586776, 47.449224],
						[5.585015, 47.449732],
						[5.583408, 47.449973],
						[5.581362, 47.449815],
						[5.580319, 47.449585]
					],
					[
						[5.588481, 47.448629],
						[5.588074, 47.448799]
					],
					[
						[5.573845, 47.447788],
						[5.573002, 47.447597],
						[5.570241, 47.447254],
						[5.56971, 47.447113]
					],
					[
						[5.56553, 47.446983],
						[5.564704, 47.446943],
						[5.564206, 47.447009],
						[5.563892, 47.447116],
						[5.563667, 47.447258],
						[5.563072, 47.447822],
						[5.562876, 47.447945],
						[5.562343, 47.448136],
						[5.562139, 47.448159],
						[5.561605, 47.44809],
						[5.561113, 47.447855],
						[5.560699, 47.44753],
						[5.558144, 47.445957],
						[5.555392, 47.44486],
						[5.553837, 47.443407],
						[5.553291, 47.442551],
						[5.552822, 47.441423],
						[5.552644, 47.440541],
						[5.552691, 47.440046],
						[5.552915, 47.439096],
						[5.552904, 47.438653],
						[5.552784, 47.437967],
						[5.552389, 47.436875],
						[5.55225, 47.43625],
						[5.552412, 47.435189],
						[5.552555, 47.434666],
						[5.553178, 47.43359],
						[5.55422, 47.432208]
					],
					[
						[5.119728, 46.959141],
						[5.119764, 46.958909],
						[5.119955, 46.958465],
						[5.120215, 46.95814],
						[5.120375, 46.958028],
						[5.123389, 46.957263],
						[5.123543, 46.957123],
						[5.124169, 46.955568],
						[5.124187, 46.955151],
						[5.124113, 46.952472],
						[5.123687, 46.95062]
					],
					[
						[6.174837, 49.352594],
						[6.175293, 49.352473]
					],
					[
						[6.174753, 49.352708],
						[6.174837, 49.352594]
					],
					[
						[6.298442, 48.475335],
						[6.298361, 48.474038],
						[6.298287, 48.473683],
						[6.295713, 48.465911]
					],
					[
						[6.295713, 48.465911],
						[6.295676, 48.465805]
					],
					[
						[5.975536, 47.889404],
						[5.975505, 47.889355],
						[5.975907, 47.887528],
						[5.975732, 47.887154]
					],
					[
						[5.975114, 47.886047],
						[5.974487, 47.884826]
					],
					[
						[5.975732, 47.887154],
						[5.975114, 47.886047]
					],
					[
						[6.029657, 47.772094],
						[6.031254, 47.771349],
						[6.031951, 47.770719],
						[6.034385, 47.766575]
					],
					[
						[6.035716, 47.76334],
						[6.036229, 47.763428]
					],
					[
						[5.144607, 46.987364],
						[5.144422, 46.987105],
						[5.144019, 46.986708],
						[5.14358, 46.986418],
						[5.143016, 46.986174],
						[5.141187, 46.985583],
						[5.140605, 46.985332],
						[5.139449, 46.984782],
						[5.13726, 46.983535],
						[5.136747, 46.983047],
						[5.132498, 46.977654]
					],
					[
						[5.14466, 46.987446],
						[5.144607, 46.987364]
					],
					[
						[5.145047, 46.988211],
						[5.145054, 46.988129]
					],
					[
						[5.145054, 46.988129],
						[5.14466, 46.987446]
					],
					[
						[5.132498, 46.977654],
						[5.131762, 46.976644],
						[5.131533, 46.975651],
						[5.130989, 46.974759],
						[5.130637, 46.974428],
						[5.129137, 46.973534],
						[5.127952, 46.97316],
						[5.12698, 46.972965],
						[5.125679, 46.972836],
						[5.12527, 46.972845],
						[5.123712, 46.972725],
						[5.123167, 46.972623],
						[5.122701, 46.972459],
						[5.121983, 46.972315],
						[5.121534, 46.972172],
						[5.121137, 46.971972],
						[5.120694, 46.97153],
						[5.120222, 46.970768],
						[5.119846, 46.96996],
						[5.119835, 46.969596],
						[5.119551, 46.968843],
						[5.119475, 46.968442],
						[5.119375, 46.967427],
						[5.119485, 46.966328],
						[5.119664, 46.965422],
						[5.119966, 46.964852],
						[5.12096, 46.963378]
					],
					[
						[4.735996, 45.939767],
						[4.73675, 45.939611],
						[4.737611, 45.939496],
						[4.739919, 45.93925],
						[4.742512, 45.939041],
						[4.743341, 45.939022]
					],
					[
						[5.171481, 47.062466],
						[5.172081, 47.063013],
						[5.172134, 47.063128]
					],
					[
						[5.172134, 47.063128],
						[5.172153, 47.063174]
					],
					[
						[6.261674, 48.392933],
						[6.262781, 48.390918],
						[6.264673, 48.388264],
						[6.264937, 48.388053],
						[6.268358, 48.383366],
						[6.269002, 48.382422],
						[6.269181, 48.382079],
						[6.269189, 48.381891],
						[6.269332, 48.381683],
						[6.26973, 48.381426],
						[6.271645, 48.378747],
						[6.272385, 48.377948],
						[6.272838, 48.377589],
						[6.273299, 48.377303],
						[6.2741, 48.376888],
						[6.275292, 48.376482],
						[6.276376, 48.37626],
						[6.277266, 48.376178],
						[6.278328, 48.376164],
						[6.2814, 48.376469]
					],
					[
						[6.32278, 48.352218],
						[6.322963, 48.352089]
					],
					[
						[6.387711, 48.310065],
						[6.387891, 48.309765],
						[6.388193, 48.309471],
						[6.3912, 48.30582],
						[6.394851, 48.299833]
					],
					[
						[6.387556, 48.31027],
						[6.387711, 48.310065]
					],
					[
						[6.395108, 48.299408],
						[6.395204, 48.299123],
						[6.395574, 48.298667],
						[6.396822, 48.296564],
						[6.397178, 48.295599],
						[6.397459, 48.29403],
						[6.397497, 48.291983],
						[6.397642, 48.28933],
						[6.397896, 48.288368],
						[6.399229, 48.284345],
						[6.399399, 48.283741],
						[6.399361, 48.283406],
						[6.399537, 48.283049],
						[6.40005, 48.281556]
					],
					[
						[6.406582, 48.268267],
						[6.407218, 48.26815],
						[6.407662, 48.267893],
						[6.408729, 48.267501],
						[6.408737, 48.267373],
						[6.408504, 48.267179],
						[6.408185, 48.267104],
						[6.407805, 48.267145],
						[6.407756, 48.267085],
						[6.409952, 48.265]
					],
					[
						[6.432529, 48.205737],
						[6.432411, 48.205556],
						[6.43185, 48.205238],
						[6.431453, 48.204897],
						[6.431027, 48.204226],
						[6.430474, 48.203577],
						[6.429963, 48.203017],
						[6.428568, 48.201704]
					],
					[
						[6.439826, 48.23499],
						[6.439762, 48.234891],
						[6.440042, 48.234141],
						[6.440014, 48.233808],
						[6.439806, 48.233503],
						[6.437529, 48.230932],
						[6.437263, 48.230479],
						[6.436126, 48.226833],
						[6.43587, 48.225694]
					],
					[
						[6.401339, 48.190096],
						[6.393178, 48.188968],
						[6.392465, 48.188784],
						[6.391192, 48.188324],
						[6.390308, 48.188089],
						[6.389878, 48.1879],
						[6.389372, 48.187585]
					],
					[
						[6.384266, 48.178508],
						[6.383548, 48.178305],
						[6.38317, 48.178245],
						[6.382447, 48.178204],
						[6.38176, 48.178258],
						[6.381001, 48.178416],
						[6.37854, 48.179148],
						[6.377774, 48.179247],
						[6.377038, 48.179197],
						[6.376336, 48.179016],
						[6.375584, 48.178633],
						[6.37465, 48.177938],
						[6.374289, 48.177756],
						[6.373879, 48.177635],
						[6.373338, 48.177544],
						[6.372751, 48.177531],
						[6.372242, 48.177594],
						[6.369743, 48.178136],
						[6.368952, 48.178202]
					],
					[
						[6.389372, 48.187585],
						[6.388831, 48.186758],
						[6.38876, 48.186377],
						[6.388793, 48.185997],
						[6.389038, 48.185462],
						[6.390599, 48.182814],
						[6.390662, 48.182616],
						[6.390554, 48.182179],
						[6.390282, 48.181883],
						[6.389957, 48.181687],
						[6.388202, 48.180996],
						[6.387815, 48.180785],
						[6.385809, 48.179322]
					],
					[
						[6.258783, 48.023934],
						[6.253809, 48.021644],
						[6.253405, 48.021692],
						[6.252763, 48.02198],
						[6.251396, 48.022919],
						[6.250507, 48.023223],
						[6.250283, 48.02326],
						[6.24946, 48.02321],
						[6.248492, 48.023004],
						[6.247969, 48.022822],
						[6.245863, 48.021912]
					],
					[
						[6.2405, 48.015932],
						[6.239938, 48.01545],
						[6.239635, 48.014606],
						[6.239431, 48.014187],
						[6.238989, 48.013545],
						[6.238604, 48.012608],
						[6.238512, 48.011903],
						[6.23882, 48.010248],
						[6.238775, 48.009944],
						[6.238518, 48.009642],
						[6.237127, 48.008711],
						[6.235196, 48.00728],
						[6.23408, 48.005826],
						[6.233832, 48.005126],
						[6.233809, 48.004442],
						[6.234005, 48.003471],
						[6.234081, 48.000771],
						[6.233932, 48.000342],
						[6.233612, 47.9999],
						[6.232473, 47.998832],
						[6.232342, 47.998819]
					],
					[
						[6.226816, 47.992568],
						[6.226422, 47.992364]
					],
					[
						[6.226422, 47.992364],
						[6.226164, 47.992066],
						[6.226104, 47.991779],
						[6.226153, 47.99146],
						[6.226338, 47.991169],
						[6.226935, 47.990537],
						[6.227268, 47.990057],
						[6.22749, 47.989584],
						[6.227552, 47.98904],
						[6.227464, 47.988457],
						[6.227209, 47.987278],
						[6.225145, 47.983106],
						[6.224908, 47.982773],
						[6.224725, 47.982621],
						[6.224307, 47.982397],
						[6.223619, 47.982238],
						[6.22316, 47.982234],
						[6.220957, 47.982506],
						[6.220697, 47.982507],
						[6.220102, 47.98238],
						[6.219025, 47.981961],
						[6.218462, 47.981811],
						[6.217416, 47.981245],
						[6.217012, 47.980871],
						[6.216477, 47.980018],
						[6.216387, 47.979792],
						[6.216407, 47.979467],
						[6.21633, 47.979276],
						[6.215949, 47.978863],
						[6.215598, 47.978638],
						[6.215022, 47.978386],
						[6.214289, 47.978123],
						[6.2137, 47.977986]
					],
					[
						[6.177891, 47.97114],
						[6.176205, 47.971115],
						[6.175147, 47.971],
						[6.174042, 47.970728],
						[6.173593, 47.970541],
						[6.173328, 47.970351],
						[6.173076, 47.970075],
						[6.172938, 47.969822],
						[6.172769, 47.969124],
						[6.173235, 47.966784]
					],
					[
						[6.199752, 47.974202],
						[6.199846, 47.974239]
					],
					[
						[6.199846, 47.974239],
						[6.200292, 47.974449],
						[6.20061, 47.974666]
					],
					[
						[6.197159, 47.973284],
						[6.197582, 47.973496],
						[6.197905, 47.973539],
						[6.198324, 47.973663]
					],
					[
						[6.198324, 47.973663],
						[6.199752, 47.974202]
					],
					[
						[6.202081, 47.976952],
						[6.201652, 47.976691],
						[6.201398, 47.976624]
					],
					[
						[6.200401, 47.975436],
						[6.200487, 47.975208]
					],
					[
						[6.196315, 47.972546],
						[6.196505, 47.972655]
					],
					[
						[4.818474, 45.730149],
						[4.818283, 45.730114],
						[4.818073, 45.730719]
					],
					[
						[5.259295, 47.089361],
						[5.259274, 47.089169]
					],
					[
						[5.259304, 47.089441],
						[5.259295, 47.089361]
					],
					[
						[6.121762, 47.958945],
						[6.121665, 47.958976]
					],
					[
						[6.173235, 47.966784],
						[6.172911, 47.966093],
						[6.172233, 47.96561],
						[6.17205, 47.96555]
					],
					[
						[6.17205, 47.96555],
						[6.171882, 47.965549],
						[6.171057, 47.965763],
						[6.170615, 47.965982],
						[6.169692, 47.966792],
						[6.169474, 47.967086],
						[6.169238, 47.967513],
						[6.169173, 47.967766],
						[6.168718, 47.970252],
						[6.168499, 47.971049],
						[6.168231, 47.971544],
						[6.167984, 47.971868],
						[6.16719, 47.972748],
						[6.166734, 47.973066],
						[6.165936, 47.973348],
						[6.165238, 47.973422],
						[6.163628, 47.973349]
					],
					[
						[5.158213, 47.060473],
						[5.1584, 47.060414]
					],
					[
						[5.977673, 47.80609],
						[5.979839, 47.807074]
					],
					[
						[5.979867, 47.805693],
						[5.980172, 47.80564],
						[5.981479, 47.805205]
					],
					[
						[5.997075, 47.789159],
						[5.9973, 47.789154]
					],
					[
						[5.981479, 47.805205],
						[5.982662, 47.804825],
						[5.983552, 47.804357],
						[5.98977, 47.798781],
						[5.993925, 47.793115],
						[5.996202, 47.790948]
					],
					[
						[5.404812, 47.272084],
						[5.405056, 47.272655],
						[5.405655, 47.273188],
						[5.406484, 47.274643]
					],
					[
						[5.471705, 47.397175],
						[5.476631, 47.397501],
						[5.477077, 47.39749]
					],
					[
						[5.438152, 47.35583],
						[5.43911, 47.356657],
						[5.439623, 47.356986]
					],
					[
						[5.442213, 47.35295],
						[5.442752, 47.352688],
						[5.443006, 47.35249]
					],
					[
						[5.47458, 47.331261],
						[5.473693, 47.331437],
						[5.472916, 47.331816]
					],
					[
						[4.868503, 46.796223],
						[4.868566, 46.796918]
					],
					[
						[5.188655, 47.052409],
						[5.188475, 47.05243],
						[5.186655, 47.053864],
						[5.18639, 47.053987],
						[5.186693, 47.054295],
						[5.187052, 47.054485],
						[5.187185, 47.054612]
					],
					[
						[5.253281, 47.086287],
						[5.254287, 47.08736],
						[5.254258, 47.087482],
						[5.252594, 47.087142],
						[5.25179, 47.086841],
						[5.250244, 47.085921],
						[5.249115, 47.085166],
						[5.247426, 47.083817],
						[5.246317, 47.083061]
					],
					[
						[6.295467, 48.465246],
						[6.29554, 48.465234]
					],
					[
						[6.173498, 49.314412],
						[6.173405, 49.314687],
						[6.173442, 49.314817],
						[6.173887, 49.315383]
					],
					[
						[5.120912, 46.960904],
						[5.120848, 46.960564],
						[5.120038, 46.959948],
						[5.119728, 46.959141]
					],
					[
						[5.028022, 46.896452],
						[5.027785, 46.896177]
					],
					[
						[4.8085, 45.775123],
						[4.807764, 45.776854]
					],
					[
						[6.16551, 49.304042],
						[6.164446, 49.305418],
						[6.162424, 49.30687],
						[6.162319, 49.307191],
						[6.162331, 49.307753],
						[6.162526, 49.308196],
						[6.163236, 49.309299],
						[6.163686, 49.30988],
						[6.164274, 49.310434],
						[6.165175, 49.310879],
						[6.166508, 49.311468],
						[6.168862, 49.312383],
						[6.169241, 49.312516],
						[6.169556, 49.312565],
						[6.171555, 49.312531],
						[6.172664, 49.313182]
					],
					[
						[4.807764, 45.776854],
						[4.807729, 45.777156],
						[4.807986, 45.77847]
					],
					[
						[5.944551, 47.824333],
						[5.944703, 47.824252],
						[5.94552, 47.824105],
						[5.950266, 47.82294],
						[5.953678, 47.821665],
						[5.954349, 47.821518],
						[5.957102, 47.821246],
						[5.95867, 47.820947],
						[5.961604, 47.820637],
						[5.963595, 47.820571],
						[5.966366, 47.82067],
						[5.967856, 47.820611],
						[5.968849, 47.820486],
						[5.969808, 47.820446],
						[5.970658, 47.820461],
						[5.971601, 47.82057]
					],
					[
						[6.234146, 49.391248],
						[6.234627, 49.391482],
						[6.236335, 49.39204],
						[6.236925, 49.392107],
						[6.238116, 49.392121],
						[6.238684, 49.392177],
						[6.241313, 49.393538],
						[6.242514, 49.393909],
						[6.248662, 49.394956],
						[6.251198, 49.39519],
						[6.251856, 49.395326]
					],
					[
						[4.840083, 46.313961],
						[4.840675, 46.314723],
						[4.84181, 46.316587],
						[4.842262, 46.317116]
					],
					[
						[4.912569, 46.563184],
						[4.913196, 46.562411]
					],
					[
						[5.024207, 46.895622],
						[5.024267, 46.895588]
					],
					[
						[5.024127, 46.895311],
						[5.024034, 46.895041]
					],
					[
						[5.023937, 46.894759],
						[5.023891, 46.894624]
					],
					[
						[5.021749, 46.900668],
						[5.021667, 46.900979]
					],
					[
						[5.021667, 46.900979],
						[5.021712, 46.90128],
						[5.021897, 46.901579]
					],
					[
						[4.964904, 46.894045],
						[4.966635, 46.894778],
						[4.967864, 46.89541],
						[4.968465, 46.895649],
						[4.969411, 46.896223],
						[4.971527, 46.897684]
					],
					[
						[4.964656, 46.894072],
						[4.964904, 46.894045]
					],
					[
						[4.952454, 46.890792],
						[4.952687, 46.890925],
						[4.95306, 46.891278],
						[4.953133, 46.891461],
						[4.953499, 46.891927],
						[4.953848, 46.892044],
						[4.954913, 46.892631],
						[4.955597, 46.89293],
						[4.957961, 46.893372],
						[4.960077, 46.893609],
						[4.962845, 46.893758],
						[4.964127, 46.893918],
						[4.964456, 46.894049],
						[4.964656, 46.894072]
					],
					[
						[4.952438, 46.890742],
						[4.952454, 46.890792]
					],
					[
						[5.281053, 47.101681],
						[5.278153, 47.101281],
						[5.277115, 47.100997],
						[5.27605, 47.100803],
						[5.274031, 47.100628]
					],
					[
						[4.830231, 45.79798],
						[4.82991, 45.79786]
					],
					[
						[4.82991, 45.79786],
						[4.829994, 45.797771]
					],
					[
						[4.818291, 45.747881],
						[4.820316, 45.749325],
						[4.821723, 45.750185],
						[4.822667, 45.750854]
					],
					[
						[5.427465, 47.311899],
						[5.428552, 47.312027]
					],
					[
						[6.346506, 49.447293],
						[6.346581, 49.44715],
						[6.346534, 49.447002],
						[6.346378, 49.44689],
						[6.346156, 49.446846]
					],
					[
						[6.345651, 49.44807],
						[6.34546, 49.448402]
					],
					[
						[6.345644, 49.448476],
						[6.347672, 49.449289]
					],
					[
						[6.347672, 49.449289],
						[6.347737, 49.449315]
					],
					[
						[4.831234, 45.798278],
						[4.83225, 45.798681]
					],
					[
						[4.83225, 45.798681],
						[4.833832, 45.799156]
					],
					[
						[5.021842, 46.900552],
						[5.021749, 46.900668]
					],
					[
						[5.024186, 46.896892],
						[5.0224, 46.897314]
					],
					[
						[6.162879, 49.303136],
						[6.16316, 49.302931],
						[6.163661, 49.30228],
						[6.164183, 49.302075],
						[6.164427, 49.301804],
						[6.164895, 49.301094],
						[6.165169, 49.300813]
					],
					[
						[6.174026, 48.725219],
						[6.173884, 48.724784],
						[6.173895, 48.724002],
						[6.174493, 48.722614]
					],
					[
						[6.345254, 49.448303],
						[6.34546, 49.448402]
					],
					[
						[6.222257, 49.383041],
						[6.222048, 49.383834],
						[6.2216, 49.384393],
						[6.221456, 49.385228]
					],
					[
						[6.04326, 47.688844],
						[6.042511, 47.689155]
					],
					[
						[5.984075, 47.814652],
						[5.984483, 47.814596],
						[5.98479, 47.814431],
						[5.984941, 47.814265]
					],
					[
						[4.821868, 45.751669],
						[4.82322, 45.751238]
					],
					[
						[5.371403, 47.144872],
						[5.37144, 47.144769]
					],
					[
						[5.37144, 47.144769],
						[5.371992, 47.142544],
						[5.372556, 47.1408],
						[5.372711, 47.139745],
						[5.372668, 47.138943],
						[5.372346, 47.137698],
						[5.371971, 47.136892],
						[5.371933, 47.135633],
						[5.371536, 47.13418],
						[5.371182, 47.133626],
						[5.371118, 47.13337],
						[5.37101, 47.133312],
						[5.370689, 47.132819],
						[5.369364, 47.131243]
					],
					[
						[6.124251, 48.791353],
						[6.124576, 48.791494]
					],
					[
						[6.124251, 48.791353],
						[6.124176, 48.791048]
					],
					[
						[6.124176, 48.791048],
						[6.124114, 48.790926],
						[6.12385, 48.790697],
						[6.123737, 48.790342],
						[6.123677, 48.790297],
						[6.123547, 48.790295]
					],
					[
						[6.116883, 48.792677],
						[6.11536, 48.793367],
						[6.114431, 48.793867],
						[6.112901, 48.795003],
						[6.112062, 48.795904],
						[6.111145, 48.79723],
						[6.110896, 48.797803],
						[6.11075, 48.798356],
						[6.11073, 48.799379],
						[6.110829, 48.799926],
						[6.111083, 48.80067],
						[6.11154, 48.801361],
						[6.112174, 48.802026]
					],
					[
						[6.188891, 49.36428],
						[6.190549, 49.364617],
						[6.19069, 49.364535],
						[6.190653, 49.364089],
						[6.190709, 49.364026]
					],
					[
						[6.186005, 49.363386],
						[6.186664, 49.363558],
						[6.187934, 49.364027],
						[6.188891, 49.36428]
					],
					[
						[4.936995, 46.699213],
						[4.937055, 46.699078]
					],
					[
						[4.936858, 46.69947],
						[4.936995, 46.699213]
					],
					[
						[6.240387, 49.390595],
						[6.240915, 49.390782],
						[6.243506, 49.392127],
						[6.244478, 49.39254],
						[6.245478, 49.39283],
						[6.247563, 49.393147],
						[6.250993, 49.393509]
					],
					[
						[4.911197, 46.567713],
						[4.911126, 46.566981],
						[4.910872, 46.566848]
					],
					[
						[4.823403, 45.751256],
						[4.823936, 45.751722]
					],
					[
						[6.140459, 48.786836],
						[6.140079, 48.787294],
						[6.139761, 48.787472]
					],
					[
						[5.463793, 47.331147],
						[5.463948, 47.331197]
					],
					[
						[5.433064, 47.323275],
						[5.432482, 47.323206]
					],
					[
						[6.059401, 49.040552],
						[6.059164, 49.040431]
					],
					[
						[6.059164, 49.040431],
						[6.058276, 49.040486]
					],
					[
						[4.929972, 46.739156],
						[4.945211, 46.732812]
					],
					[
						[6.20103, 47.976285],
						[6.201, 47.976246]
					],
					[
						[4.91254, 46.483046],
						[4.912549, 46.482977]
					],
					[
						[4.912532, 46.487617],
						[4.912262, 46.486394],
						[4.912284, 46.485851],
						[4.912552, 46.484396],
						[4.91254, 46.483046]
					],
					[
						[6.372388, 49.459156],
						[6.372498, 49.458891]
					],
					[
						[5.444243, 47.351219],
						[5.444383, 47.351158]
					],
					[
						[5.441399, 47.358367],
						[5.440355, 47.357454]
					],
					[
						[5.536464, 47.405954],
						[5.536469, 47.40592]
					],
					[
						[5.536386, 47.406488],
						[5.536395, 47.406425]
					],
					[
						[5.477077, 47.39749],
						[5.478184, 47.397247]
					],
					[
						[5.470485, 47.397102],
						[5.471705, 47.397175]
					],
					[
						[5.443899, 47.351596],
						[5.444243, 47.351219]
					],
					[
						[5.460114, 47.331186],
						[5.461202, 47.331946]
					],
					[
						[5.544732, 47.411719],
						[5.544538, 47.411619]
					],
					[
						[5.545923, 47.412348],
						[5.544732, 47.411719]
					],
					[
						[6.017616, 47.780837],
						[6.018537, 47.779979],
						[6.022691, 47.776361],
						[6.023854, 47.775647],
						[6.024924, 47.774819],
						[6.025561, 47.774429]
					],
					[
						[6.017434, 47.780987],
						[6.017616, 47.780837]
					],
					[
						[6.01704, 47.781367],
						[6.017434, 47.780987]
					],
					[
						[6.017434, 47.780987],
						[6.01704, 47.781367]
					],
					[
						[6.027769, 47.772995],
						[6.029657, 47.772094]
					],
					[
						[5.996784, 47.919187],
						[5.996709, 47.919128]
					],
					[
						[6.1706, 48.745285],
						[6.167436, 48.745654],
						[6.165139, 48.745851],
						[6.163931, 48.745817],
						[6.163465, 48.745848]
					],
					[
						[6.178679, 48.743814],
						[6.178526, 48.744056],
						[6.178238, 48.744173],
						[6.176036, 48.744376],
						[6.173155, 48.744962],
						[6.1706, 48.745285]
					],
					[
						[6.150472, 48.753613],
						[6.14908, 48.755174],
						[6.148717, 48.755466],
						[6.14801, 48.756242],
						[6.148082, 48.756922],
						[6.146959, 48.759713],
						[6.146651, 48.760238],
						[6.145818, 48.761049],
						[6.143392, 48.762629]
					],
					[
						[6.163465, 48.745848],
						[6.162331, 48.745993],
						[6.160958, 48.746385],
						[6.160401, 48.746623],
						[6.157711, 48.748032],
						[6.156511, 48.748771],
						[6.155563, 48.749159],
						[6.155361, 48.749183],
						[6.154913, 48.749142],
						[6.154578, 48.749004],
						[6.154441, 48.748868],
						[6.154418, 48.748638],
						[6.15494, 48.747284],
						[6.154929, 48.747152],
						[6.154833, 48.747055]
					],
					[
						[6.136397, 48.77806],
						[6.136586, 48.777791]
					],
					[
						[6.316628, 48.095643],
						[6.316789, 48.094386],
						[6.316677, 48.094028],
						[6.316415, 48.093699],
						[6.31589, 48.093371],
						[6.312655, 48.092379],
						[6.311997, 48.092095],
						[6.311564, 48.091825],
						[6.309228, 48.090005],
						[6.308047, 48.089005],
						[6.306043, 48.086298],
						[6.304225, 48.084812],
						[6.304058, 48.084628]
					],
					[
						[6.304058, 48.084628],
						[6.303194, 48.083987],
						[6.296093, 48.080029],
						[6.295018, 48.079347],
						[6.29468, 48.07907],
						[6.294362, 48.078716],
						[6.29411, 48.078253],
						[6.293471, 48.075074],
						[6.293348, 48.074795],
						[6.293034, 48.074467],
						[6.292584, 48.074237],
						[6.288778, 48.073014],
						[6.28799, 48.072744],
						[6.287644, 48.072566],
						[6.286398, 48.071772],
						[6.283229, 48.06959],
						[6.282059, 48.068191],
						[6.281578, 48.067702],
						[6.281316, 48.067508],
						[6.280272, 48.066937],
						[6.277113, 48.065832],
						[6.276884, 48.065692]
					],
					[
						[6.147019, 49.119259],
						[6.146912, 49.119229]
					],
					[
						[6.147276, 49.11932],
						[6.147019, 49.119259]
					],
					[
						[6.224221, 49.385337],
						[6.227145, 49.385521]
					],
					[
						[6.095757, 49.088619],
						[6.094988, 49.088079],
						[6.094138, 49.087661],
						[6.09414, 49.087509],
						[6.094329, 49.087228],
						[6.094294, 49.087088],
						[6.094133, 49.08688]
					],
					[
						[4.756928, 46.079684],
						[4.757746, 46.07884]
					],
					[
						[4.755692, 46.080765],
						[4.754833, 46.081563],
						[4.754662, 46.081782]
					],
					[
						[4.756424, 46.080136],
						[4.755692, 46.080765]
					],
					[
						[6.126108, 48.811572],
						[6.126289, 48.812632],
						[6.126832, 48.813704],
						[6.127036, 48.814262]
					],
					[
						[6.128399, 48.791457],
						[6.131388, 48.791988],
						[6.133989, 48.792362],
						[6.135103, 48.792419],
						[6.136099, 48.792344]
					],
					[
						[6.124735, 48.79147],
						[6.125483, 48.791364],
						[6.126431, 48.791301],
						[6.127209, 48.791334],
						[6.128399, 48.791457]
					],
					[
						[6.099649, 48.825029],
						[6.098502, 48.824909],
						[6.094805, 48.824133],
						[6.094016, 48.824061],
						[6.093724, 48.8241],
						[6.09352, 48.82428],
						[6.093279, 48.824707],
						[6.093236, 48.825122],
						[6.092639, 48.825409]
					],
					[
						[6.138772, 48.788124],
						[6.138805, 48.78796],
						[6.138933, 48.787809]
					],
					[
						[6.148262, 49.120793],
						[6.146775, 49.120365]
					],
					[
						[6.148201, 49.119711],
						[6.148358, 49.119636]
					],
					[
						[6.146893, 49.120317],
						[6.148262, 49.120793]
					],
					[
						[6.146893, 49.120317],
						[6.146977, 49.120286]
					],
					[
						[6.146977, 49.120286],
						[6.147515, 49.119955]
					],
					[
						[4.840486, 45.804728],
						[4.839619, 45.803562],
						[4.838398, 45.802455],
						[4.838277, 45.802198],
						[4.838348, 45.801597]
					],
					[
						[5.978037, 47.820288],
						[5.978881, 47.81947],
						[5.979535, 47.818933],
						[5.980986, 47.818032]
					],
					[
						[4.928827, 46.739638],
						[4.929972, 46.739156]
					],
					[
						[4.915293, 46.745272],
						[4.928827, 46.739638]
					],
					[
						[4.782479, 46.19045],
						[4.781827, 46.189792],
						[4.781559, 46.189307],
						[4.781286, 46.188418],
						[4.781163, 46.18829],
						[4.781204, 46.188026],
						[4.781362, 46.187791]
					],
					[
						[4.950562, 46.730584],
						[4.957875, 46.727525],
						[4.958275, 46.727267]
					],
					[
						[4.895919, 46.7693],
						[4.895862, 46.769326]
					],
					[
						[4.895919, 46.7693],
						[4.895746, 46.769116],
						[4.895793, 46.769025],
						[4.896602, 46.768607]
					],
					[
						[4.897056, 46.768265],
						[4.896597, 46.768531],
						[4.896602, 46.768607]
					],
					[
						[4.89986, 46.766316],
						[4.900046, 46.766111]
					],
					[
						[4.899642, 46.766538],
						[4.898792, 46.767264],
						[4.897056, 46.768265]
					],
					[
						[4.901004, 46.754817],
						[4.901441, 46.754885]
					],
					[
						[4.902426, 46.752916],
						[4.901441, 46.754885]
					],
					[
						[4.903728, 46.750954],
						[4.903096, 46.751668],
						[4.903077, 46.751874],
						[4.902677, 46.752648],
						[4.902426, 46.752916]
					],
					[
						[4.903728, 46.750954],
						[4.90382, 46.7507]
					],
					[
						[4.912175, 46.746567],
						[4.913641, 46.74596]
					],
					[
						[4.945211, 46.732812],
						[4.945471, 46.732705]
					],
					[
						[4.94632, 46.732353],
						[4.950562, 46.730584]
					],
					[
						[4.812448, 45.909993],
						[4.812093, 45.908469],
						[4.811697, 45.907321],
						[4.811273, 45.906626],
						[4.810333, 45.905684]
					],
					[
						[4.875833, 46.780278],
						[4.87507, 46.780901],
						[4.872614, 46.782539],
						[4.871968, 46.782851],
						[4.871365, 46.783233]
					],
					[
						[4.877836, 46.772667],
						[4.878525, 46.772408],
						[4.879501, 46.77214],
						[4.880049, 46.772074],
						[4.881335, 46.772184]
					],
					[
						[4.893162, 46.772068],
						[4.893576, 46.770285]
					],
					[
						[6.187893, 49.285714],
						[6.187333, 49.286537],
						[6.186987, 49.286941],
						[6.186538, 49.287256],
						[6.185976, 49.287502],
						[6.185208, 49.287751],
						[6.184815, 49.287938],
						[6.184424, 49.288192],
						[6.184074, 49.288559],
						[6.183771, 49.288892],
						[6.183623, 49.289149],
						[6.183187, 49.290128],
						[6.182842, 49.290735],
						[6.182642, 49.291403]
					],
					[
						[4.86281, 46.802846],
						[4.862161, 46.803014],
						[4.86166, 46.803312],
						[4.861465, 46.803365]
					],
					[
						[4.862596, 46.807457],
						[4.862168, 46.806836],
						[4.861777, 46.80643]
					],
					[
						[4.862759, 46.807648],
						[4.862596, 46.807457]
					],
					[
						[4.863766, 46.807362],
						[4.863656, 46.807313],
						[4.863341, 46.807358],
						[4.862663, 46.807668],
						[4.862218, 46.807983],
						[4.862844, 46.807805],
						[4.862759, 46.807648]
					],
					[
						[4.879268, 46.816124],
						[4.875797, 46.815003],
						[4.869556, 46.811962]
					],
					[
						[4.869556, 46.811962],
						[4.866654, 46.810537],
						[4.865551, 46.809782],
						[4.865227, 46.809442]
					],
					[
						[5.829593, 47.589711],
						[5.830961, 47.594218],
						[5.831776, 47.596122],
						[5.832996, 47.597953],
						[5.834108, 47.599274],
						[5.835561, 47.600667],
						[5.836041, 47.601069],
						[5.836484, 47.601272]
					],
					[
						[5.827869, 47.587],
						[5.828055, 47.58713]
					],
					[
						[6.117902, 48.805295],
						[6.117143, 48.80475],
						[6.116713, 48.804313]
					],
					[
						[6.102204, 48.825115],
						[6.104171, 48.824963],
						[6.104988, 48.824834],
						[6.106738, 48.824452],
						[6.108862, 48.823942],
						[6.112617, 48.8228]
					],
					[
						[6.120541, 48.806806],
						[6.119192, 48.806142],
						[6.117902, 48.805295]
					],
					[
						[6.1203, 48.806973],
						[6.120541, 48.806806]
					],
					[
						[6.1203, 48.806973],
						[6.12177, 48.807698]
					],
					[
						[6.115749, 48.803887],
						[6.116619, 48.804333],
						[6.116713, 48.804313]
					],
					[
						[6.113702, 48.803117],
						[6.114635, 48.803294],
						[6.115053, 48.803635],
						[6.115749, 48.803887]
					],
					[
						[6.124576, 48.791494],
						[6.124735, 48.79147]
					],
					[
						[6.136099, 48.792344],
						[6.136498, 48.792279]
					],
					[
						[6.138731, 48.788137],
						[6.138809, 48.788239]
					],
					[
						[6.138636, 48.788212],
						[6.138731, 48.788137]
					],
					[
						[6.139048, 48.787725],
						[6.139383, 48.787647],
						[6.139761, 48.787472]
					],
					[
						[6.139035, 48.788356],
						[6.13863, 48.788267],
						[6.138636, 48.788212]
					],
					[
						[6.138754, 48.779856],
						[6.138253, 48.779598],
						[6.137935, 48.779541]
					],
					[
						[6.137935, 48.779541],
						[6.137527, 48.779751],
						[6.137378, 48.779763]
					],
					[
						[6.092639, 48.825409],
						[6.092299, 48.825511]
					],
					[
						[6.090872, 48.826194],
						[6.091915, 48.825654],
						[6.092299, 48.825511]
					],
					[
						[6.101493, 48.825215],
						[6.101462, 48.825176],
						[6.100657, 48.825063]
					],
					[
						[6.080205, 48.848788],
						[6.080756, 48.848732]
					],
					[
						[6.091232, 48.835326],
						[6.091074, 48.836132],
						[6.090893, 48.836411],
						[6.09051, 48.839419],
						[6.090444, 48.839793],
						[6.090332, 48.840036],
						[6.089978, 48.840498],
						[6.089379, 48.840893],
						[6.088889, 48.841056],
						[6.088168, 48.841436],
						[6.08756, 48.841929]
					],
					[
						[6.08756, 48.841929],
						[6.086703, 48.842228],
						[6.086023, 48.842382],
						[6.084866, 48.842878],
						[6.083106, 48.843809],
						[6.082707, 48.844087],
						[6.082183, 48.844332],
						[6.081134, 48.845104],
						[6.080566, 48.845738],
						[6.079934, 48.847087],
						[6.080242, 48.848041],
						[6.080512, 48.848391]
					],
					[
						[6.086849, 48.829051],
						[6.088032, 48.829715],
						[6.088213, 48.830005],
						[6.088469, 48.830648],
						[6.089252, 48.831835]
					],
					[
						[6.090872, 48.826194],
						[6.09057, 48.826224],
						[6.089582, 48.826586],
						[6.08896, 48.826874],
						[6.087318, 48.827811],
						[6.087193, 48.827909],
						[6.086927, 48.828473],
						[6.086849, 48.829051]
					],
					[
						[6.089596, 48.83176],
						[6.089252, 48.831835]
					],
					[
						[6.089596, 48.83176],
						[6.090721, 48.832487],
						[6.091012, 48.832745],
						[6.091563, 48.833059]
					],
					[
						[6.091563, 48.833059],
						[6.091737, 48.833257],
						[6.091755, 48.833398],
						[6.091254, 48.834091],
						[6.090898, 48.834346],
						[6.090552, 48.834719]
					],
					[
						[6.257205, 48.409766],
						[6.257049, 48.408963],
						[6.256873, 48.408414],
						[6.256888, 48.408191]
					],
					[
						[4.808947, 45.773986],
						[4.808935, 45.773918]
					],
					[
						[4.809366, 45.773475],
						[4.809457, 45.773435]
					],
					[
						[5.150696, 47.012633],
						[5.150702, 47.01238]
					],
					[
						[5.15069, 47.013198],
						[5.150638, 47.012978],
						[5.150696, 47.012633]
					],
					[
						[5.150702, 47.01238],
						[5.15054, 47.00946],
						[5.150428, 47.008865],
						[5.14994, 47.00772],
						[5.149132, 47.006638]
					],
					[
						[5.147818, 47.020553],
						[5.148176, 47.020313],
						[5.148431, 47.020211]
					],
					[
						[5.143835, 47.056518],
						[5.14396, 47.055965],
						[5.14397, 47.055548]
					],
					[
						[5.032024, 46.895308],
						[5.031016, 46.895433],
						[5.029908, 46.895893],
						[5.02932, 46.89604]
					],
					[
						[5.080811, 46.905053],
						[5.081755, 46.904527]
					],
					[
						[5.075257, 46.899153],
						[5.074927, 46.899131],
						[5.073367, 46.899244],
						[5.072933, 46.899354],
						[5.072339, 46.899593]
					],
					[
						[5.094304, 46.938143],
						[5.094149, 46.937917],
						[5.094186, 46.937684],
						[5.094857, 46.937071],
						[5.09493, 46.936886],
						[5.094518, 46.93597]
					],
					[
						[5.097156, 46.939907],
						[5.095417, 46.93904],
						[5.094304, 46.938143]
					],
					[
						[4.832795, 46.301453],
						[4.832092, 46.30063],
						[4.831264, 46.299105],
						[4.83109, 46.299053]
					],
					[
						[5.356942, 47.084909],
						[5.357757, 47.086054],
						[5.358278, 47.087172],
						[5.359764, 47.089185],
						[5.361159, 47.090842],
						[5.361844, 47.091983],
						[5.361979, 47.092334]
					],
					[
						[6.224871, 49.382739],
						[6.224221, 49.385337]
					],
					[
						[6.426163, 48.246334],
						[6.426306, 48.246391]
					],
					[
						[6.426306, 48.246391],
						[6.42646, 48.246427]
					],
					[
						[6.290866, 48.450133],
						[6.291894, 48.453235],
						[6.292037, 48.453313]
					],
					[
						[6.289883, 48.448708],
						[6.288781, 48.447401],
						[6.288583, 48.44727]
					],
					[
						[6.290022, 48.448861],
						[6.289883, 48.448708]
					],
					[
						[4.750621, 46.009828],
						[4.750619, 46.009749]
					],
					[
						[6.286857, 48.376905],
						[6.287001, 48.376876],
						[6.287439, 48.376911],
						[6.288224, 48.377029],
						[6.288855, 48.377022],
						[6.289676, 48.376896],
						[6.2902, 48.376735],
						[6.293699, 48.375181],
						[6.296181, 48.373683],
						[6.296738, 48.373112],
						[6.296967, 48.372701],
						[6.299229, 48.368036],
						[6.299281, 48.367671],
						[6.300114, 48.366273],
						[6.300476, 48.365778],
						[6.30138, 48.364875],
						[6.309901, 48.358533],
						[6.311902, 48.357201],
						[6.313567, 48.35631],
						[6.314478, 48.355886],
						[6.322313, 48.352422]
					],
					[
						[6.072342, 48.8691],
						[6.072028, 48.870912]
					],
					[
						[6.071567, 48.872461],
						[6.071441, 48.872837]
					],
					[
						[6.056792, 48.891796],
						[6.058869, 48.892428],
						[6.058566, 48.893617],
						[6.058656, 48.893805],
						[6.058705, 48.893845],
						[6.060092, 48.894121],
						[6.059688, 48.89705],
						[6.059598, 48.897336],
						[6.059423, 48.897568],
						[6.059383, 48.898011],
						[6.059284, 48.89828],
						[6.059088, 48.898506]
					],
					[
						[6.057161, 48.890799],
						[6.057336, 48.890671],
						[6.057835, 48.889876],
						[6.057944, 48.889799]
					],
					[
						[6.06893, 48.872649],
						[6.069376, 48.871953]
					],
					[
						[6.057944, 48.889799],
						[6.058341, 48.889307],
						[6.058544, 48.888912],
						[6.061412, 48.88445]
					],
					[
						[6.058991, 48.90215],
						[6.059104, 48.902226],
						[6.058497, 48.902684],
						[6.058105, 48.902903],
						[6.057798, 48.902926]
					],
					[
						[6.061847, 48.883795],
						[6.067917, 48.874257]
					],
					[
						[6.030155, 48.97711],
						[6.030321, 48.977049]
					],
					[
						[6.217381, 48.628905],
						[6.21537, 48.629868]
					],
					[
						[6.217636, 48.628779],
						[6.217381, 48.628905]
					],
					[
						[6.21537, 48.629868],
						[6.215028, 48.630006]
					],
					[
						[6.218483, 48.626492],
						[6.219044, 48.627584],
						[6.219043, 48.627846],
						[6.218898, 48.628093],
						[6.218581, 48.628335],
						[6.217968, 48.628687],
						[6.217703, 48.628758]
					],
					[
						[6.217231, 48.641294],
						[6.218006, 48.641775]
					],
					[
						[6.218006, 48.641775],
						[6.218999, 48.642429],
						[6.219702, 48.643046],
						[6.22178, 48.645271],
						[6.222062, 48.645657],
						[6.222201, 48.645959],
						[6.222288, 48.646804],
						[6.222187, 48.647329],
						[6.222014, 48.647818],
						[6.221623, 48.648452],
						[6.220558, 48.64968],
						[6.220206, 48.650229],
						[6.220057, 48.650652],
						[6.220032, 48.651411],
						[6.220296, 48.652092],
						[6.221248, 48.653402],
						[6.22162, 48.653828],
						[6.222482, 48.654632],
						[6.223187, 48.655166],
						[6.223876, 48.65549],
						[6.225547, 48.655995],
						[6.226572, 48.656403],
						[6.2272, 48.656795]
					],
					[
						[6.230601, 48.65956],
						[6.230655, 48.659569],
						[6.2308, 48.659424]
					],
					[
						[6.2308, 48.659424],
						[6.230821, 48.659401]
					],
					[
						[6.202978, 48.617814],
						[6.203011, 48.617886]
					],
					[
						[6.204344, 48.619499],
						[6.204161, 48.619574]
					],
					[
						[6.203833, 48.619928],
						[6.204084, 48.620047],
						[6.204521, 48.620066],
						[6.204673, 48.620116]
					],
					[
						[6.206881, 48.620663],
						[6.207673, 48.620799]
					],
					[
						[6.206454, 48.620578],
						[6.206881, 48.620663]
					],
					[
						[6.207713, 48.620806],
						[6.209122, 48.621018]
					],
					[
						[6.209122, 48.621018],
						[6.210478, 48.621256],
						[6.211237, 48.621328],
						[6.211965, 48.621496],
						[6.213132, 48.621892],
						[6.213598, 48.62214]
					],
					[
						[6.213892, 48.622326],
						[6.215579, 48.623255]
					],
					[
						[6.213598, 48.62214],
						[6.213892, 48.622326]
					],
					[
						[6.215871, 48.623429],
						[6.216804, 48.624121],
						[6.217262, 48.624603]
					],
					[
						[6.215579, 48.623255],
						[6.215871, 48.623429]
					],
					[
						[6.217387, 48.624764],
						[6.218134, 48.625742],
						[6.218319, 48.626168]
					],
					[
						[6.217262, 48.624603],
						[6.217387, 48.624764]
					],
					[
						[6.218319, 48.626168],
						[6.218483, 48.626492]
					],
					[
						[6.174537, 48.608294],
						[6.175721, 48.608249]
					],
					[
						[6.198364, 48.613653],
						[6.199401, 48.614292],
						[6.200522, 48.61516],
						[6.201307, 48.615943],
						[6.202978, 48.617814]
					],
					[
						[6.155334, 48.601628],
						[6.155676, 48.601655]
					],
					[
						[6.157814, 48.602696],
						[6.158273, 48.603082]
					],
					[
						[6.156923, 48.602005],
						[6.157025, 48.602004],
						[6.15724, 48.602241],
						[6.157814, 48.602696]
					],
					[
						[6.161272, 48.605067],
						[6.164911, 48.606583]
					],
					[
						[6.160458, 48.604693],
						[6.161272, 48.605067]
					],
					[
						[6.165332, 48.60681],
						[6.168025, 48.607819],
						[6.168957, 48.608054],
						[6.170325, 48.608266],
						[6.17129, 48.608343],
						[6.173603, 48.608313]
					],
					[
						[6.164911, 48.606583],
						[6.165332, 48.60681]
					],
					[
						[6.203908, 48.619627],
						[6.204002, 48.619768],
						[6.203927, 48.61989],
						[6.203743, 48.619939],
						[6.203555, 48.619901],
						[6.203468, 48.619751],
						[6.203505, 48.619675],
						[6.203638, 48.619601],
						[6.203908, 48.619627]
					],
					[
						[6.175909, 49.353422],
						[6.175709, 49.353309]
					],
					[
						[6.224871, 49.382739],
						[6.223299, 49.382589]
					],
					[
						[6.150028, 47.962528],
						[6.149248, 47.962297],
						[6.147323, 47.962026],
						[6.144619, 47.96133],
						[6.143731, 47.961029],
						[6.137028, 47.958346],
						[6.136137, 47.958071],
						[6.135586, 47.957951],
						[6.134797, 47.95783],
						[6.134083, 47.957782]
					],
					[
						[5.995306, 47.912109],
						[5.995327, 47.912071],
						[5.995161, 47.911912],
						[5.995039, 47.911487],
						[5.995256, 47.910884],
						[5.995591, 47.910302],
						[5.995777, 47.909683]
					],
					[
						[6.041347, 49.00959],
						[6.041237, 49.009591]
					],
					[
						[6.041355, 49.00959],
						[6.041347, 49.00959]
					],
					[
						[6.058172, 48.898361],
						[6.058267, 48.898304]
					],
					[
						[6.050893, 48.90873],
						[6.050856, 48.908632],
						[6.051166, 48.908332]
					],
					[
						[6.039644, 48.952754],
						[6.039633, 48.952441],
						[6.040002, 48.951266]
					],
					[
						[6.3618, 49.444337],
						[6.361738, 49.444362]
					],
					[
						[6.361918, 49.444255],
						[6.3618, 49.444337]
					],
					[
						[6.258301, 48.413944],
						[6.258422, 48.413854],
						[6.258819, 48.413719],
						[6.25893, 48.413564],
						[6.258924, 48.413426],
						[6.258832, 48.41332],
						[6.258563, 48.41317],
						[6.25802, 48.413104],
						[6.257836, 48.413012]
					],
					[
						[4.752212, 45.986267],
						[4.752255, 45.985326]
					],
					[
						[6.178679, 48.743814],
						[6.178688, 48.743257]
					],
					[
						[6.19052, 48.704362],
						[6.190276, 48.704565]
					],
					[
						[6.188983, 48.705221],
						[6.189628, 48.704964],
						[6.189888, 48.704796]
					],
					[
						[6.172729, 48.713277],
						[6.17225, 48.713263]
					],
					[
						[4.915485, 46.560042],
						[4.916575, 46.558339]
					],
					[
						[4.915443, 46.560102],
						[4.915485, 46.560042]
					],
					[
						[6.038757, 48.955102],
						[6.039659, 48.953043],
						[6.039644, 48.952754]
					],
					[
						[6.038742, 48.955147],
						[6.038757, 48.955102]
					],
					[
						[6.041454, 48.918021],
						[6.041664, 48.91806]
					],
					[
						[4.893091, 46.772402],
						[4.893162, 46.772068]
					],
					[
						[4.893058, 46.772543],
						[4.893091, 46.772402]
					],
					[
						[4.892986, 46.772933],
						[4.893058, 46.772543]
					],
					[
						[6.052137, 49.024161],
						[6.051174, 49.022774]
					],
					[
						[6.183237, 48.702246],
						[6.183897, 48.702064]
					],
					[
						[6.263597, 49.398622],
						[6.259444, 49.397393],
						[6.258533, 49.397177],
						[6.25835, 49.397211],
						[6.258243, 49.397309],
						[6.258275, 49.397435],
						[6.25864, 49.398119],
						[6.258812, 49.398608],
						[6.258929, 49.399027],
						[6.258983, 49.399669],
						[6.259444, 49.400193],
						[6.259563, 49.400556],
						[6.259603, 49.40096]
					],
					[
						[6.361738, 49.444362],
						[6.361363, 49.44412],
						[6.36048, 49.443368]
					],
					[
						[4.809271, 45.780586],
						[4.810901, 45.782583]
					],
					[
						[4.917786, 46.555514],
						[4.917629, 46.555867]
					],
					[
						[4.917934, 46.555136],
						[4.917786, 46.555514]
					],
					[
						[4.918276, 46.554432],
						[4.917934, 46.555136]
					],
					[
						[4.913496, 46.562047],
						[4.914016, 46.561441]
					],
					[
						[4.913239, 46.562359],
						[4.913496, 46.562047]
					],
					[
						[4.913196, 46.562411],
						[4.913239, 46.562359]
					],
					[
						[6.123547, 48.790295],
						[6.122793, 48.790374],
						[6.12184, 48.790607],
						[6.121098, 48.790874],
						[6.116883, 48.792677]
					],
					[
						[6.059164, 49.040431],
						[6.059375, 49.040441],
						[6.059401, 49.040552]
					],
					[
						[4.815538, 45.733225],
						[4.815701, 45.732373],
						[4.815951, 45.73213]
					],
					[
						[6.345574, 49.448447],
						[6.345644, 49.448476]
					],
					[
						[6.347737, 49.449315],
						[6.347898, 49.449391]
					],
					[
						[4.848963, 45.815868],
						[4.847825, 45.815392],
						[4.847335, 45.815253]
					],
					[
						[6.195399, 49.143924],
						[6.195573, 49.143605],
						[6.195558, 49.143427],
						[6.195451, 49.143152],
						[6.195022, 49.142476]
					],
					[
						[6.195703, 49.144078],
						[6.195399, 49.143924]
					],
					[
						[6.201505, 49.152546],
						[6.200974, 49.151644],
						[6.201086, 49.150876],
						[6.200341, 49.148956],
						[6.199109, 49.146218],
						[6.198751, 49.145729],
						[6.198447, 49.145437],
						[6.198219, 49.144846],
						[6.197972, 49.1445],
						[6.197884, 49.14397],
						[6.197829, 49.143895],
						[6.197683, 49.143848],
						[6.197177, 49.143826],
						[6.195703, 49.144078]
					],
					[
						[5.145091, 46.99681],
						[5.1452, 46.996638]
					],
					[
						[5.144545, 46.997633],
						[5.145091, 46.99681]
					],
					[
						[4.833832, 45.799156],
						[4.835648, 45.799703],
						[4.836551, 45.800085]
					],
					[
						[4.840486, 45.804728],
						[4.840396, 45.804555]
					],
					[
						[4.86281, 46.802846],
						[4.862906, 46.802786],
						[4.862979, 46.802626]
					],
					[
						[6.057946, 48.898509],
						[6.058021, 48.898453]
					],
					[
						[6.056785, 48.903685],
						[6.056298, 48.903989]
					],
					[
						[4.823936, 45.751722],
						[4.823864, 45.751756],
						[4.823469, 45.751411],
						[4.823322, 45.751368]
					],
					[
						[6.03058, 48.977026],
						[6.030681, 48.977016],
						[6.030672, 48.973884],
						[6.030879, 48.97298],
						[6.034867, 48.963942],
						[6.035743, 48.961835],
						[6.036749, 48.959594],
						[6.037521, 48.958111],
						[6.03812, 48.956623]
					],
					[
						[6.030377, 48.977044],
						[6.03058, 48.977026]
					],
					[
						[6.182586, 49.278819],
						[6.182548, 49.278528],
						[6.18233, 49.278211],
						[6.18227, 49.278017],
						[6.181338, 49.263896]
					],
					[
						[6.061412, 48.88445],
						[6.061648, 48.88406]
					],
					[
						[6.061648, 48.88406],
						[6.061847, 48.883795]
					],
					[
						[6.067917, 48.874257],
						[6.06893, 48.872649]
					],
					[
						[6.069963, 48.872235],
						[6.070125, 48.872535]
					],
					[
						[6.071643, 48.872329],
						[6.071567, 48.872461]
					],
					[
						[6.072028, 48.870912],
						[6.071809, 48.872029],
						[6.071643, 48.872329]
					],
					[
						[6.07222, 48.868983],
						[6.072342, 48.8691]
					],
					[
						[6.078045, 48.849016],
						[6.077903, 48.849933]
					],
					[
						[6.073899, 48.865182],
						[6.073862, 48.865538],
						[6.072563, 48.867567],
						[6.072422, 48.867866],
						[6.072266, 48.868478],
						[6.07222, 48.868983]
					],
					[
						[6.074002, 48.865014],
						[6.073899, 48.865182]
					],
					[
						[6.080512, 48.848391],
						[6.080733, 48.848584]
					],
					[
						[6.080733, 48.848584],
						[6.080756, 48.848732]
					],
					[
						[6.12177, 48.807698],
						[6.123982, 48.808934]
					],
					[
						[6.123982, 48.808934],
						[6.124557, 48.809272],
						[6.12521, 48.809798],
						[6.125931, 48.811076],
						[6.126108, 48.811572]
					],
					[
						[6.113008, 48.802714],
						[6.113374, 48.802974],
						[6.113702, 48.803117]
					],
					[
						[6.112174, 48.802026],
						[6.112726, 48.802571],
						[6.113008, 48.802714]
					],
					[
						[6.057625, 48.898977],
						[6.058568, 48.899542]
					],
					[
						[6.057701, 48.898865],
						[6.057946, 48.898509]
					],
					[
						[6.057637, 48.898958],
						[6.057701, 48.898865]
					],
					[
						[6.058876, 48.898634],
						[6.058813, 48.898666]
					],
					[
						[6.059088, 48.898506],
						[6.058876, 48.898634]
					],
					[
						[6.05699, 48.891069],
						[6.057161, 48.890799]
					],
					[
						[6.056792, 48.891796],
						[6.05687, 48.89155],
						[6.05699, 48.891418],
						[6.056938, 48.891305],
						[6.05699, 48.891069]
					],
					[
						[4.879623, 46.815594],
						[4.879268, 46.816124]
					],
					[
						[4.882121, 46.814324],
						[4.883562, 46.814652]
					],
					[
						[4.828863, 45.766267],
						[4.828811, 45.766341]
					],
					[
						[4.828834, 46.277542],
						[4.828838, 46.27783],
						[4.829107, 46.277839],
						[4.82962, 46.278174],
						[4.830118, 46.278304],
						[4.830734, 46.278298],
						[4.831152, 46.278225],
						[4.831568, 46.278091],
						[4.833815, 46.277146],
						[4.834608, 46.27693],
						[4.834707, 46.276952],
						[4.835224, 46.278056],
						[4.836186, 46.280676],
						[4.83703, 46.28224]
					],
					[
						[6.197103, 48.686431],
						[6.197814, 48.684857]
					],
					[
						[6.197066, 48.686505],
						[6.197103, 48.686431]
					],
					[
						[4.819535, 46.263813],
						[4.819184, 46.263282],
						[4.819165, 46.26289],
						[4.81907, 46.262714],
						[4.818787, 46.262553],
						[4.817543, 46.262298],
						[4.817109, 46.262016],
						[4.816969, 46.261766]
					],
					[
						[5.142795, 47.059584],
						[5.142538, 47.059265]
					],
					[
						[5.143599, 47.060847],
						[5.142795, 47.059584]
					],
					[
						[5.1584, 47.060414],
						[5.159703, 47.060385]
					],
					[
						[6.43647, 48.223615],
						[6.436325, 48.22356],
						[6.436254, 48.223453],
						[6.436475, 48.22291],
						[6.436437, 48.222798]
					],
					[
						[6.176353, 49.361119],
						[6.173695, 49.359869],
						[6.170705, 49.358259]
					],
					[
						[4.830513, 46.297477],
						[4.830634, 46.297465]
					],
					[
						[4.830548, 46.297567],
						[4.830446, 46.297611],
						[4.830417, 46.297729]
					],
					[
						[6.182702, 49.218013],
						[6.182679, 49.217778]
					],
					[
						[6.182713, 49.218208],
						[6.182702, 49.218013]
					],
					[
						[5.595487, 47.448276],
						[5.595597, 47.448335]
					],
					[
						[5.595597, 47.448335],
						[5.596132, 47.448636],
						[5.596711, 47.449072],
						[5.596797, 47.449257],
						[5.596821, 47.449797]
					],
					[
						[6.217703, 48.628758],
						[6.217636, 48.628779]
					],
					[
						[6.207673, 48.620799],
						[6.207713, 48.620806]
					],
					[
						[6.160225, 49.127595],
						[6.159689, 49.125818],
						[6.159533, 49.125475]
					],
					[
						[4.930881, 46.71055],
						[4.93113, 46.710416],
						[4.931453, 46.709986]
					],
					[
						[4.950307, 46.718774],
						[4.950472, 46.718694]
					],
					[
						[4.956478, 46.726399],
						[4.954754, 46.725498],
						[4.953088, 46.724396],
						[4.95255, 46.724131]
					],
					[
						[6.159517, 49.125373],
						[6.159134, 49.12473],
						[6.158755, 49.12429],
						[6.158498, 49.124102]
					],
					[
						[6.159505, 49.125479],
						[6.159508, 49.126466],
						[6.159568, 49.12663],
						[6.159672, 49.126709]
					],
					[
						[6.162177, 49.126395],
						[6.162552, 49.126309]
					],
					[
						[4.827913, 45.759598],
						[4.827978, 45.759686]
					],
					[
						[4.82179, 45.751723],
						[4.821767, 45.751797],
						[4.821831, 45.751885],
						[4.823468, 45.753562],
						[4.82433, 45.755615],
						[4.824414, 45.755663],
						[4.824572, 45.756012],
						[4.82531, 45.756978],
						[4.826937, 45.75859],
						[4.826976, 45.758711],
						[4.827913, 45.759598]
					],
					[
						[6.26143, 48.421028],
						[6.261303, 48.420945],
						[6.261242, 48.420722],
						[6.258856, 48.416378],
						[6.258551, 48.41572]
					],
					[
						[6.295858, 48.465191],
						[6.295767, 48.46486]
					],
					[
						[4.871365, 46.783233],
						[4.871281, 46.78329]
					],
					[
						[4.872115, 46.782919],
						[4.87163, 46.783307]
					],
					[
						[4.871281, 46.78329],
						[4.871845, 46.783589]
					],
					[
						[4.871743, 46.783387],
						[4.872297, 46.783068]
					],
					[
						[6.170014, 49.129974],
						[6.169722, 49.130114]
					],
					[
						[5.448717, 47.265819],
						[5.447798, 47.265182],
						[5.447267, 47.264935],
						[5.446965, 47.264898],
						[5.446074, 47.264904]
					],
					[
						[6.207087, 48.691804],
						[6.206112, 48.691419]
					],
					[
						[6.232394, 48.659644],
						[6.232694, 48.659466]
					],
					[
						[5.971383, 47.664801],
						[5.971529, 47.664716]
					],
					[
						[5.971529, 47.664716],
						[5.971481, 47.664846]
					],
					[
						[5.971281, 47.664887],
						[5.971098, 47.664838]
					],
					[
						[5.971098, 47.664838],
						[5.971312, 47.66482]
					],
					[
						[5.965636, 47.666499],
						[5.966235, 47.666129]
					],
					[
						[5.967284, 47.6655],
						[5.968818, 47.664562]
					],
					[
						[4.808323, 45.774811],
						[4.808947, 45.773986]
					],
					[
						[6.013282, 47.783375],
						[6.010952, 47.784344],
						[6.009621, 47.784797]
					],
					[
						[6.008921, 47.783685],
						[6.006019, 47.785777],
						[6.005557, 47.786391]
					],
					[
						[6.005225, 47.786306],
						[6.004172, 47.786064]
					],
					[
						[6.372498, 49.458891],
						[6.372528, 49.458809]
					],
					[
						[6.198541, 49.365977],
						[6.201881, 49.367745],
						[6.203441, 49.368723],
						[6.203847, 49.368941],
						[6.204371, 49.369128]
					],
					[
						[6.206065, 48.569218],
						[6.205977, 48.569172],
						[6.206161, 48.568342]
					],
					[
						[4.838234, 45.801361],
						[4.837626, 45.800773]
					],
					[
						[6.292105, 48.45354],
						[6.292037, 48.453313]
					],
					[
						[5.595294, 47.44811],
						[5.595383, 47.448224]
					],
					[
						[5.839979, 47.602676],
						[5.840212, 47.602648]
					],
					[
						[6.113081, 49.101181],
						[6.113632, 49.101628]
					],
					[
						[4.822667, 45.750854],
						[4.823322, 45.751368]
					],
					[
						[5.421738, 47.300559],
						[5.421843, 47.300505]
					],
					[
						[5.421843, 47.300505],
						[5.422289, 47.300062],
						[5.42249, 47.299667],
						[5.422567, 47.299308],
						[5.422452, 47.298487],
						[5.422042, 47.297584],
						[5.422005, 47.297359],
						[5.421758, 47.297163],
						[5.421233, 47.296555],
						[5.420558, 47.296042],
						[5.419801, 47.295614],
						[5.418804, 47.295138],
						[5.418611, 47.294979],
						[5.418298, 47.294915],
						[5.417601, 47.294586],
						[5.416589, 47.293865]
					],
					[
						[5.917123, 47.632709],
						[5.917012, 47.63357],
						[5.91659, 47.634706],
						[5.916542, 47.635152],
						[5.916729, 47.635681],
						[5.916959, 47.635993],
						[5.917362, 47.636404],
						[5.918036, 47.636865],
						[5.918283, 47.637],
						[5.922905, 47.638809],
						[5.928159, 47.640802],
						[5.929623, 47.641269],
						[5.93014, 47.641388],
						[5.931784, 47.641554]
					],
					[
						[5.931784, 47.641554],
						[5.933334, 47.641622],
						[5.934399, 47.641374]
					],
					[
						[6.233598, 48.548353],
						[6.234216, 48.547463],
						[6.234846, 48.546713],
						[6.23579, 48.545882],
						[6.236216, 48.545597],
						[6.237254, 48.54508],
						[6.238526, 48.544545],
						[6.241149, 48.543552],
						[6.243461, 48.542327],
						[6.245898, 48.541111],
						[6.247868, 48.540359],
						[6.249517, 48.539825],
						[6.250566, 48.539606],
						[6.253454, 48.539159],
						[6.254859, 48.538781],
						[6.255802, 48.538432],
						[6.256242, 48.538214]
					],
					[
						[6.233555, 48.548417],
						[6.233598, 48.548353]
					],
					[
						[6.25961, 48.535926],
						[6.261136, 48.534436],
						[6.262803, 48.532995],
						[6.263265, 48.532506],
						[6.26615, 48.527279]
					],
					[
						[6.25947, 48.536057],
						[6.25961, 48.535926]
					],
					[
						[5.870356, 47.600345],
						[5.87124, 47.600755],
						[5.87343, 47.601603],
						[5.875223, 47.602079]
					],
					[
						[5.87027, 47.600294],
						[5.870356, 47.600345]
					],
					[
						[4.815538, 45.733225],
						[4.815492, 45.733229],
						[4.814194, 45.739356],
						[4.814111, 45.739963]
					],
					[
						[4.814111, 45.739963],
						[4.814274, 45.741401]
					],
					[
						[4.814503, 45.742519],
						[4.815655, 45.742143]
					],
					[
						[6.029949, 48.985175],
						[6.030238, 48.984878],
						[6.030318, 48.984255]
					],
					[
						[6.041664, 48.91806],
						[6.041931, 48.918117]
					],
					[
						[6.419164, 48.194652],
						[6.418889, 48.194624]
					],
					[
						[6.258271, 48.414463],
						[6.258222, 48.414177],
						[6.258301, 48.413944]
					],
					[
						[6.258551, 48.41572],
						[6.258215, 48.414704],
						[6.258271, 48.414463]
					],
					[
						[6.256888, 48.408191],
						[6.256512, 48.4062]
					],
					[
						[5.592293, 47.448571],
						[5.59218, 47.448597]
					],
					[
						[4.812906, 45.785022],
						[4.81129, 45.783044],
						[4.811281, 45.78295]
					],
					[
						[4.836551, 45.800085],
						[4.837153, 45.800419]
					],
					[
						[4.839344, 45.803111],
						[4.839849, 45.803649],
						[4.840161, 45.804081],
						[4.840396, 45.804555]
					],
					[
						[4.836551, 45.800085],
						[4.836668, 45.800084],
						[4.837831, 45.800766],
						[4.838321, 45.801221],
						[4.838684, 45.801699],
						[4.839344, 45.803111]
					],
					[
						[5.968823, 47.664559],
						[5.968988, 47.664466]
					],
					[
						[5.968818, 47.664562],
						[5.968823, 47.664559]
					],
					[
						[4.834526, 46.29651],
						[4.834475, 46.29701]
					],
					[
						[4.834526, 46.29651],
						[4.834623, 46.296229]
					],
					[
						[6.223299, 49.382589],
						[6.22237, 49.382489]
					],
					[
						[6.156686, 49.123157],
						[6.15785, 49.123468],
						[6.158432, 49.123941],
						[6.158498, 49.124102]
					],
					[
						[4.841221, 45.834524],
						[4.843797, 45.833721],
						[4.845693, 45.833198]
					],
					[
						[4.837626, 45.800773],
						[4.837153, 45.800419]
					],
					[
						[4.847161, 45.815204],
						[4.846873, 45.815162],
						[4.846367, 45.814936]
					],
					[
						[4.810901, 45.782583],
						[4.810996, 45.782598],
						[4.811281, 45.78295]
					],
					[
						[4.823932, 45.767406],
						[4.823816, 45.767405]
					],
					[
						[4.828017, 45.766847],
						[4.827639, 45.767114],
						[4.827289, 45.767264],
						[4.8263, 45.767496],
						[4.823932, 45.767406]
					],
					[
						[4.823188, 45.767385],
						[4.822445, 45.767329],
						[4.819878, 45.766638]
					],
					[
						[4.81257, 45.770019],
						[4.812322, 45.770291],
						[4.811453, 45.771989],
						[4.80981, 45.773431]
					],
					[
						[4.763858, 46.067523],
						[4.763889, 46.066301],
						[4.763663, 46.065349],
						[4.763383, 46.06469],
						[4.763004, 46.063519],
						[4.761925, 46.061839],
						[4.760982, 46.06073]
					],
					[
						[4.763863, 46.067601],
						[4.763858, 46.067523]
					],
					[
						[6.33477, 48.17479],
						[6.334313, 48.174854],
						[6.333824, 48.17485],
						[6.332244, 48.17456],
						[6.331312, 48.174521],
						[6.330536, 48.174613],
						[6.329238, 48.174873],
						[6.328278, 48.17525],
						[6.323164, 48.178188],
						[6.322609, 48.178403],
						[6.322297, 48.178465],
						[6.321732, 48.17854],
						[6.320931, 48.178548],
						[6.320539, 48.178494],
						[6.316265, 48.17685],
						[6.315195, 48.176268],
						[6.314188, 48.175353],
						[6.313534, 48.174909],
						[6.313211, 48.174755],
						[6.311335, 48.174087],
						[6.31074, 48.173907],
						[6.309974, 48.173782],
						[6.307099, 48.173794],
						[6.30645, 48.173715],
						[6.305381, 48.173478],
						[6.304903, 48.173292],
						[6.304181, 48.172907],
						[6.303615, 48.172367],
						[6.303111, 48.171618]
					],
					[
						[4.829994, 45.797771],
						[4.830236, 45.797879]
					],
					[
						[4.830236, 45.797879],
						[4.830466, 45.797976]
					],
					[
						[4.809103, 45.780347],
						[4.809181, 45.780461]
					],
					[
						[4.815655, 45.742143],
						[4.815806, 45.742161]
					],
					[
						[4.814274, 45.741401],
						[4.814503, 45.742519]
					],
					[
						[4.752914, 45.984388],
						[4.752986, 45.984322],
						[4.753035, 45.983716],
						[4.753319, 45.982763],
						[4.753109, 45.98197],
						[4.753366, 45.981383]
					],
					[
						[4.89986, 46.766316],
						[4.899642, 46.766538]
					],
					[
						[4.815806, 45.742161],
						[4.819275, 45.740987]
					],
					[
						[4.818508, 45.728727],
						[4.818458, 45.729217]
					],
					[
						[4.809532, 45.773614],
						[4.809424, 45.773729]
					],
					[
						[4.809424, 45.773729],
						[4.80938, 45.773781]
					],
					[
						[4.756388, 46.056719],
						[4.75403, 46.055181],
						[4.752723, 46.054127]
					],
					[
						[4.752723, 46.054127],
						[4.75256, 46.054083]
					],
					[
						[6.055327, 49.030079],
						[6.052816, 49.029961]
					],
					[
						[6.206849, 48.692118],
						[6.207013, 48.692828],
						[6.207211, 48.693325]
					],
					[
						[6.127147, 48.816938],
						[6.127278, 48.817028]
					],
					[
						[6.127036, 48.814262],
						[6.127256, 48.815174],
						[6.126987, 48.816646],
						[6.127147, 48.816938]
					],
					[
						[6.041205, 48.935397],
						[6.040887, 48.934734]
					],
					[
						[6.040887, 48.934734],
						[6.040162, 48.933382],
						[6.039961, 48.932776]
					],
					[
						[6.039915, 48.919258],
						[6.039856, 48.919126],
						[6.039987, 48.918433]
					],
					[
						[6.039806, 48.921058],
						[6.039915, 48.919258]
					],
					[
						[6.040233, 48.921594],
						[6.039983, 48.921479],
						[6.039849, 48.921327],
						[6.039806, 48.921058]
					],
					[
						[6.039987, 48.918433],
						[6.040516, 48.917841]
					],
					[
						[6.040516, 48.917841],
						[6.040684, 48.917833]
					],
					[
						[6.040684, 48.917833],
						[6.041454, 48.918021]
					],
					[
						[6.041931, 48.918117],
						[6.041993, 48.918144]
					],
					[
						[6.041993, 48.918144],
						[6.042136, 48.91803]
					],
					[
						[6.051166, 48.908332],
						[6.051225, 48.908276]
					],
					[
						[6.030041, 48.983281],
						[6.029845, 48.983258]
					],
					[
						[6.02841, 48.978644],
						[6.028395, 48.978726]
					],
					[
						[6.029252, 48.977621],
						[6.028951, 48.977745],
						[6.02879, 48.977874],
						[6.02841, 48.978644]
					],
					[
						[6.041822, 48.936243],
						[6.041205, 48.935397]
					],
					[
						[6.043727, 49.008001],
						[6.043871, 49.007885],
						[6.043937, 49.007551]
					],
					[
						[6.032401, 48.993293],
						[6.031443, 48.993018],
						[6.031277, 48.993038],
						[6.030936, 48.993183]
					],
					[
						[6.030936, 48.993183],
						[6.030657, 48.993],
						[6.029431, 48.991597]
					],
					[
						[6.029128, 48.986524],
						[6.029355, 48.985927]
					],
					[
						[6.029355, 48.985927],
						[6.029682, 48.985175],
						[6.029756, 48.985145],
						[6.029949, 48.985175]
					],
					[
						[6.030318, 48.984255],
						[6.030392, 48.98389]
					],
					[
						[6.050502, 49.021436],
						[6.050641, 49.021343],
						[6.05072, 49.021148],
						[6.050344, 49.020477]
					],
					[
						[6.058276, 49.040486],
						[6.058194, 49.040247]
					],
					[
						[6.058194, 49.040247],
						[6.057756, 49.039138],
						[6.057291, 49.037605]
					],
					[
						[6.055806, 49.031273],
						[6.055692, 49.030589]
					],
					[
						[6.05582, 49.031356],
						[6.055806, 49.031273]
					],
					[
						[6.082312, 49.070063],
						[6.081978, 49.069733]
					],
					[
						[6.081035, 49.068524],
						[6.080988, 49.068459],
						[6.080537, 49.068233]
					],
					[
						[6.078863, 49.065882],
						[6.078709, 49.065521],
						[6.077574, 49.063835],
						[6.077255, 49.063552],
						[6.076944, 49.063403]
					],
					[
						[6.064979, 49.057822],
						[6.06467, 49.057434],
						[6.064277, 49.056748],
						[6.063985, 49.055749],
						[6.064033, 49.055264],
						[6.064379, 49.054395]
					],
					[
						[6.064379, 49.054395],
						[6.064648, 49.054128],
						[6.064794, 49.053892],
						[6.064771, 49.052629],
						[6.064834, 49.052203],
						[6.064711, 49.050222]
					],
					[
						[6.064711, 49.050222],
						[6.064667, 49.04947],
						[6.064509, 49.048839],
						[6.064351, 49.048514],
						[6.063848, 49.047829],
						[6.063241, 49.047204],
						[6.063218, 49.04699],
						[6.063353, 49.046579],
						[6.063671, 49.046199],
						[6.063169, 49.045894],
						[6.062805, 49.045596]
					],
					[
						[6.062805, 49.045596],
						[6.061443, 49.04374],
						[6.061334, 49.043505],
						[6.061405, 49.04294],
						[6.061712, 49.042489]
					],
					[
						[6.112821, 49.101617],
						[6.115382, 49.100274]
					],
					[
						[6.111893, 49.102151],
						[6.111867, 49.102122],
						[6.112821, 49.101617]
					],
					[
						[6.112667, 49.1015],
						[6.111811, 49.101948],
						[6.111758, 49.101929]
					],
					[
						[6.115232, 49.100148],
						[6.112667, 49.1015]
					],
					[
						[6.115292, 49.09993],
						[6.115351, 49.100069],
						[6.115232, 49.100148]
					],
					[
						[6.115382, 49.100274],
						[6.115506, 49.100223],
						[6.115669, 49.100256]
					],
					[
						[6.114611, 49.100104],
						[6.114472, 49.100166]
					],
					[
						[4.819683, 45.741458],
						[4.819275, 45.740987]
					],
					[
						[6.197471, 48.572279],
						[6.198032, 48.571991]
					],
					[
						[6.178608, 48.579241],
						[6.179402, 48.579093],
						[6.179819, 48.578961]
					],
					[
						[6.168647, 48.587186],
						[6.168907, 48.587063],
						[6.169176, 48.586858]
					],
					[
						[6.167785, 48.587749],
						[6.168445, 48.587376]
					],
					[
						[6.156664, 48.597284],
						[6.157515, 48.596191],
						[6.163415, 48.591015],
						[6.165599, 48.58937],
						[6.166691, 48.588742],
						[6.16712, 48.588178],
						[6.167785, 48.587749]
					],
					[
						[6.15428, 48.601926],
						[6.154622, 48.601483]
					],
					[
						[6.202032, 48.676463],
						[6.202602, 48.675402]
					],
					[
						[6.199798, 48.679955],
						[6.199769, 48.679819]
					],
					[
						[6.228904, 48.553649],
						[6.228632, 48.553924]
					],
					[
						[6.210576, 48.562254],
						[6.21096, 48.562046]
					],
					[
						[6.21096, 48.562046],
						[6.210646, 48.562256],
						[6.210576, 48.562254]
					],
					[
						[6.207162, 48.564896],
						[6.207199, 48.564786]
					],
					[
						[6.206617, 48.566577],
						[6.206691, 48.566484],
						[6.207162, 48.564896]
					],
					[
						[6.206533, 48.566665],
						[6.206617, 48.566577]
					],
					[
						[6.206187, 48.567989],
						[6.20618, 48.567906]
					],
					[
						[6.21096, 48.562046],
						[6.212026, 48.561421],
						[6.21282, 48.561035],
						[6.21382, 48.560671],
						[6.217703, 48.559751],
						[6.222306, 48.558241],
						[6.224822, 48.556928],
						[6.225764, 48.5563],
						[6.22651, 48.555733],
						[6.22841, 48.554016],
						[6.228632, 48.553924]
					],
					[
						[6.26819, 48.523706],
						[6.268144, 48.523671]
					],
					[
						[6.256499, 48.538072],
						[6.25691, 48.537915],
						[6.256979, 48.537802]
					],
					[
						[6.256242, 48.538214],
						[6.256499, 48.538072]
					],
					[
						[6.257119, 48.537649],
						[6.257666, 48.537389],
						[6.258339, 48.536985],
						[6.259023, 48.536484],
						[6.25947, 48.536057]
					],
					[
						[6.228904, 48.553649],
						[6.229453, 48.553318]
					],
					[
						[6.204052, 48.698786],
						[6.203962, 48.69915],
						[6.203625, 48.699663],
						[6.203276, 48.699893],
						[6.202753, 48.700131],
						[6.202015, 48.700358],
						[6.20159, 48.700435],
						[6.200133, 48.700414],
						[6.199327, 48.700475],
						[6.198997, 48.700546],
						[6.198449, 48.700768]
					],
					[
						[6.298735, 48.475505],
						[6.298753, 48.475335]
					],
					[
						[6.281212, 48.439276],
						[6.281059, 48.439086]
					],
					[
						[6.295676, 48.465805],
						[6.295589, 48.465553]
					],
					[
						[4.827978, 45.759686],
						[4.828028, 45.759802]
					],
					[
						[4.838348, 45.801597],
						[4.838234, 45.801361]
					],
					[
						[4.847396, 45.830802],
						[4.847483, 45.830912],
						[4.847428, 45.831024],
						[4.847269, 45.831075],
						[4.847147, 45.831051],
						[4.847049, 45.830945],
						[4.847074, 45.830849],
						[4.847235, 45.830773],
						[4.847396, 45.830802]
					],
					[
						[5.187185, 47.054612],
						[5.188403, 47.053264],
						[5.188504, 47.052815],
						[5.188678, 47.052532],
						[5.188655, 47.052409]
					],
					[
						[6.257218, 48.409835],
						[6.257205, 48.409766]
					],
					[
						[6.257836, 48.413012],
						[6.257218, 48.409835]
					],
					[
						[6.261596, 48.421292],
						[6.26143, 48.421028]
					],
					[
						[6.261754, 48.421558],
						[6.261596, 48.421292]
					],
					[
						[6.27208, 48.4314],
						[6.272008, 48.431375]
					],
					[
						[6.28074, 48.438713],
						[6.2805, 48.438265],
						[6.278414, 48.435345],
						[6.277929, 48.434847],
						[6.276802, 48.433889],
						[6.275935, 48.433176],
						[6.275389, 48.432843],
						[6.27208, 48.4314]
					],
					[
						[6.2814, 48.376469],
						[6.286373, 48.376923],
						[6.286857, 48.376905]
					],
					[
						[6.261653, 48.392971],
						[6.261674, 48.392933]
					],
					[
						[6.261364, 48.393643],
						[6.261362, 48.39341],
						[6.261653, 48.392971]
					],
					[
						[4.817818, 45.730882],
						[4.817965, 45.730747],
						[4.818073, 45.730719]
					],
					[
						[4.818458, 45.729217],
						[4.818474, 45.730149]
					],
					[
						[4.910872, 46.566848],
						[4.910972, 46.566698]
					],
					[
						[6.385809, 48.179322],
						[6.385512, 48.179074],
						[6.384769, 48.178661]
					],
					[
						[6.402575, 48.191078],
						[6.40203, 48.190378],
						[6.401339, 48.190096]
					],
					[
						[6.428251, 48.201465],
						[6.428212, 48.201425]
					],
					[
						[6.428312, 48.201523],
						[6.428251, 48.201465]
					],
					[
						[6.43905, 48.208765],
						[6.438953, 48.208727]
					],
					[
						[6.256979, 48.537802],
						[6.257119, 48.537649]
					],
					[
						[6.180974, 48.578618],
						[6.181569, 48.578391]
					],
					[
						[6.168445, 48.587376],
						[6.168541, 48.587292]
					],
					[
						[6.168541, 48.587292],
						[6.168647, 48.587186]
					],
					[
						[6.441593, 48.207612],
						[6.441562, 48.208173]
					],
					[
						[4.762757, 46.101362],
						[4.76245, 46.100985],
						[4.761441, 46.100153],
						[4.760562, 46.099323],
						[4.759548, 46.098524],
						[4.758668, 46.097713],
						[4.757879, 46.096846],
						[4.756967, 46.095529],
						[4.756206, 46.094123],
						[4.755573, 46.09294],
						[4.754793, 46.091136]
					],
					[
						[4.801933, 46.143842],
						[4.801112, 46.142267],
						[4.800286, 46.141173],
						[4.797479, 46.138536]
					],
					[
						[6.359897, 48.326549],
						[6.360293, 48.326289]
					],
					[
						[6.358862, 48.327225],
						[6.359897, 48.326549]
					],
					[
						[6.360293, 48.326289],
						[6.360942, 48.325887],
						[6.363008, 48.324768],
						[6.364252, 48.324183],
						[6.366052, 48.323462],
						[6.374707, 48.320385],
						[6.375799, 48.319877]
					],
					[
						[6.358478, 48.327476],
						[6.358862, 48.327225]
					],
					[
						[6.339207, 48.339491],
						[6.339391, 48.339248]
					],
					[
						[6.322963, 48.352089],
						[6.323567, 48.351861],
						[6.331187, 48.34849],
						[6.331728, 48.348224],
						[6.332059, 48.347992],
						[6.332319, 48.347733],
						[6.334352, 48.344981],
						[6.33508, 48.343935],
						[6.335526, 48.343143],
						[6.335731, 48.342978],
						[6.337658, 48.340472],
						[6.337757, 48.340402],
						[6.338471, 48.340283],
						[6.338698, 48.340206],
						[6.338838, 48.340091],
						[6.339207, 48.339491]
					],
					[
						[6.322313, 48.352422],
						[6.32278, 48.352218]
					],
					[
						[6.401936, 48.275543],
						[6.401914, 48.275337],
						[6.402704, 48.273348],
						[6.403686, 48.27154],
						[6.404468, 48.270405],
						[6.405347, 48.269346],
						[6.406307, 48.268383],
						[6.406582, 48.268267]
					],
					[
						[6.40005, 48.281556],
						[6.401932, 48.275722]
					],
					[
						[6.401932, 48.275722],
						[6.401936, 48.275543]
					],
					[
						[6.394851, 48.299833],
						[6.395108, 48.299408]
					],
					[
						[6.376125, 48.319726],
						[6.376598, 48.319409]
					],
					[
						[6.375799, 48.319877],
						[6.376125, 48.319726]
					],
					[
						[6.425801, 48.246634],
						[6.426208, 48.246317]
					],
					[
						[6.426208, 48.246317],
						[6.426206, 48.24619],
						[6.426115, 48.24624],
						[6.426163, 48.246334]
					],
					[
						[6.409952, 48.265],
						[6.410135, 48.264759],
						[6.410578, 48.264406]
					],
					[
						[6.410608, 48.264379],
						[6.420955, 48.254877]
					],
					[
						[6.410578, 48.264406],
						[6.410608, 48.264379]
					],
					[
						[6.439813, 48.235047],
						[6.439826, 48.23499]
					],
					[
						[5.172837, 47.064146],
						[5.173798, 47.063697],
						[5.174874, 47.06337],
						[5.175454, 47.063251],
						[5.175998, 47.063237]
					],
					[
						[5.170077, 47.061426],
						[5.171481, 47.062466]
					],
					[
						[6.441149, 48.20966],
						[6.441122, 48.209719]
					],
					[
						[6.441043, 48.209881],
						[6.441023, 48.209918]
					],
					[
						[6.438919, 48.20891],
						[6.438806, 48.208874]
					],
					[
						[6.438929, 48.208897],
						[6.438919, 48.20891]
					],
					[
						[6.410928, 48.192841],
						[6.410455, 48.192672]
					],
					[
						[6.410455, 48.192672],
						[6.410272, 48.192533],
						[6.409261, 48.19211],
						[6.408453, 48.191872]
					],
					[
						[6.413983, 48.193025],
						[6.413629, 48.193079]
					],
					[
						[6.415552, 48.192808],
						[6.413983, 48.193025]
					],
					[
						[6.415948, 48.192763],
						[6.415552, 48.192808]
					],
					[
						[6.41776, 48.193234],
						[6.41655, 48.19273],
						[6.416352, 48.19271],
						[6.415948, 48.192763]
					],
					[
						[6.418164, 48.193398],
						[6.41776, 48.193234]
					],
					[
						[6.41901, 48.194435],
						[6.418957, 48.194213],
						[6.418552, 48.193644],
						[6.418376, 48.193493],
						[6.418164, 48.193398]
					],
					[
						[6.419001, 48.194469],
						[6.41901, 48.194435]
					],
					[
						[6.419024, 48.194502],
						[6.419001, 48.194469]
					],
					[
						[6.419906, 48.195827],
						[6.419164, 48.194652]
					],
					[
						[6.420068, 48.196049],
						[6.419906, 48.195827]
					],
					[
						[6.420945, 48.197471],
						[6.420788, 48.197226]
					],
					[
						[6.422432, 48.198337],
						[6.421256, 48.19778],
						[6.420945, 48.197471]
					],
					[
						[6.422819, 48.198508],
						[6.422432, 48.198337]
					],
					[
						[6.425933, 48.1998],
						[6.425695, 48.199675],
						[6.424799, 48.199368],
						[6.422819, 48.198508]
					],
					[
						[6.426416, 48.199959],
						[6.425933, 48.1998]
					],
					[
						[6.428212, 48.201425],
						[6.428136, 48.201256],
						[6.427088, 48.200303],
						[6.426416, 48.199959]
					],
					[
						[6.428568, 48.201704],
						[6.428312, 48.201523]
					],
					[
						[6.432806, 48.205942],
						[6.432529, 48.205737]
					],
					[
						[6.434835, 48.207408],
						[6.432806, 48.205942]
					],
					[
						[6.435118, 48.207592],
						[6.434835, 48.207408]
					],
					[
						[6.436972, 48.208329],
						[6.436662, 48.208193],
						[6.43564, 48.207882],
						[6.435118, 48.207592]
					],
					[
						[6.437339, 48.208435],
						[6.436972, 48.208329]
					],
					[
						[6.438789, 48.208898],
						[6.437339, 48.208435]
					],
					[
						[6.384769, 48.178661],
						[6.384266, 48.178508]
					],
					[
						[6.316586, 48.095935],
						[6.316628, 48.095643]
					],
					[
						[6.276884, 48.065692],
						[6.27657, 48.065582]
					],
					[
						[5.143533, 47.000759],
						[5.144041, 46.999904],
						[5.144286, 46.999114]
					],
					[
						[6.245457, 48.021733],
						[6.244174, 48.021214],
						[6.243763, 48.021001],
						[6.243515, 48.020792],
						[6.243286, 48.02041],
						[6.243108, 48.019087],
						[6.242941, 48.018566],
						[6.2405, 48.015932]
					],
					[
						[6.245863, 48.021912],
						[6.245457, 48.021733]
					],
					[
						[6.2591, 48.024099],
						[6.258783, 48.023934]
					],
					[
						[6.262159, 48.030839],
						[6.261249, 48.029772],
						[6.261025, 48.029302],
						[6.260894, 48.02865],
						[6.260983, 48.027945],
						[6.261811, 48.025846],
						[6.261827, 48.025533],
						[6.261758, 48.025399],
						[6.261511, 48.025212],
						[6.2591, 48.024099]
					],
					[
						[6.262381, 48.031104],
						[6.262159, 48.030839]
					],
					[
						[6.262139, 48.037771],
						[6.264687, 48.036322],
						[6.265841, 48.035723],
						[6.265977, 48.035601],
						[6.266021, 48.035477],
						[6.265969, 48.035259],
						[6.265788, 48.034997],
						[6.262381, 48.031104]
					],
					[
						[6.261954, 48.037866],
						[6.262139, 48.037771]
					],
					[
						[6.264311, 48.044484],
						[6.26172, 48.044143],
						[6.261346, 48.044069],
						[6.260811, 48.043875],
						[6.260245, 48.043505],
						[6.25851, 48.041915],
						[6.258251, 48.04155],
						[6.25807, 48.040597],
						[6.258131, 48.040286],
						[6.258409, 48.039889],
						[6.258739, 48.039652],
						[6.261631, 48.038007],
						[6.261954, 48.037866]
					],
					[
						[6.26472, 48.044545],
						[6.264311, 48.044484]
					],
					[
						[6.273727, 48.0505],
						[6.274184, 48.049464],
						[6.274262, 48.049137],
						[6.274177, 48.04877],
						[6.274005, 48.048538],
						[6.273769, 48.048358],
						[6.269697, 48.046466],
						[6.267403, 48.045099],
						[6.266504, 48.044823],
						[6.26472, 48.044545]
					],
					[
						[4.813263, 45.785524],
						[4.812906, 45.785022]
					],
					[
						[4.813263, 45.785524],
						[4.814441, 45.787325],
						[4.815127, 45.788147],
						[4.816221, 45.789159],
						[4.818588, 45.79082],
						[4.822108, 45.793563],
						[4.82522, 45.795263]
					],
					[
						[4.797289, 46.138425],
						[4.795002, 46.13628],
						[4.792508, 46.133624]
					],
					[
						[4.802388, 46.146274],
						[4.80249, 46.146038],
						[4.80246, 46.145701],
						[4.801933, 46.143842]
					],
					[
						[6.102204, 48.825115],
						[6.10213, 48.825158],
						[6.101522, 48.825249],
						[6.101493, 48.825215]
					],
					[
						[6.138933, 48.787809],
						[6.139048, 48.787725]
					],
					[
						[6.138731, 48.788137],
						[6.138772, 48.788124]
					],
					[
						[6.124735, 48.79147],
						[6.124698, 48.791513],
						[6.124576, 48.791494]
					],
					[
						[6.101493, 48.825215],
						[6.102204, 48.825115]
					],
					[
						[6.197814, 48.684857],
						[6.197849, 48.684668],
						[6.198085, 48.684427]
					],
					[
						[6.195308, 48.690012],
						[6.195789, 48.688943],
						[6.197066, 48.686505]
					],
					[
						[6.17347, 48.713354],
						[6.173207, 48.713292],
						[6.172729, 48.713277]
					],
					[
						[6.189244, 48.69916],
						[6.1893, 48.699073]
					],
					[
						[6.173999, 48.713439],
						[6.173653, 48.713462]
					],
					[
						[6.173572, 48.718764],
						[6.173546, 48.718555]
					],
					[
						[6.345651, 49.44807],
						[6.346506, 49.447293]
					],
					[
						[6.348647, 49.448762],
						[6.348364, 49.448632]
					],
					[
						[6.3378, 49.453301],
						[6.337242, 49.453149]
					],
					[
						[6.348647, 49.448762],
						[6.348122, 49.449295],
						[6.347898, 49.449391]
					],
					[
						[6.169301, 48.712207],
						[6.169189, 48.712127]
					],
					[
						[6.168721, 48.71234],
						[6.168656, 48.71237]
					],
					[
						[6.169099, 48.712178],
						[6.169031, 48.71221]
					],
					[
						[6.17225, 48.713263],
						[6.171593, 48.713246]
					],
					[
						[6.372528, 49.458809],
						[6.37255, 49.458747]
					],
					[
						[6.37255, 49.458747],
						[6.372599, 49.458608]
					],
					[
						[6.174989, 49.351941],
						[6.174912, 49.35221]
					],
					[
						[6.174662, 49.351741],
						[6.174691, 49.351798],
						[6.174917, 49.351856],
						[6.174989, 49.351941]
					],
					[
						[5.712459, 47.543795],
						[5.712516, 47.543796]
					],
					[
						[6.181934, 48.578268],
						[6.182124, 48.578207]
					],
					[
						[6.174972, 48.704182],
						[6.175252, 48.704153]
					],
					[
						[6.174891, 48.70418],
						[6.174972, 48.704182]
					],
					[
						[6.173653, 48.713462],
						[6.17347, 48.713354]
					],
					[
						[6.080537, 49.068233],
						[6.079479, 49.067465],
						[6.078863, 49.065882]
					],
					[
						[6.082688, 49.070408],
						[6.082549, 49.070305]
					],
					[
						[4.881443, 46.81453],
						[4.881223, 46.814592]
					],
					[
						[4.957107, 46.837717],
						[4.955877, 46.836878],
						[4.95484, 46.835974],
						[4.954584, 46.835661],
						[4.953321, 46.834452],
						[4.95173, 46.833169],
						[4.95044, 46.832003],
						[4.94711, 46.829685],
						[4.945249, 46.828698],
						[4.943839, 46.827862],
						[4.942792, 46.827161],
						[4.941424, 46.826155],
						[4.940113, 46.825069]
					],
					[
						[4.957201, 46.837772],
						[4.957107, 46.837717]
					],
					[
						[5.120991, 46.963314],
						[5.12136, 46.962696],
						[5.121478, 46.962133],
						[5.121452, 46.961778],
						[5.121138, 46.961126]
					],
					[
						[5.12096, 46.963378],
						[5.120991, 46.963314]
					],
					[
						[6.181569, 48.578391],
						[6.181934, 48.578268]
					],
					[
						[6.181934, 48.578268],
						[6.182124, 48.578207]
					],
					[
						[6.337242, 49.453149],
						[6.337855, 49.453244]
					],
					[
						[6.337855, 49.453244],
						[6.3378, 49.453301]
					],
					[
						[6.306851, 49.431327],
						[6.307948, 49.43103]
					],
					[
						[6.307948, 49.43103],
						[6.308167, 49.430947]
					],
					[
						[4.861426, 46.803517],
						[4.861465, 46.803365]
					],
					[
						[4.821271, 45.882528],
						[4.820527, 45.882784],
						[4.818919, 45.88344],
						[4.817392, 45.88423]
					],
					[
						[6.186121, 48.701923],
						[6.186909, 48.701751]
					],
					[
						[6.208606, 49.374547],
						[6.208611, 49.374653]
					],
					[
						[6.208019, 49.372276],
						[6.20844, 49.373444],
						[6.208606, 49.374547]
					],
					[
						[5.588737, 47.448561],
						[5.588584, 47.448591]
					],
					[
						[5.588436, 47.448486],
						[5.588463, 47.448405]
					],
					[
						[5.591586, 47.448574],
						[5.591692, 47.448545],
						[5.591848, 47.448594]
					],
					[
						[5.971312, 47.66482],
						[5.971383, 47.664801]
					],
					[
						[5.971285, 47.664895],
						[5.971281, 47.664887]
					],
					[
						[6.16915, 48.70523],
						[6.169918, 48.704851]
					],
					[
						[6.174707, 48.704176],
						[6.174891, 48.70418]
					],
					[
						[6.19233, 48.693874],
						[6.193594, 48.692029]
					],
					[
						[6.191116, 48.69565],
						[6.192156, 48.694131]
					],
					[
						[6.189191, 48.699264],
						[6.189217, 48.699227]
					],
					[
						[6.189217, 48.699227],
						[6.189244, 48.69916]
					],
					[
						[6.181532, 48.702685],
						[6.182377, 48.702256]
					],
					[
						[6.1815, 48.702805],
						[6.181532, 48.702685]
					],
					[
						[6.181495, 48.703024],
						[6.18145, 48.703045]
					],
					[
						[6.194778, 48.691009],
						[6.195308, 48.690012]
					],
					[
						[4.811059, 46.240022],
						[4.811033, 46.239795]
					],
					[
						[6.184158, 48.705981],
						[6.184285, 48.705948]
					],
					[
						[6.183919, 48.706072],
						[6.184158, 48.705981]
					],
					[
						[6.149265, 49.121103],
						[6.148262, 49.120793]
					],
					[
						[6.052816, 49.029961],
						[6.052882, 49.028911]
					],
					[
						[6.183339, 49.236173],
						[6.183356, 49.236096]
					],
					[
						[6.18314, 49.237927],
						[6.183199, 49.23769],
						[6.18315, 49.23721],
						[6.183339, 49.236173]
					],
					[
						[6.196975, 49.161303],
						[6.197307, 49.161382]
					],
					[
						[6.142654, 48.789948],
						[6.142715, 48.789903]
					],
					[
						[6.142756, 48.790143],
						[6.14271, 48.790115]
					],
					[
						[6.142756, 48.790143],
						[6.142615, 48.790175]
					],
					[
						[6.142653, 48.789895],
						[6.142715, 48.789903]
					],
					[
						[6.14271, 48.790115],
						[6.14263, 48.790066],
						[6.142654, 48.789948]
					],
					[
						[6.142654, 48.789948],
						[6.142531, 48.789854]
					],
					[
						[6.360243, 49.443195],
						[6.359721, 49.442874]
					],
					[
						[6.36048, 49.443368],
						[6.360243, 49.443195]
					],
					[
						[6.137416, 48.77538],
						[6.137713, 48.775705]
					],
					[
						[6.30329, 48.167978],
						[6.303254, 48.167546],
						[6.303374, 48.166939],
						[6.304856, 48.164006],
						[6.304934, 48.163757],
						[6.305201, 48.163385]
					],
					[
						[6.303111, 48.171618],
						[6.302839, 48.171059],
						[6.302679, 48.170482],
						[6.302809, 48.168714]
					],
					[
						[6.351572, 48.170089],
						[6.346707, 48.172488],
						[6.346317, 48.172708],
						[6.34519, 48.173505],
						[6.344851, 48.173681],
						[6.342788, 48.174362]
					],
					[
						[4.913641, 46.74596],
						[4.913745, 46.745919]
					],
					[
						[6.090552, 48.834719],
						[6.090641, 48.83482],
						[6.091182, 48.835087],
						[6.091232, 48.835326]
					],
					[
						[4.912549, 46.482977],
						[4.912646, 46.482421],
						[4.912563, 46.481644],
						[4.912613, 46.480221],
						[4.912862, 46.478399],
						[4.912969, 46.477907],
						[4.913275, 46.477135],
						[4.913337, 46.476529]
					],
					[
						[4.913337, 46.476529],
						[4.913343, 46.476474]
					],
					[
						[4.852841, 46.360475],
						[4.852273, 46.359452],
						[4.852117, 46.359322],
						[4.851262, 46.358024],
						[4.850344, 46.35637],
						[4.849953, 46.355244],
						[4.849774, 46.354007],
						[4.849756, 46.352826]
					],
					[
						[4.849756, 46.352826],
						[4.849742, 46.352744]
					],
					[
						[6.069476, 48.871797],
						[6.069563, 48.871739],
						[6.069719, 48.871805],
						[6.069963, 48.872235]
					],
					[
						[6.069376, 48.871953],
						[6.069476, 48.871797]
					],
					[
						[6.044172, 47.693939],
						[6.044226, 47.694204]
					],
					[
						[6.044319, 47.696492],
						[6.044288, 47.69791],
						[6.04457, 47.700313]
					],
					[
						[6.027576, 47.753888],
						[6.027719, 47.75419],
						[6.028067, 47.754684],
						[6.028079, 47.754982],
						[6.02789, 47.755828],
						[6.027447, 47.756328],
						[6.027233, 47.756739],
						[6.026641, 47.758305],
						[6.026166, 47.758592]
					],
					[
						[5.917574, 47.841326],
						[5.917536, 47.841254]
					],
					[
						[5.917536, 47.841254],
						[5.917524, 47.840938],
						[5.917604, 47.840657],
						[5.917665, 47.840494],
						[5.917787, 47.840405]
					],
					[
						[5.919702, 47.844207],
						[5.919768, 47.844152],
						[5.919784, 47.843849],
						[5.919761, 47.842959],
						[5.919747, 47.842688],
						[5.919627, 47.842434],
						[5.919226, 47.842076],
						[5.91884, 47.841915],
						[5.918001, 47.841691],
						[5.917819, 47.841589],
						[5.917574, 47.841326]
					],
					[
						[6.041499, 47.732995],
						[6.041484, 47.733098]
					],
					[
						[6.041664, 47.733482],
						[6.041698, 47.733545]
					],
					[
						[6.043524, 47.691456],
						[6.044, 47.69282],
						[6.044172, 47.693939]
					],
					[
						[6.005557, 47.786391],
						[6.005225, 47.786306]
					],
					[
						[6.009621, 47.784797],
						[6.009265, 47.784408],
						[6.008921, 47.783685]
					],
					[
						[5.932585, 47.85816],
						[5.932667, 47.858145],
						[5.933159, 47.858388]
					],
					[
						[5.995319, 47.917096],
						[5.995071, 47.915973],
						[5.995047, 47.9124]
					],
					[
						[6.015894, 47.783161],
						[6.015959, 47.783026]
					],
					[
						[6.016125, 47.782603],
						[6.016457, 47.781919],
						[6.01704, 47.781367]
					],
					[
						[6.051125, 49.022706],
						[6.050778, 49.022321],
						[6.050618, 49.022223]
					],
					[
						[6.051174, 49.022774],
						[6.051125, 49.022706]
					],
					[
						[6.203114, 48.675668],
						[6.203323, 48.675558]
					],
					[
						[6.100657, 48.825063],
						[6.099649, 48.825029]
					],
					[
						[4.809181, 45.780461],
						[4.809271, 45.780586]
					],
					[
						[6.25612, 49.40265],
						[6.258002, 49.402837]
					],
					[
						[6.258002, 49.402837],
						[6.258636, 49.402895],
						[6.259238, 49.402885],
						[6.260078, 49.40275],
						[6.260243, 49.402695],
						[6.260318, 49.402619]
					],
					[
						[6.255063, 49.402511],
						[6.25612, 49.40265]
					],
					[
						[6.176341, 49.133675],
						[6.176729, 49.133971],
						[6.177252, 49.134571]
					],
					[
						[6.176266, 49.13364],
						[6.176341, 49.133675]
					],
					[
						[4.838166, 45.877208],
						[4.837933, 45.877198]
					],
					[
						[4.845693, 45.833198],
						[4.84794, 45.832579],
						[4.848511, 45.832351]
					],
					[
						[4.848511, 45.832351],
						[4.848631, 45.8323]
					],
					[
						[4.828028, 45.759802],
						[4.828354, 45.760383],
						[4.828688, 45.761295]
					],
					[
						[4.828688, 45.761295],
						[4.828845, 45.761728]
					],
					[
						[4.837864, 45.876835],
						[4.837963, 45.877048]
					],
					[
						[4.837963, 45.877048],
						[4.837933, 45.877198]
					],
					[
						[4.836206, 45.879365],
						[4.835984, 45.879431],
						[4.835969, 45.879511]
					],
					[
						[4.811414, 45.919202],
						[4.810962, 45.919999],
						[4.810767, 45.920175],
						[4.810821, 45.92024]
					],
					[
						[4.811528, 45.919057],
						[4.811414, 45.919202]
					],
					[
						[4.810821, 45.92024],
						[4.810463, 45.920669]
					],
					[
						[4.810463, 45.920669],
						[4.809793, 45.921229],
						[4.809193, 45.921822]
					],
					[
						[4.803744, 45.923407],
						[4.80514, 45.923174],
						[4.807119, 45.922769],
						[4.808166, 45.922397],
						[4.808649, 45.922151]
					],
					[
						[4.789657, 45.924865],
						[4.790194, 45.924349],
						[4.791566, 45.923525],
						[4.792277, 45.923242],
						[4.792632, 45.923182],
						[4.794566, 45.923211],
						[4.79504, 45.923303],
						[4.796851, 45.923476],
						[4.800423, 45.923744],
						[4.801245, 45.923758],
						[4.801818, 45.923721],
						[4.803744, 45.923407]
					],
					[
						[4.779005, 45.938626],
						[4.780128, 45.9378]
					],
					[
						[4.778661, 45.938856],
						[4.779005, 45.938626]
					],
					[
						[4.778661, 45.938856],
						[4.777899, 45.939081],
						[4.776962, 45.939476],
						[4.776335, 45.939651],
						[4.774494, 45.939954],
						[4.773769, 45.940042],
						[4.773761, 45.940007]
					],
					[
						[4.794972, 46.201656],
						[4.794611, 46.20125],
						[4.792503, 46.199456],
						[4.786284, 46.194276],
						[4.782479, 46.19045]
					],
					[
						[4.79503, 46.201735],
						[4.794972, 46.201656]
					],
					[
						[6.169377, 48.712313],
						[6.169301, 48.712207]
					],
					[
						[4.847335, 45.815253],
						[4.847161, 45.815204]
					],
					[
						[4.84642, 45.814873],
						[4.847161, 45.815204]
					],
					[
						[4.846381, 45.814805],
						[4.846394, 45.814919],
						[4.846235, 45.814936],
						[4.846208, 45.814815],
						[4.846381, 45.814805]
					],
					[
						[4.793443, 46.164504],
						[4.795298, 46.163515]
					],
					[
						[4.75104, 45.998712],
						[4.751592, 45.99664]
					],
					[
						[6.129227, 47.957568],
						[6.128757, 47.957611],
						[6.128159, 47.957734]
					],
					[
						[4.867457, 46.791669],
						[4.867418, 46.790783],
						[4.867304, 46.790438],
						[4.866574, 46.789571],
						[4.86564, 46.788696],
						[4.865414, 46.788569]
					],
					[
						[4.865742, 46.788454],
						[4.865794, 46.788665],
						[4.867202, 46.79011],
						[4.867482, 46.790464],
						[4.867848, 46.791242],
						[4.867911, 46.79177]
					],
					[
						[6.184551, 49.185984],
						[6.184346, 49.185982],
						[6.184258, 49.186028]
					],
					[
						[6.184712, 49.185991],
						[6.184551, 49.185984]
					],
					[
						[4.863875, 46.80242],
						[4.863228, 46.802719],
						[4.86281, 46.802846]
					],
					[
						[4.862979, 46.802626],
						[4.863483, 46.802495],
						[4.8639, 46.802327],
						[4.865214, 46.801461]
					],
					[
						[4.865324, 46.801514],
						[4.863875, 46.80242]
					],
					[
						[4.886976, 46.773509],
						[4.886794, 46.772979]
					],
					[
						[5.966235, 47.666129],
						[5.966642, 47.665878]
					],
					[
						[5.963974, 47.656666],
						[5.963271, 47.657503]
					],
					[
						[5.965274, 47.655163],
						[5.963974, 47.656666]
					],
					[
						[5.971046, 47.66483],
						[5.971098, 47.664838]
					],
					[
						[6.186675, 49.195191],
						[6.186839, 49.195073],
						[6.187168, 49.194997],
						[6.187882, 49.195064],
						[6.188445, 49.195015],
						[6.190312, 49.194518]
					],
					[
						[6.186506, 49.195371],
						[6.186675, 49.195191]
					],
					[
						[6.041198, 49.009059],
						[6.040789, 49.008866],
						[6.040499, 49.008582],
						[6.040149, 49.008505],
						[6.039583, 49.008458],
						[6.039511, 49.008402]
					],
					[
						[6.041237, 49.009591],
						[6.041218, 49.009589]
					],
					[
						[6.041218, 49.009589],
						[6.041215, 49.00946]
					],
					[
						[6.041215, 49.00946],
						[6.041198, 49.009059]
					],
					[
						[4.828637, 46.276432],
						[4.828886, 46.277186],
						[4.829033, 46.277336]
					],
					[
						[4.828998, 46.277344],
						[4.828834, 46.277542]
					],
					[
						[4.829033, 46.277336],
						[4.828998, 46.277344]
					],
					[
						[4.83703, 46.28224],
						[4.837136, 46.282325]
					],
					[
						[4.832145, 46.288249],
						[4.833507, 46.287982],
						[4.83395, 46.287808],
						[4.837724, 46.284492],
						[4.83783, 46.284288],
						[4.837706, 46.284026],
						[4.837449, 46.283025],
						[4.837167, 46.282489],
						[4.837136, 46.282325]
					],
					[
						[4.83231, 46.288528],
						[4.832404, 46.288742],
						[4.833055, 46.289224],
						[4.833549, 46.289439],
						[4.836222, 46.290274],
						[4.836716, 46.290571],
						[4.837071, 46.290914],
						[4.837323, 46.291392],
						[4.837369, 46.292041],
						[4.837203, 46.292484],
						[4.836589, 46.29324]
					],
					[
						[4.832205, 46.288607],
						[4.83231, 46.288528]
					],
					[
						[4.835674, 46.294373],
						[4.835058, 46.295195],
						[4.834712, 46.296155],
						[4.834623, 46.296229]
					],
					[
						[4.836589, 46.29324],
						[4.835674, 46.294373]
					],
					[
						[4.832145, 46.288249],
						[4.83231, 46.288528]
					],
					[
						[4.836499, 46.293207],
						[4.837099, 46.292406],
						[4.837252, 46.291841],
						[4.837151, 46.291295],
						[4.836844, 46.290838],
						[4.836557, 46.290586],
						[4.836129, 46.290338],
						[4.833438, 46.289494],
						[4.83296, 46.289283],
						[4.832272, 46.288873]
					],
					[
						[4.834623, 46.296229],
						[4.834629, 46.296005],
						[4.834925, 46.295205],
						[4.835567, 46.294337]
					],
					[
						[4.835567, 46.294337],
						[4.836499, 46.293207]
					],
					[
						[4.819038, 46.249863],
						[4.818859, 46.249494]
					],
					[
						[4.812894, 46.245458],
						[4.812931, 46.245448]
					],
					[
						[4.816876, 46.248609],
						[4.816685, 46.24825],
						[4.815863, 46.247655],
						[4.815756, 46.24748]
					],
					[
						[4.75275, 45.98525],
						[4.752868, 45.985242],
						[4.753058, 45.98504]
					],
					[
						[4.753058, 45.98504],
						[4.753006, 45.984592],
						[4.752919, 45.98452]
					],
					[
						[4.752734, 45.985293],
						[4.752491, 45.985233]
					],
					[
						[4.751828, 45.985973],
						[4.751878, 45.985956],
						[4.752212, 45.986267]
					],
					[
						[4.751828, 45.985973],
						[4.751913, 45.986108],
						[4.751867, 45.987047],
						[4.752161, 45.987707],
						[4.752148, 45.98814]
					],
					[
						[4.750026, 46.001568],
						[4.750165, 46.000987]
					],
					[
						[4.749938, 46.002391],
						[4.749853, 46.002402],
						[4.749753, 46.002109],
						[4.749771, 46.001945]
					],
					[
						[4.749938, 46.002391],
						[4.750639, 46.003681]
					],
					[
						[4.747635, 46.052358],
						[4.745386, 46.051402],
						[4.743387, 46.050361],
						[4.74267, 46.04974],
						[4.741443, 46.048381],
						[4.740938, 46.047523],
						[4.740828, 46.046892]
					],
					[
						[4.749, 46.027799],
						[4.748997, 46.027751]
					],
					[
						[4.797479, 46.138536],
						[4.797397, 46.138468]
					],
					[
						[4.797397, 46.138468],
						[4.797289, 46.138425]
					],
					[
						[4.750484, 46.010346],
						[4.750621, 46.009828]
					],
					[
						[4.772952, 46.111266],
						[4.772879, 46.111006],
						[4.772899, 46.110706]
					],
					[
						[4.773551, 46.114317],
						[4.773445, 46.114008],
						[4.773174, 46.112226],
						[4.772952, 46.111266]
					],
					[
						[4.793323, 46.16456],
						[4.793443, 46.164504]
					],
					[
						[4.792026, 46.165157],
						[4.792205, 46.16512],
						[4.792526, 46.164952]
					],
					[
						[4.781362, 46.187791],
						[4.781488, 46.187498],
						[4.781561, 46.186912]
					],
					[
						[4.832898, 46.301758],
						[4.832878, 46.301565],
						[4.832795, 46.301453]
					],
					[
						[4.837315, 46.308014],
						[4.837202, 46.307746]
					],
					[
						[4.837673, 46.308945],
						[4.837315, 46.308014]
					],
					[
						[4.838049, 46.309922],
						[4.837999, 46.309799],
						[4.838046, 46.30962],
						[4.837887, 46.309195],
						[4.837673, 46.308945]
					],
					[
						[6.043469, 47.722182],
						[6.043418, 47.722158]
					],
					[
						[6.049512, 47.730029],
						[6.049633, 47.729586],
						[6.049384, 47.72868],
						[6.049152, 47.728322],
						[6.048413, 47.727503],
						[6.047666, 47.726222],
						[6.047073, 47.725535],
						[6.045899, 47.724485],
						[6.04406, 47.722644],
						[6.043469, 47.722182]
					],
					[
						[6.044094, 47.733073],
						[6.044674, 47.732947]
					],
					[
						[6.043363, 47.733171],
						[6.044094, 47.733073]
					],
					[
						[6.041698, 47.733545],
						[6.042718, 47.733273]
					],
					[
						[6.048129, 47.731489],
						[6.048239, 47.731434]
					],
					[
						[6.048239, 47.731434],
						[6.04883, 47.73101]
					],
					[
						[6.045655, 47.73253],
						[6.047398, 47.73176]
					],
					[
						[5.919702, 47.844207],
						[5.919626, 47.844191]
					],
					[
						[5.995401, 47.917316],
						[5.995319, 47.917096]
					],
					[
						[5.996709, 47.919128],
						[5.996043, 47.918289],
						[5.995401, 47.917316]
					],
					[
						[4.783827, 46.172004],
						[4.784859, 46.170275],
						[4.785082, 46.169805],
						[4.785972, 46.168646]
					],
					[
						[6.123194, 48.820511],
						[6.124245, 48.820139],
						[6.125109, 48.81996]
					],
					[
						[6.207867, 48.676928],
						[6.206643, 48.676758],
						[6.206177, 48.676427]
					],
					[
						[6.059365, 48.901954],
						[6.058991, 48.90215]
					],
					[
						[5.00704, 46.907789],
						[5.00568, 46.907263]
					],
					[
						[4.888178, 46.429535],
						[4.888336, 46.429052]
					],
					[
						[4.918445, 46.55419],
						[4.918276, 46.554432]
					],
					[
						[4.881983, 46.814321],
						[4.882121, 46.814324]
					],
					[
						[4.892677, 46.772993],
						[4.892486, 46.773026]
					],
					[
						[4.892986, 46.772933],
						[4.892677, 46.772993]
					],
					[
						[4.823816, 45.767405],
						[4.823188, 45.767385]
					],
					[
						[4.819878, 45.766638],
						[4.818857, 45.766479],
						[4.818127, 45.766485],
						[4.816017, 45.766851],
						[4.815339, 45.767083]
					],
					[
						[4.813256, 45.767991],
						[4.812849, 45.768542],
						[4.812656, 45.769715]
					],
					[
						[4.828811, 45.766341],
						[4.828017, 45.766847]
					],
					[
						[4.911255, 46.565758],
						[4.911361, 46.565529]
					],
					[
						[4.88558, 46.409984],
						[4.885625, 46.409881]
					],
					[
						[4.808594, 45.774858],
						[4.808637, 45.774857],
						[4.80864, 45.775028]
					],
					[
						[4.911892, 46.570016],
						[4.911197, 46.567713]
					],
					[
						[6.204423, 49.369185],
						[6.204371, 49.369128]
					],
					[
						[4.773761, 45.940007],
						[4.773747, 45.939951],
						[4.773105, 45.940019],
						[4.772999, 45.939983],
						[4.772723, 45.940008],
						[4.772628, 45.939952]
					],
					[
						[4.743341, 45.939022],
						[4.744752, 45.939079]
					],
					[
						[4.748624, 45.937807],
						[4.747847, 45.938236],
						[4.74704, 45.93859],
						[4.746331, 45.938832],
						[4.745613, 45.939012],
						[4.745088, 45.939068]
					],
					[
						[4.754409, 45.967542],
						[4.755334, 45.969943],
						[4.755561, 45.970374]
					],
					[
						[4.749979, 46.011622],
						[4.749956, 46.011675]
					],
					[
						[4.749986, 46.011607],
						[4.749979, 46.011622]
					],
					[
						[4.759863, 46.076402],
						[4.759885, 46.076379]
					],
					[
						[4.756424, 46.080136],
						[4.756928, 46.079684]
					],
					[
						[4.757746, 46.07884],
						[4.758939, 46.077622],
						[4.759493, 46.076961],
						[4.759863, 46.076402]
					],
					[
						[4.754662, 46.081782],
						[4.754546, 46.081882]
					],
					[
						[4.75299, 46.085671],
						[4.752951, 46.084836],
						[4.753079, 46.083366],
						[4.753135, 46.083282]
					],
					[
						[4.82179, 45.751723],
						[4.821868, 45.751669]
					],
					[
						[4.82322, 45.751238],
						[4.823403, 45.751256]
					],
					[
						[4.750619, 46.009749],
						[4.7509, 46.008517],
						[4.750693, 46.007399]
					],
					[
						[4.750693, 46.007399],
						[4.750744, 46.00545],
						[4.750672, 46.00377]
					],
					[
						[4.750639, 46.003681],
						[4.750672, 46.00377]
					],
					[
						[6.137669, 48.775954],
						[6.137383, 48.775428],
						[6.13737, 48.775381],
						[6.137416, 48.77538]
					],
					[
						[6.193393, 49.270221],
						[6.193479, 49.270272]
					],
					[
						[6.052882, 49.028911],
						[6.052935, 49.028615]
					],
					[
						[4.748997, 46.027751],
						[4.748503, 46.026976],
						[4.747756, 46.024821],
						[4.747521, 46.024409]
					],
					[
						[6.161986, 49.126596],
						[6.159894, 49.12685]
					],
					[
						[6.15977, 49.126942],
						[6.159844, 49.127174],
						[6.160143, 49.127569],
						[6.160225, 49.127595]
					],
					[
						[6.162187, 49.126603],
						[6.161986, 49.126596]
					],
					[
						[6.159859, 49.126744],
						[6.161953, 49.126476]
					],
					[
						[6.161953, 49.126476],
						[6.162177, 49.126395]
					],
					[
						[6.159672, 49.126709],
						[6.159859, 49.126744]
					],
					[
						[6.16229, 49.126638],
						[6.162187, 49.126603]
					],
					[
						[6.184452, 48.706047],
						[6.185068, 48.705908],
						[6.185466, 48.705916]
					],
					[
						[4.762848, 46.101575],
						[4.762757, 46.101362]
					],
					[
						[6.190155, 49.28075],
						[6.190107, 49.280728]
					],
					[
						[6.190272, 49.280979],
						[6.190155, 49.28075]
					],
					[
						[4.740828, 46.046892],
						[4.740805, 46.046579]
					],
					[
						[4.740805, 46.046579],
						[4.740831, 46.046105]
					],
					[
						[4.740831, 46.046105],
						[4.741208, 46.044975],
						[4.742141, 46.043498],
						[4.742981, 46.042487],
						[4.743584, 46.041885],
						[4.743873, 46.041787]
					],
					[
						[4.743873, 46.041787],
						[4.743928, 46.041762]
					],
					[
						[4.752734, 45.985293],
						[4.75275, 45.98525]
					],
					[
						[5.591652, 47.448784],
						[5.591536, 47.448712]
					],
					[
						[6.171801, 49.352036],
						[6.171387, 49.352091],
						[6.171226, 49.351857]
					],
					[
						[6.171226, 49.351857],
						[6.170976, 49.351561],
						[6.170338, 49.351484],
						[6.170141, 49.351329]
					],
					[
						[4.752919, 45.98452],
						[4.752914, 45.984388]
					],
					[
						[6.438962, 48.216342],
						[6.439022, 48.215944],
						[6.43915, 48.215777],
						[6.440021, 48.213653],
						[6.441853, 48.211141],
						[6.441968, 48.210911],
						[6.44207, 48.210379],
						[6.442129, 48.21033]
					],
					[
						[4.811608, 45.913116],
						[4.81158, 45.912452]
					],
					[
						[6.185105, 49.188128],
						[6.185441, 49.188171],
						[6.186125, 49.187938],
						[6.186522, 49.188007],
						[6.18755, 49.189503],
						[6.188059, 49.189936],
						[6.188841, 49.19035],
						[6.189026, 49.190508],
						[6.188803, 49.190647]
					],
					[
						[6.188803, 49.190647],
						[6.188631, 49.190748]
					],
					[
						[6.162804, 49.126471],
						[6.162361, 49.126581],
						[6.16229, 49.126638]
					],
					[
						[4.828845, 45.761728],
						[4.829207, 45.762402],
						[4.829539, 45.763311]
					],
					[
						[5.150327, 47.015383],
						[5.15058, 47.014318],
						[5.15069, 47.013198]
					],
					[
						[5.148782, 47.01674],
						[5.148696, 47.01678]
					],
					[
						[5.59479, 47.448164],
						[5.594631, 47.448208]
					],
					[
						[5.588074, 47.448799],
						[5.586776, 47.449224]
					],
					[
						[5.588584, 47.448591],
						[5.588481, 47.448629]
					],
					[
						[5.588463, 47.448405],
						[5.588486, 47.448385]
					],
					[
						[6.181253, 49.293528],
						[6.18037, 49.294122],
						[6.17993, 49.294314],
						[6.178836, 49.294969],
						[6.178407, 49.295259],
						[6.178396, 49.295441]
					],
					[
						[6.181253, 49.293528],
						[6.181523, 49.292932],
						[6.181906, 49.292444],
						[6.182206, 49.291884],
						[6.182364, 49.291791],
						[6.182642, 49.291403]
					],
					[
						[6.16379, 49.125842],
						[6.162986, 49.126321]
					],
					[
						[6.164363, 49.124856],
						[6.164306, 49.124928]
					],
					[
						[6.163701, 49.125743],
						[6.163931, 49.125505],
						[6.164306, 49.124928]
					],
					[
						[6.162552, 49.126309],
						[6.162667, 49.126323],
						[6.162875, 49.12625]
					],
					[
						[6.162875, 49.12625],
						[6.163701, 49.125743]
					],
					[
						[6.164433, 49.125084],
						[6.164059, 49.125607],
						[6.16379, 49.125842]
					],
					[
						[6.162986, 49.126321],
						[6.162804, 49.126471]
					],
					[
						[6.164702, 49.125299],
						[6.164422, 49.125092]
					],
					[
						[5.974487, 47.884826],
						[5.974355, 47.884088],
						[5.974037, 47.883629],
						[5.973575, 47.883236],
						[5.972949, 47.882865]
					],
					[
						[5.947599, 47.867206],
						[5.946657, 47.867971]
					],
					[
						[5.994132, 47.900494],
						[5.994049, 47.9005]
					],
					[
						[6.000928, 47.903607],
						[6.001193, 47.903099],
						[6.001244, 47.902469],
						[6.000858, 47.901566],
						[6.000625, 47.90134],
						[6.000282, 47.901168],
						[5.998203, 47.900753],
						[5.997382, 47.900634],
						[5.995579, 47.900499],
						[5.994132, 47.900494]
					],
					[
						[6.000911, 47.903639],
						[6.000928, 47.903607]
					],
					[
						[6.000258, 47.905704],
						[6.000139, 47.905182],
						[6.000167, 47.905013],
						[6.000911, 47.903639]
					],
					[
						[6.000272, 47.905744],
						[6.000258, 47.905704]
					],
					[
						[5.998205, 47.907689],
						[5.999994, 47.906722],
						[6.000265, 47.906328],
						[6.000346, 47.906106],
						[6.000272, 47.905744]
					],
					[
						[5.99815, 47.907727],
						[5.998205, 47.907689]
					],
					[
						[5.995777, 47.909683],
						[5.995962, 47.909228],
						[5.99815, 47.907727]
					],
					[
						[5.947599, 47.867206],
						[5.946986, 47.866662],
						[5.945882, 47.86589],
						[5.945641, 47.865659],
						[5.944603, 47.864333],
						[5.944231, 47.864042],
						[5.943744, 47.863806],
						[5.942787, 47.862927],
						[5.94124, 47.861702],
						[5.939192, 47.860274],
						[5.937672, 47.859554],
						[5.936593, 47.858776],
						[5.935952, 47.858241],
						[5.934632, 47.857315]
					],
					[
						[5.986861, 47.809741],
						[5.987146, 47.809887]
					],
					[
						[5.98676, 47.810983],
						[5.98614, 47.812977]
					],
					[
						[5.987063, 47.810249],
						[5.987088, 47.809966],
						[5.986861, 47.809741]
					],
					[
						[5.98614, 47.812977],
						[5.986036, 47.813278]
					],
					[
						[6.036064, 47.763709],
						[6.036229, 47.763428]
					],
					[
						[4.80938, 45.773781],
						[4.809293, 45.773893]
					],
					[
						[4.808743, 45.773748],
						[4.808972, 45.773654]
					],
					[
						[4.809293, 45.773893],
						[4.80922, 45.774004]
					],
					[
						[4.808304, 45.774836],
						[4.808323, 45.774811]
					],
					[
						[4.808594, 45.774858],
						[4.808304, 45.774836]
					],
					[
						[6.048933, 47.730911],
						[6.049207, 47.730566],
						[6.049512, 47.730029]
					],
					[
						[6.04883, 47.73101],
						[6.048933, 47.730911]
					],
					[
						[6.047398, 47.73176],
						[6.047874, 47.731624]
					],
					[
						[6.044674, 47.732947],
						[6.045071, 47.732739],
						[6.045655, 47.73253]
					],
					[
						[6.047955, 47.731586],
						[6.048129, 47.731489]
					],
					[
						[6.047874, 47.731624],
						[6.047955, 47.731586]
					],
					[
						[6.042718, 47.733273],
						[6.043363, 47.733171]
					],
					[
						[6.025858, 47.758765],
						[6.02614, 47.759081]
					],
					[
						[6.034511, 47.76314],
						[6.035716, 47.76334]
					],
					[
						[6.00391, 47.785993],
						[6.003775, 47.785947]
					],
					[
						[6.004172, 47.786064],
						[6.00391, 47.785993]
					],
					[
						[5.933159, 47.858388],
						[5.934632, 47.857315]
					],
					[
						[5.970485, 47.882312],
						[5.970358, 47.882278]
					],
					[
						[5.972949, 47.882865],
						[5.971682, 47.882657],
						[5.970485, 47.882312]
					],
					[
						[6.036218, 47.686055],
						[6.036243, 47.686268]
					],
					[
						[6.037623, 47.690568],
						[6.03792, 47.691002]
					],
					[
						[4.80864, 45.775028],
						[4.8085, 45.775123]
					],
					[
						[6.202602, 48.675402],
						[6.202624, 48.67543]
					],
					[
						[4.849438, 45.829817],
						[4.850283, 45.829147],
						[4.851156, 45.82834],
						[4.85304, 45.825906]
					],
					[
						[4.85304, 45.825906],
						[4.853833, 45.82467],
						[4.854234, 45.823896],
						[4.854551, 45.823174],
						[4.854704, 45.822649],
						[4.854851, 45.82179],
						[4.854859, 45.82107],
						[4.854812, 45.820593],
						[4.854595, 45.819683],
						[4.854292, 45.819032],
						[4.853819, 45.818409],
						[4.8534, 45.817986],
						[4.852889, 45.817593],
						[4.852337, 45.817254],
						[4.85143, 45.816799],
						[4.849049, 45.815851],
						[4.848963, 45.815868]
					],
					[
						[4.847481, 45.830946],
						[4.848752, 45.83029],
						[4.849438, 45.829817]
					],
					[
						[6.305201, 48.163385],
						[6.309427, 48.155023],
						[6.309925, 48.154403],
						[6.310518, 48.15392],
						[6.311852, 48.153183],
						[6.312296, 48.153029]
					],
					[
						[6.342788, 48.174362],
						[6.341676, 48.174715],
						[6.340754, 48.174884],
						[6.340336, 48.174912],
						[6.338156, 48.174816],
						[6.33688, 48.174507],
						[6.336373, 48.174447],
						[6.335688, 48.1745],
						[6.33477, 48.17479]
					],
					[
						[6.312296, 48.153029],
						[6.315495, 48.151499]
					],
					[
						[6.174556, 49.353076],
						[6.174555, 49.353044]
					],
					[
						[4.809537, 45.773388],
						[4.80981, 45.773431]
					],
					[
						[4.809457, 45.773435],
						[4.809537, 45.773388]
					],
					[
						[4.812656, 45.769715],
						[4.812607, 45.769893]
					],
					[
						[4.80981, 45.773431],
						[4.80966, 45.773497]
					],
					[
						[5.146986, 46.992068],
						[5.145263, 46.989822]
					],
					[
						[6.001631, 47.785689],
						[6.001656, 47.7856]
					],
					[
						[5.692066, 47.530589],
						[5.692244, 47.53071]
					],
					[
						[5.688408, 47.531201],
						[5.68884, 47.530963],
						[5.690395, 47.530346],
						[5.690926, 47.529792]
					],
					[
						[5.669641, 47.487255],
						[5.668075, 47.489374],
						[5.667817, 47.489635],
						[5.666179, 47.490454],
						[5.665689, 47.490655],
						[5.663224, 47.491461],
						[5.661384, 47.492468],
						[5.660027, 47.493455]
					],
					[
						[4.82522, 45.795263],
						[4.825686, 45.795501]
					],
					[
						[4.825686, 45.795501],
						[4.828489, 45.79694],
						[4.829987, 45.797731],
						[4.829994, 45.797771]
					],
					[
						[4.825686, 45.795501],
						[4.82522, 45.795263]
					],
					[
						[4.950472, 46.718694],
						[4.948277, 46.717307]
					],
					[
						[4.957251, 46.726787],
						[4.956478, 46.726399]
					],
					[
						[4.958275, 46.727267],
						[4.957251, 46.726787]
					],
					[
						[5.032856, 46.895179],
						[5.032024, 46.895308]
					],
					[
						[5.033586, 46.895164],
						[5.033302, 46.89514],
						[5.032856, 46.895179]
					],
					[
						[6.141576, 48.789485],
						[6.142107, 48.789688]
					],
					[
						[5.439623, 47.356986],
						[5.440355, 47.357454]
					],
					[
						[5.14945, 47.03909],
						[5.14951, 47.038746]
					],
					[
						[5.448972, 47.232345],
						[5.448934, 47.232222],
						[5.447752, 47.231294]
					],
					[
						[5.44855, 47.232644],
						[5.448839, 47.232508],
						[5.448972, 47.232345]
					],
					[
						[5.169709, 47.061394],
						[5.170077, 47.061426]
					],
					[
						[5.187974, 47.052996],
						[5.186688, 47.05417]
					],
					[
						[6.207867, 48.676928],
						[6.207918, 48.676937]
					],
					[
						[4.846285, 45.814785],
						[4.845871, 45.814554],
						[4.843562, 45.812638],
						[4.842873, 45.811891],
						[4.842594, 45.811482],
						[4.84219, 45.810631],
						[4.842066, 45.810191],
						[4.841889, 45.807924],
						[4.841678, 45.807036],
						[4.841323, 45.806147],
						[4.840553, 45.80474],
						[4.840486, 45.804728]
					],
					[
						[6.1498, 49.121192],
						[6.149787, 49.121265]
					],
					[
						[6.159533, 49.125475],
						[6.159517, 49.125373]
					],
					[
						[6.159505, 49.125479],
						[6.159533, 49.125475]
					],
					[
						[6.159894, 49.12685],
						[6.15977, 49.126942]
					],
					[
						[6.164335, 49.12489],
						[6.164394, 49.124964]
					],
					[
						[6.164702, 49.125299],
						[6.164747, 49.125268]
					],
					[
						[6.148358, 49.119636],
						[6.147808, 49.119445],
						[6.147276, 49.11932]
					],
					[
						[6.164422, 49.125092],
						[6.164251, 49.125033]
					],
					[
						[6.266178, 48.527228],
						[6.267855, 48.524147],
						[6.26819, 48.523706]
					],
					[
						[6.26615, 48.527279],
						[6.266178, 48.527228]
					],
					[
						[5.921922, 47.841554],
						[5.924171, 47.842129],
						[5.924328, 47.84221]
					],
					[
						[6.000182, 47.787802],
						[5.9973, 47.789154]
					],
					[
						[5.695542, 47.532637],
						[5.695719, 47.532838]
					],
					[
						[5.987063, 47.810249],
						[5.98676, 47.810983]
					],
					[
						[5.963271, 47.657503],
						[5.963124, 47.657815],
						[5.963095, 47.658283]
					],
					[
						[5.964345, 47.661387],
						[5.96405, 47.662211]
					],
					[
						[5.577564, 47.448863],
						[5.576018, 47.448423]
					],
					[
						[5.576018, 47.448423],
						[5.573845, 47.447788]
					],
					[
						[5.828554, 47.584827],
						[5.828136, 47.585614]
					],
					[
						[6.034815, 47.765841],
						[6.036064, 47.763709]
					],
					[
						[6.034385, 47.766575],
						[6.034815, 47.765841]
					],
					[
						[6.015959, 47.783026],
						[6.016125, 47.782603]
					],
					[
						[6.015546, 47.783729],
						[6.015894, 47.783161]
					],
					[
						[5.98087, 47.659838],
						[5.982611, 47.658845]
					],
					[
						[6.187391, 48.705618],
						[6.188607, 48.705328]
					],
					[
						[6.188607, 48.705328],
						[6.188983, 48.705221]
					],
					[
						[6.189888, 48.704796],
						[6.190276, 48.704565]
					],
					[
						[4.836386, 45.879351],
						[4.836206, 45.879365]
					],
					[
						[4.838166, 45.877208],
						[4.838008, 45.877761],
						[4.836754, 45.879083],
						[4.836386, 45.879351]
					],
					[
						[4.836206, 45.879365],
						[4.836386, 45.879351]
					]
				]
			}
		}
	]
}
